
================================================================
[2026-06-12 07:22:06] FlowCast NFE Pareto sweep
================================================================
[2026-06-12 07:22:06] [nfe_sweep] skipping conda activation (in 'base' / SKIP_CONDA=1)
[2026-06-12 07:22:06] [nfe_sweep] python : /home3/davidlcs/Econ-Rag/Local_LLM/test_meeting/Stormcast-Distilation/stormcast_env/bin/python
[2026-06-12 07:22:06] [nfe_sweep] version: Python 3.10.12
[2026-06-12 07:22:06] [nfe_sweep] host   : gpu03  user=davidlcs  pid=2958459

================================================================
[2026-06-12 07:22:06] Configuration
================================================================
[2026-06-12 07:22:06] [nfe_sweep] REPO_ROOT   = /home3/davidlcs/Econ-Rag/Local_LLM/test_meeting/Stormcast-Distilation
[2026-06-12 07:22:06] [nfe_sweep] METHODS     = flowcast meanflow
[2026-06-12 07:22:06] [nfe_sweep] NFES        = 1 2 3 4 5 6 8 10 12 16 20 25 32 40 50
[2026-06-12 07:22:06] [nfe_sweep] N_SEQUENCES = 12    N_STEPS = 1    ENSEMBLE = 4
[2026-06-12 07:22:06] [nfe_sweep] SOLVER      = euler    SEED = 0
[2026-06-12 07:22:06] [nfe_sweep] DATA        = /home3/davidlcs/Econ-Rag/Local_LLM/test_meeting/Stormcast-Distilation/exp_3_train_2_5_yrs_val_1yr_tp1/zarr_exp3_L_24_H_24_train_2_5_years_full_cleaned_4_27_2026
[2026-06-12 07:22:07] [nfe_sweep] REG         = /home3/davidlcs/Econ-Rag/Local_LLM/test_meeting/Stormcast-Distilation/runs/regression_zettabyte_v1_cleaned_4_27_2026/regression_zettabyte_cleaned_4_27_2026/run_0/checkpoints_regression/StormCastUNet.0.8000.mdlus
[2026-06-12 07:22:07] [nfe_sweep] FLOW        = /home3/davidlcs/Econ-Rag/Local_LLM/test_meeting/Stormcast-Distilation/runs/flowcast_zettabyte_v1_cleaned_4_27_2026/flowcast_zettabyte_cleaned_4_27_2026/run_0/checkpoints_flowcast/FlowCastPrecond.0.20000.mdlus
[2026-06-12 07:22:07] [nfe_sweep] MEANFLOW    = /home3/davidlcs/Econ-Rag/Local_LLM/test_meeting/Stormcast-Distilation/runs/meanflow_zettabyte_v1_cleaned_4_27_2026/meanflow_zettabyte_cleaned_4_27_2026/run_0/checkpoints_meanflow/MeanFlowPrecond.0.20000.mdlus

================================================================
[2026-06-12 07:22:07] Pre-flight
================================================================
[2026-06-12 07:22:07] [nfe_sweep]   OK     DATA=/home3/davidlcs/Econ-Rag/Local_LLM/test_meeting/Stormcast-Distilation/exp_3_train_2_5_yrs_val_1yr_tp1/zarr_exp3_L_24_H_24_train_2_5_years_full_cleaned_4_27_2026
[2026-06-12 07:22:07] [nfe_sweep]   OK     REG=/home3/davidlcs/Econ-Rag/Local_LLM/test_meeting/Stormcast-Distilation/runs/regression_zettabyte_v1_cleaned_4_27_2026/regression_zettabyte_cleaned_4_27_2026/run_0/checkpoints_regression/StormCastUNet.0.8000.mdlus
[2026-06-12 07:22:07] [nfe_sweep]   OK     FLOW=/home3/davidlcs/Econ-Rag/Local_LLM/test_meeting/Stormcast-Distilation/runs/flowcast_zettabyte_v1_cleaned_4_27_2026/flowcast_zettabyte_cleaned_4_27_2026/run_0/checkpoints_flowcast/FlowCastPrecond.0.20000.mdlus
[2026-06-12 07:22:07] [nfe_sweep]   OK     MEANFLOW=/home3/davidlcs/Econ-Rag/Local_LLM/test_meeting/Stormcast-Distilation/runs/meanflow_zettabyte_v1_cleaned_4_27_2026/meanflow_zettabyte_cleaned_4_27_2026/run_0/checkpoints_meanflow/MeanFlowPrecond.0.20000.mdlus

================================================================
[2026-06-12 07:22:07] Running flowcast sweep across NFEs: 1 2 3 4 5 6 8 10 12 16 20 25 32 40 50
================================================================
[2026-06-12 07:22:07] [nfe_sweep] log -> /home3/davidlcs/Econ-Rag/Local_LLM/test_meeting/Stormcast-Distilation/experiment_scripts/results/flowcast_nfe_sweep/run.log
/home3/davidlcs/Econ-Rag/Local_LLM/test_meeting/Stormcast-Distilation/physicsnemo/distributed/manager.py:415: UserWarning: Could not initialize using ENV, SLURM or OPENMPI methods. Assuming this is a single process job
  warn(

================================================================
[2026-06-12 07:22:14] FlowCast NFE Pareto sweep
================================================================
[2026-06-12 07:22:14] [nfe_sweep] device     = cuda:0
[2026-06-12 07:22:14] [nfe_sweep] method     = flowcast
[2026-06-12 07:22:14] [nfe_sweep] data       = /home3/davidlcs/Econ-Rag/Local_LLM/test_meeting/Stormcast-Distilation/exp_3_train_2_5_yrs_val_1yr_tp1/zarr_exp3_L_24_H_24_train_2_5_years_full_cleaned_4_27_2026
[2026-06-12 07:22:14] [nfe_sweep] regression = /home3/davidlcs/Econ-Rag/Local_LLM/test_meeting/Stormcast-Distilation/runs/regression_zettabyte_v1_cleaned_4_27_2026/regression_zettabyte_cleaned_4_27_2026/run_0/checkpoints_regression/StormCastUNet.0.8000.mdlus
[2026-06-12 07:22:14] [nfe_sweep] flowcast   = /home3/davidlcs/Econ-Rag/Local_LLM/test_meeting/Stormcast-Distilation/runs/flowcast_zettabyte_v1_cleaned_4_27_2026/flowcast_zettabyte_cleaned_4_27_2026/run_0/checkpoints_flowcast/FlowCastPrecond.0.20000.mdlus
[2026-06-12 07:22:14] [nfe_sweep] NFE list   = [1, 2, 3, 4, 5, 6, 8, 10, 12, 16, 20, 25, 32, 40, 50]  (15 values)
[2026-06-12 07:22:14] [nfe_sweep] solver     = euler  sigma_data = 0.5
[2026-06-12 07:22:14] [nfe_sweep] S=12 sequences x T=1 steps x K=4 members
[2026-06-12 07:22:14] [nfe_sweep] output     = /home3/davidlcs/Econ-Rag/Local_LLM/test_meeting/Stormcast-Distilation/experiment_scripts/results/flowcast_nfe_sweep
[2026-06-12 07:22:14] [nfe_sweep] loading dataset ...
[2026-06-12 07:22:16] [nfe_sweep] dataset    : usable pairs = 8759  channels = ['u10', 'v10', 't2m', 'qpepre']
[2026-06-12 07:22:16] [nfe_sweep] sequences  : 12 t0 indices (0 ... 8757)
[2026-06-12 07:22:16] [nfe_sweep] loading regression /home3/davidlcs/Econ-Rag/Local_LLM/test_meeting/Stormcast-Distilation/runs/regression_zettabyte_v1_cleaned_4_27_2026/regression_zettabyte_cleaned_4_27_2026/run_0/checkpoints_regression/StormCastUNet.0.8000.mdlus
[2026-06-12 07:22:18] [nfe_sweep] loading flowcast   /home3/davidlcs/Econ-Rag/Local_LLM/test_meeting/Stormcast-Distilation/runs/flowcast_zettabyte_v1_cleaned_4_27_2026/flowcast_zettabyte_cleaned_4_27_2026/run_0/checkpoints_flowcast/FlowCastPrecond.0.20000.mdlus

================================================================
[2026-06-12 07:22:19] NFE = 1   (1/15)
================================================================
[run] flowcast ensemble starting: K=4 x S=12 x T=1 = 48 sequence-rollouts
[run] flowcast  k=1/4 seq=1/12 (1/48)  t0=0      rollout=  0.9s  avg= 0.9s/seq  elapsed=  0.0m  eta=  0.7m
[run] flowcast  k=1/4 seq=2/12 (2/48)  t0=796    rollout=  0.7s  avg= 0.8s/seq  elapsed=  0.0m  eta=  0.6m
[run] flowcast  k=1/4 seq=3/12 (3/48)  t0=1592   rollout=  0.7s  avg= 0.8s/seq  elapsed=  0.0m  eta=  0.6m
[run] flowcast  k=1/4 seq=4/12 (4/48)  t0=2388   rollout=  0.7s  avg= 0.8s/seq  elapsed=  0.1m  eta=  0.6m
[run] flowcast  k=1/4 seq=5/12 (5/48)  t0=3184   rollout=  0.9s  avg= 0.8s/seq  elapsed=  0.1m  eta=  0.6m
[run] flowcast  k=1/4 seq=6/12 (6/48)  t0=3980   rollout=  0.8s  avg= 0.8s/seq  elapsed=  0.1m  eta=  0.5m
[run] flowcast  k=1/4 seq=7/12 (7/48)  t0=4776   rollout=  0.9s  avg= 0.8s/seq  elapsed=  0.1m  eta=  0.5m
[run] flowcast  k=1/4 seq=8/12 (8/48)  t0=5572   rollout=  0.7s  avg= 0.8s/seq  elapsed=  0.1m  eta=  0.5m
[run] flowcast  k=1/4 seq=9/12 (9/48)  t0=6368   rollout=  0.7s  avg= 0.8s/seq  elapsed=  0.1m  eta=  0.5m
[run] flowcast  k=1/4 seq=10/12 (10/48)  t0=7164   rollout=  0.7s  avg= 0.8s/seq  elapsed=  0.1m  eta=  0.5m
[run] flowcast  k=1/4 seq=11/12 (11/48)  t0=7960   rollout=  0.7s  avg= 0.8s/seq  elapsed=  0.1m  eta=  0.5m
[run] flowcast  k=1/4 seq=12/12 (12/48)  t0=8757   rollout=  0.4s  avg= 0.7s/seq  elapsed=  0.1m  eta=  0.4m
[run] flowcast  k=2/4 seq=1/12 (13/48)  t0=0      rollout=  0.2s  avg= 0.7s/seq  elapsed=  0.1m  eta=  0.4m
[run] flowcast  k=2/4 seq=2/12 (14/48)  t0=796    rollout=  0.2s  avg= 0.7s/seq  elapsed=  0.2m  eta=  0.4m
[run] flowcast  k=2/4 seq=3/12 (15/48)  t0=1592   rollout=  0.2s  avg= 0.6s/seq  elapsed=  0.2m  eta=  0.3m
[run] flowcast  k=2/4 seq=4/12 (16/48)  t0=2388   rollout=  0.2s  avg= 0.6s/seq  elapsed=  0.2m  eta=  0.3m
[run] flowcast  k=2/4 seq=5/12 (17/48)  t0=3184   rollout=  0.2s  avg= 0.6s/seq  elapsed=  0.2m  eta=  0.3m
[run] flowcast  k=2/4 seq=6/12 (18/48)  t0=3980   rollout=  0.2s  avg= 0.5s/seq  elapsed=  0.2m  eta=  0.3m
[run] flowcast  k=2/4 seq=7/12 (19/48)  t0=4776   rollout=  0.2s  avg= 0.5s/seq  elapsed=  0.2m  eta=  0.3m
[run] flowcast  k=2/4 seq=8/12 (20/48)  t0=5572   rollout=  0.2s  avg= 0.5s/seq  elapsed=  0.2m  eta=  0.2m
[run] flowcast  k=2/4 seq=9/12 (21/48)  t0=6368   rollout=  0.2s  avg= 0.5s/seq  elapsed=  0.2m  eta=  0.2m
[run] flowcast  k=2/4 seq=10/12 (22/48)  t0=7164   rollout=  0.2s  avg= 0.5s/seq  elapsed=  0.2m  eta=  0.2m
[run] flowcast  k=2/4 seq=11/12 (23/48)  t0=7960   rollout=  0.2s  avg= 0.5s/seq  elapsed=  0.2m  eta=  0.2m
[run] flowcast  k=2/4 seq=12/12 (24/48)  t0=8757   rollout=  0.2s  avg= 0.5s/seq  elapsed=  0.2m  eta=  0.2m
[run] flowcast  k=3/4 seq=1/12 (25/48)  t0=0      rollout=  0.2s  avg= 0.4s/seq  elapsed=  0.2m  eta=  0.2m
[run] flowcast  k=3/4 seq=2/12 (26/48)  t0=796    rollout=  0.2s  avg= 0.4s/seq  elapsed=  0.2m  eta=  0.2m
[run] flowcast  k=3/4 seq=3/12 (27/48)  t0=1592   rollout=  0.2s  avg= 0.4s/seq  elapsed=  0.2m  eta=  0.1m
[run] flowcast  k=3/4 seq=4/12 (28/48)  t0=2388   rollout=  0.2s  avg= 0.4s/seq  elapsed=  0.2m  eta=  0.1m
[run] flowcast  k=3/4 seq=5/12 (29/48)  t0=3184   rollout=  0.2s  avg= 0.4s/seq  elapsed=  0.2m  eta=  0.1m
[run] flowcast  k=3/4 seq=6/12 (30/48)  t0=3980   rollout=  0.2s  avg= 0.4s/seq  elapsed=  0.2m  eta=  0.1m
[run] flowcast  k=3/4 seq=7/12 (31/48)  t0=4776   rollout=  0.2s  avg= 0.4s/seq  elapsed=  0.2m  eta=  0.1m
[run] flowcast  k=3/4 seq=8/12 (32/48)  t0=5572   rollout=  0.2s  avg= 0.4s/seq  elapsed=  0.2m  eta=  0.1m
[run] flowcast  k=3/4 seq=9/12 (33/48)  t0=6368   rollout=  0.2s  avg= 0.4s/seq  elapsed=  0.2m  eta=  0.1m
[run] flowcast  k=3/4 seq=10/12 (34/48)  t0=7164   rollout=  0.2s  avg= 0.4s/seq  elapsed=  0.2m  eta=  0.1m
[run] flowcast  k=3/4 seq=11/12 (35/48)  t0=7960   rollout=  0.2s  avg= 0.4s/seq  elapsed=  0.2m  eta=  0.1m
[run] flowcast  k=3/4 seq=12/12 (36/48)  t0=8757   rollout=  0.1s  avg= 0.4s/seq  elapsed=  0.2m  eta=  0.1m
[run] flowcast  k=4/4 seq=1/12 (37/48)  t0=0      rollout=  0.2s  avg= 0.3s/seq  elapsed=  0.2m  eta=  0.1m
[run] flowcast  k=4/4 seq=2/12 (38/48)  t0=796    rollout=  0.2s  avg= 0.3s/seq  elapsed=  0.2m  eta=  0.1m
[run] flowcast  k=4/4 seq=3/12 (39/48)  t0=1592   rollout=  0.2s  avg= 0.3s/seq  elapsed=  0.2m  eta=  0.1m
[run] flowcast  k=4/4 seq=4/12 (40/48)  t0=2388   rollout=  0.2s  avg= 0.3s/seq  elapsed=  0.2m  eta=  0.0m
[run] flowcast  k=4/4 seq=5/12 (41/48)  t0=3184   rollout=  0.1s  avg= 0.3s/seq  elapsed=  0.2m  eta=  0.0m
[run] flowcast  k=4/4 seq=6/12 (42/48)  t0=3980   rollout=  0.1s  avg= 0.3s/seq  elapsed=  0.2m  eta=  0.0m
[run] flowcast  k=4/4 seq=7/12 (43/48)  t0=4776   rollout=  0.1s  avg= 0.3s/seq  elapsed=  0.2m  eta=  0.0m
[run] flowcast  k=4/4 seq=8/12 (44/48)  t0=5572   rollout=  0.1s  avg= 0.3s/seq  elapsed=  0.2m  eta=  0.0m
[run] flowcast  k=4/4 seq=9/12 (45/48)  t0=6368   rollout=  0.2s  avg= 0.3s/seq  elapsed=  0.2m  eta=  0.0m
[run] flowcast  k=4/4 seq=10/12 (46/48)  t0=7164   rollout=  0.1s  avg= 0.3s/seq  elapsed=  0.2m  eta=  0.0m
[run] flowcast  k=4/4 seq=11/12 (47/48)  t0=7960   rollout=  0.1s  avg= 0.3s/seq  elapsed=  0.2m  eta=  0.0m
[run] flowcast  k=4/4 seq=12/12 (48/48)  t0=8757   rollout=  0.1s  avg= 0.3s/seq  elapsed=  0.2m  eta=  0.0m
[run] flowcast ensemble finished in 0.2m
[2026-06-12 07:22:34] [nfe_sweep] NFE=  1  t/seq= 0.73s  CRPS-qpepre=0.1583  CSI-M=0.2508  RMSE-qpepre=0.5635  NFE-elapsed=0.2m
| method | Time/Seq.(s) | CRPS↓ | CSI-M↑ | CSI-P16↑ | FSS-P16-M↑ | HSS-M↑ | FAR-M↓ | RMSE_u10↓ | RMSE_v10↓ | RMSE_t2m↓ | RMSE_qpepre↓ |
|---|---|---|---|---|---|---|---|---|---|---|---|
| flowcast | 0.731 | 0.3805 | 0.2508 | 0.0476 | 0.0775 | 0.3330 | 0.1179 | 0.8512 | 0.8542 | 0.4207 | 0.5635 |

================================================================
[2026-06-12 07:22:34] NFE = 2   (2/15)
================================================================
[run] flowcast ensemble starting: K=4 x S=12 x T=1 = 48 sequence-rollouts
[run] flowcast  k=1/4 seq=1/12 (1/48)  t0=0      rollout=  0.2s  avg= 0.2s/seq  elapsed=  0.0m  eta=  0.2m
[run] flowcast  k=1/4 seq=2/12 (2/48)  t0=796    rollout=  0.2s  avg= 0.2s/seq  elapsed=  0.0m  eta=  0.2m
[run] flowcast  k=1/4 seq=3/12 (3/48)  t0=1592   rollout=  0.2s  avg= 0.2s/seq  elapsed=  0.0m  eta=  0.1m
[run] flowcast  k=1/4 seq=4/12 (4/48)  t0=2388   rollout=  0.2s  avg= 0.2s/seq  elapsed=  0.0m  eta=  0.1m
[run] flowcast  k=1/4 seq=5/12 (5/48)  t0=3184   rollout=  0.2s  avg= 0.2s/seq  elapsed=  0.0m  eta=  0.1m
[run] flowcast  k=1/4 seq=6/12 (6/48)  t0=3980   rollout=  0.4s  avg= 0.2s/seq  elapsed=  0.0m  eta=  0.2m
[run] flowcast  k=1/4 seq=7/12 (7/48)  t0=4776   rollout=  0.2s  avg= 0.2s/seq  elapsed=  0.0m  eta=  0.1m
[run] flowcast  k=1/4 seq=8/12 (8/48)  t0=5572   rollout=  0.2s  avg= 0.2s/seq  elapsed=  0.0m  eta=  0.1m
[run] flowcast  k=1/4 seq=9/12 (9/48)  t0=6368   rollout=  0.2s  avg= 0.2s/seq  elapsed=  0.0m  eta=  0.1m
[run] flowcast  k=1/4 seq=10/12 (10/48)  t0=7164   rollout=  0.2s  avg= 0.2s/seq  elapsed=  0.0m  eta=  0.1m
[run] flowcast  k=1/4 seq=11/12 (11/48)  t0=7960   rollout=  0.2s  avg= 0.2s/seq  elapsed=  0.0m  eta=  0.1m
[run] flowcast  k=1/4 seq=12/12 (12/48)  t0=8757   rollout=  0.2s  avg= 0.2s/seq  elapsed=  0.0m  eta=  0.1m
[run] flowcast  k=2/4 seq=1/12 (13/48)  t0=0      rollout=  0.2s  avg= 0.2s/seq  elapsed=  0.0m  eta=  0.1m
[run] flowcast  k=2/4 seq=2/12 (14/48)  t0=796    rollout=  0.2s  avg= 0.2s/seq  elapsed=  0.0m  eta=  0.1m
[run] flowcast  k=2/4 seq=3/12 (15/48)  t0=1592   rollout=  0.2s  avg= 0.2s/seq  elapsed=  0.1m  eta=  0.1m
[run] flowcast  k=2/4 seq=4/12 (16/48)  t0=2388   rollout=  0.2s  avg= 0.2s/seq  elapsed=  0.1m  eta=  0.1m
[run] flowcast  k=2/4 seq=5/12 (17/48)  t0=3184   rollout=  0.2s  avg= 0.2s/seq  elapsed=  0.1m  eta=  0.1m
[run] flowcast  k=2/4 seq=6/12 (18/48)  t0=3980   rollout=  0.2s  avg= 0.2s/seq  elapsed=  0.1m  eta=  0.1m
[run] flowcast  k=2/4 seq=7/12 (19/48)  t0=4776   rollout=  0.2s  avg= 0.2s/seq  elapsed=  0.1m  eta=  0.1m
[run] flowcast  k=2/4 seq=8/12 (20/48)  t0=5572   rollout=  0.2s  avg= 0.2s/seq  elapsed=  0.1m  eta=  0.1m
[run] flowcast  k=2/4 seq=9/12 (21/48)  t0=6368   rollout=  0.2s  avg= 0.2s/seq  elapsed=  0.1m  eta=  0.1m
[run] flowcast  k=2/4 seq=10/12 (22/48)  t0=7164   rollout=  0.2s  avg= 0.2s/seq  elapsed=  0.1m  eta=  0.1m
[run] flowcast  k=2/4 seq=11/12 (23/48)  t0=7960   rollout=  0.2s  avg= 0.2s/seq  elapsed=  0.1m  eta=  0.1m
[run] flowcast  k=2/4 seq=12/12 (24/48)  t0=8757   rollout=  0.2s  avg= 0.2s/seq  elapsed=  0.1m  eta=  0.1m
[run] flowcast  k=3/4 seq=1/12 (25/48)  t0=0      rollout=  0.2s  avg= 0.2s/seq  elapsed=  0.1m  eta=  0.1m
[run] flowcast  k=3/4 seq=2/12 (26/48)  t0=796    rollout=  0.2s  avg= 0.2s/seq  elapsed=  0.1m  eta=  0.1m
[run] flowcast  k=3/4 seq=3/12 (27/48)  t0=1592   rollout=  0.2s  avg= 0.2s/seq  elapsed=  0.1m  eta=  0.1m
[run] flowcast  k=3/4 seq=4/12 (28/48)  t0=2388   rollout=  0.2s  avg= 0.2s/seq  elapsed=  0.1m  eta=  0.1m
[run] flowcast  k=3/4 seq=5/12 (29/48)  t0=3184   rollout=  0.2s  avg= 0.2s/seq  elapsed=  0.1m  eta=  0.1m
[run] flowcast  k=3/4 seq=6/12 (30/48)  t0=3980   rollout=  0.2s  avg= 0.2s/seq  elapsed=  0.1m  eta=  0.1m
[run] flowcast  k=3/4 seq=7/12 (31/48)  t0=4776   rollout=  0.2s  avg= 0.2s/seq  elapsed=  0.1m  eta=  0.1m
[run] flowcast  k=3/4 seq=8/12 (32/48)  t0=5572   rollout=  0.2s  avg= 0.2s/seq  elapsed=  0.1m  eta=  0.1m
[run] flowcast  k=3/4 seq=9/12 (33/48)  t0=6368   rollout=  0.2s  avg= 0.2s/seq  elapsed=  0.1m  eta=  0.0m
[run] flowcast  k=3/4 seq=10/12 (34/48)  t0=7164   rollout=  0.2s  avg= 0.2s/seq  elapsed=  0.1m  eta=  0.0m
[run] flowcast  k=3/4 seq=11/12 (35/48)  t0=7960   rollout=  0.2s  avg= 0.2s/seq  elapsed=  0.1m  eta=  0.0m
[run] flowcast  k=3/4 seq=12/12 (36/48)  t0=8757   rollout=  0.2s  avg= 0.2s/seq  elapsed=  0.1m  eta=  0.0m
[run] flowcast  k=4/4 seq=1/12 (37/48)  t0=0      rollout=  0.2s  avg= 0.2s/seq  elapsed=  0.1m  eta=  0.0m
[run] flowcast  k=4/4 seq=2/12 (38/48)  t0=796    rollout=  0.2s  avg= 0.2s/seq  elapsed=  0.1m  eta=  0.0m
[run] flowcast  k=4/4 seq=3/12 (39/48)  t0=1592   rollout=  0.2s  avg= 0.2s/seq  elapsed=  0.1m  eta=  0.0m
[run] flowcast  k=4/4 seq=4/12 (40/48)  t0=2388   rollout=  0.2s  avg= 0.2s/seq  elapsed=  0.1m  eta=  0.0m
[run] flowcast  k=4/4 seq=5/12 (41/48)  t0=3184   rollout=  0.2s  avg= 0.2s/seq  elapsed=  0.1m  eta=  0.0m
[run] flowcast  k=4/4 seq=6/12 (42/48)  t0=3980   rollout=  0.2s  avg= 0.2s/seq  elapsed=  0.1m  eta=  0.0m
[run] flowcast  k=4/4 seq=7/12 (43/48)  t0=4776   rollout=  0.2s  avg= 0.2s/seq  elapsed=  0.1m  eta=  0.0m
[run] flowcast  k=4/4 seq=8/12 (44/48)  t0=5572   rollout=  0.2s  avg= 0.2s/seq  elapsed=  0.1m  eta=  0.0m
[run] flowcast  k=4/4 seq=9/12 (45/48)  t0=6368   rollout=  0.2s  avg= 0.2s/seq  elapsed=  0.1m  eta=  0.0m
[run] flowcast  k=4/4 seq=10/12 (46/48)  t0=7164   rollout=  0.2s  avg= 0.2s/seq  elapsed=  0.1m  eta=  0.0m
[run] flowcast  k=4/4 seq=11/12 (47/48)  t0=7960   rollout=  0.2s  avg= 0.2s/seq  elapsed=  0.2m  eta=  0.0m
[run] flowcast  k=4/4 seq=12/12 (48/48)  t0=8757   rollout=  0.2s  avg= 0.2s/seq  elapsed=  0.2m  eta=  0.0m
[run] flowcast ensemble finished in 0.2m
[2026-06-12 07:22:43] [nfe_sweep] NFE=  2  t/seq= 0.21s  CRPS-qpepre=0.1479  CSI-M=0.2499  RMSE-qpepre=0.5642  NFE-elapsed=0.2m
| method | Time/Seq.(s) | CRPS↓ | CSI-M↑ | CSI-P16↑ | FSS-P16-M↑ | HSS-M↑ | FAR-M↓ | RMSE_u10↓ | RMSE_v10↓ | RMSE_t2m↓ | RMSE_qpepre↓ |
|---|---|---|---|---|---|---|---|---|---|---|---|
| flowcast | 0.207 | 0.3496 | 0.2499 | 0.0476 | 0.0775 | 0.3313 | 0.1123 | 0.8508 | 0.8579 | 0.4183 | 0.5642 |

================================================================
[2026-06-12 07:22:43] NFE = 3   (3/15)
================================================================
[run] flowcast ensemble starting: K=4 x S=12 x T=1 = 48 sequence-rollouts
[run] flowcast  k=1/4 seq=1/12 (1/48)  t0=0      rollout=  0.2s  avg= 0.2s/seq  elapsed=  0.0m  eta=  0.2m
[run] flowcast  k=1/4 seq=2/12 (2/48)  t0=796    rollout=  0.2s  avg= 0.2s/seq  elapsed=  0.0m  eta=  0.2m
[run] flowcast  k=1/4 seq=3/12 (3/48)  t0=1592   rollout=  0.2s  avg= 0.2s/seq  elapsed=  0.0m  eta=  0.2m
[run] flowcast  k=1/4 seq=4/12 (4/48)  t0=2388   rollout=  0.2s  avg= 0.2s/seq  elapsed=  0.0m  eta=  0.2m
[run] flowcast  k=1/4 seq=5/12 (5/48)  t0=3184   rollout=  0.2s  avg= 0.2s/seq  elapsed=  0.0m  eta=  0.2m
[run] flowcast  k=1/4 seq=6/12 (6/48)  t0=3980   rollout=  0.2s  avg= 0.2s/seq  elapsed=  0.0m  eta=  0.2m
[run] flowcast  k=1/4 seq=7/12 (7/48)  t0=4776   rollout=  0.2s  avg= 0.2s/seq  elapsed=  0.0m  eta=  0.2m
[run] flowcast  k=1/4 seq=8/12 (8/48)  t0=5572   rollout=  0.2s  avg= 0.2s/seq  elapsed=  0.0m  eta=  0.2m
[run] flowcast  k=1/4 seq=9/12 (9/48)  t0=6368   rollout=  0.2s  avg= 0.2s/seq  elapsed=  0.0m  eta=  0.2m
[run] flowcast  k=1/4 seq=10/12 (10/48)  t0=7164   rollout=  0.2s  avg= 0.2s/seq  elapsed=  0.0m  eta=  0.2m
[run] flowcast  k=1/4 seq=11/12 (11/48)  t0=7960   rollout=  0.2s  avg= 0.2s/seq  elapsed=  0.0m  eta=  0.1m
[run] flowcast  k=1/4 seq=12/12 (12/48)  t0=8757   rollout=  0.2s  avg= 0.2s/seq  elapsed=  0.0m  eta=  0.1m
[run] flowcast  k=2/4 seq=1/12 (13/48)  t0=0      rollout=  0.2s  avg= 0.2s/seq  elapsed=  0.1m  eta=  0.1m
[run] flowcast  k=2/4 seq=2/12 (14/48)  t0=796    rollout=  0.2s  avg= 0.2s/seq  elapsed=  0.1m  eta=  0.1m
[run] flowcast  k=2/4 seq=3/12 (15/48)  t0=1592   rollout=  0.2s  avg= 0.2s/seq  elapsed=  0.1m  eta=  0.1m
[run] flowcast  k=2/4 seq=4/12 (16/48)  t0=2388   rollout=  0.2s  avg= 0.2s/seq  elapsed=  0.1m  eta=  0.1m
[run] flowcast  k=2/4 seq=5/12 (17/48)  t0=3184   rollout=  0.2s  avg= 0.2s/seq  elapsed=  0.1m  eta=  0.1m
[run] flowcast  k=2/4 seq=6/12 (18/48)  t0=3980   rollout=  0.2s  avg= 0.2s/seq  elapsed=  0.1m  eta=  0.1m
[run] flowcast  k=2/4 seq=7/12 (19/48)  t0=4776   rollout=  0.2s  avg= 0.2s/seq  elapsed=  0.1m  eta=  0.1m
[run] flowcast  k=2/4 seq=8/12 (20/48)  t0=5572   rollout=  0.2s  avg= 0.2s/seq  elapsed=  0.1m  eta=  0.1m
[run] flowcast  k=2/4 seq=9/12 (21/48)  t0=6368   rollout=  0.2s  avg= 0.2s/seq  elapsed=  0.1m  eta=  0.1m
[run] flowcast  k=2/4 seq=10/12 (22/48)  t0=7164   rollout=  0.2s  avg= 0.2s/seq  elapsed=  0.1m  eta=  0.1m
[run] flowcast  k=2/4 seq=11/12 (23/48)  t0=7960   rollout=  0.2s  avg= 0.2s/seq  elapsed=  0.1m  eta=  0.1m
[run] flowcast  k=2/4 seq=12/12 (24/48)  t0=8757   rollout=  0.2s  avg= 0.2s/seq  elapsed=  0.1m  eta=  0.1m
[run] flowcast  k=3/4 seq=1/12 (25/48)  t0=0      rollout=  0.2s  avg= 0.2s/seq  elapsed=  0.1m  eta=  0.1m
[run] flowcast  k=3/4 seq=2/12 (26/48)  t0=796    rollout=  0.2s  avg= 0.2s/seq  elapsed=  0.1m  eta=  0.1m
[run] flowcast  k=3/4 seq=3/12 (27/48)  t0=1592   rollout=  0.2s  avg= 0.2s/seq  elapsed=  0.1m  eta=  0.1m
[run] flowcast  k=3/4 seq=4/12 (28/48)  t0=2388   rollout=  0.2s  avg= 0.2s/seq  elapsed=  0.1m  eta=  0.1m
[run] flowcast  k=3/4 seq=5/12 (29/48)  t0=3184   rollout=  0.2s  avg= 0.2s/seq  elapsed=  0.1m  eta=  0.1m
[run] flowcast  k=3/4 seq=6/12 (30/48)  t0=3980   rollout=  0.2s  avg= 0.2s/seq  elapsed=  0.1m  eta=  0.1m
[run] flowcast  k=3/4 seq=7/12 (31/48)  t0=4776   rollout=  0.2s  avg= 0.2s/seq  elapsed=  0.1m  eta=  0.1m
[run] flowcast  k=3/4 seq=8/12 (32/48)  t0=5572   rollout=  0.2s  avg= 0.2s/seq  elapsed=  0.1m  eta=  0.1m
[run] flowcast  k=3/4 seq=9/12 (33/48)  t0=6368   rollout=  0.2s  avg= 0.2s/seq  elapsed=  0.1m  eta=  0.1m
[run] flowcast  k=3/4 seq=10/12 (34/48)  t0=7164   rollout=  0.2s  avg= 0.2s/seq  elapsed=  0.1m  eta=  0.1m
[run] flowcast  k=3/4 seq=11/12 (35/48)  t0=7960   rollout=  0.2s  avg= 0.2s/seq  elapsed=  0.1m  eta=  0.0m
[run] flowcast  k=3/4 seq=12/12 (36/48)  t0=8757   rollout=  0.2s  avg= 0.2s/seq  elapsed=  0.1m  eta=  0.0m
[run] flowcast  k=4/4 seq=1/12 (37/48)  t0=0      rollout=  0.2s  avg= 0.2s/seq  elapsed=  0.1m  eta=  0.0m
[run] flowcast  k=4/4 seq=2/12 (38/48)  t0=796    rollout=  0.2s  avg= 0.2s/seq  elapsed=  0.1m  eta=  0.0m
[run] flowcast  k=4/4 seq=3/12 (39/48)  t0=1592   rollout=  0.2s  avg= 0.2s/seq  elapsed=  0.1m  eta=  0.0m
[run] flowcast  k=4/4 seq=4/12 (40/48)  t0=2388   rollout=  0.2s  avg= 0.2s/seq  elapsed=  0.2m  eta=  0.0m
[run] flowcast  k=4/4 seq=5/12 (41/48)  t0=3184   rollout=  0.2s  avg= 0.2s/seq  elapsed=  0.2m  eta=  0.0m
[run] flowcast  k=4/4 seq=6/12 (42/48)  t0=3980   rollout=  0.2s  avg= 0.2s/seq  elapsed=  0.2m  eta=  0.0m
[run] flowcast  k=4/4 seq=7/12 (43/48)  t0=4776   rollout=  0.2s  avg= 0.2s/seq  elapsed=  0.2m  eta=  0.0m
[run] flowcast  k=4/4 seq=8/12 (44/48)  t0=5572   rollout=  0.2s  avg= 0.2s/seq  elapsed=  0.2m  eta=  0.0m
[run] flowcast  k=4/4 seq=9/12 (45/48)  t0=6368   rollout=  0.2s  avg= 0.2s/seq  elapsed=  0.2m  eta=  0.0m
[run] flowcast  k=4/4 seq=10/12 (46/48)  t0=7164   rollout=  0.2s  avg= 0.2s/seq  elapsed=  0.2m  eta=  0.0m
[run] flowcast  k=4/4 seq=11/12 (47/48)  t0=7960   rollout=  0.2s  avg= 0.2s/seq  elapsed=  0.2m  eta=  0.0m
[run] flowcast  k=4/4 seq=12/12 (48/48)  t0=8757   rollout=  0.2s  avg= 0.2s/seq  elapsed=  0.2m  eta=  0.0m
[run] flowcast ensemble finished in 0.2m
[2026-06-12 07:22:54] [nfe_sweep] NFE=  3  t/seq= 0.24s  CRPS-qpepre=0.1429  CSI-M=0.2516  RMSE-qpepre=0.5652  NFE-elapsed=0.2m
| method | Time/Seq.(s) | CRPS↓ | CSI-M↑ | CSI-P16↑ | FSS-P16-M↑ | HSS-M↑ | FAR-M↓ | RMSE_u10↓ | RMSE_v10↓ | RMSE_t2m↓ | RMSE_qpepre↓ |
|---|---|---|---|---|---|---|---|---|---|---|---|
| flowcast | 0.237 | 0.3344 | 0.2516 | 0.0476 | 0.0775 | 0.3332 | 0.1119 | 0.8549 | 0.8664 | 0.4245 | 0.5652 |

================================================================
[2026-06-12 07:22:54] NFE = 4   (4/15)
================================================================
[run] flowcast ensemble starting: K=4 x S=12 x T=1 = 48 sequence-rollouts
[run] flowcast  k=1/4 seq=1/12 (1/48)  t0=0      rollout=  0.3s  avg= 0.3s/seq  elapsed=  0.0m  eta=  0.2m
[run] flowcast  k=1/4 seq=2/12 (2/48)  t0=796    rollout=  0.3s  avg= 0.3s/seq  elapsed=  0.0m  eta=  0.2m
[run] flowcast  k=1/4 seq=3/12 (3/48)  t0=1592   rollout=  0.3s  avg= 0.3s/seq  elapsed=  0.0m  eta=  0.2m
[run] flowcast  k=1/4 seq=4/12 (4/48)  t0=2388   rollout=  0.3s  avg= 0.3s/seq  elapsed=  0.0m  eta=  0.2m
[run] flowcast  k=1/4 seq=5/12 (5/48)  t0=3184   rollout=  0.3s  avg= 0.3s/seq  elapsed=  0.0m  eta=  0.2m
[run] flowcast  k=1/4 seq=6/12 (6/48)  t0=3980   rollout=  0.3s  avg= 0.3s/seq  elapsed=  0.0m  eta=  0.2m
[run] flowcast  k=1/4 seq=7/12 (7/48)  t0=4776   rollout=  0.3s  avg= 0.3s/seq  elapsed=  0.0m  eta=  0.2m
[run] flowcast  k=1/4 seq=8/12 (8/48)  t0=5572   rollout=  0.3s  avg= 0.3s/seq  elapsed=  0.0m  eta=  0.2m
[run] flowcast  k=1/4 seq=9/12 (9/48)  t0=6368   rollout=  0.3s  avg= 0.3s/seq  elapsed=  0.0m  eta=  0.2m
[run] flowcast  k=1/4 seq=10/12 (10/48)  t0=7164   rollout=  0.3s  avg= 0.3s/seq  elapsed=  0.0m  eta=  0.2m
[run] flowcast  k=1/4 seq=11/12 (11/48)  t0=7960   rollout=  0.3s  avg= 0.3s/seq  elapsed=  0.0m  eta=  0.2m
[run] flowcast  k=1/4 seq=12/12 (12/48)  t0=8757   rollout=  0.3s  avg= 0.3s/seq  elapsed=  0.1m  eta=  0.2m
[run] flowcast  k=2/4 seq=1/12 (13/48)  t0=0      rollout=  0.3s  avg= 0.3s/seq  elapsed=  0.1m  eta=  0.2m
[run] flowcast  k=2/4 seq=2/12 (14/48)  t0=796    rollout=  0.3s  avg= 0.3s/seq  elapsed=  0.1m  eta=  0.1m
[run] flowcast  k=2/4 seq=3/12 (15/48)  t0=1592   rollout=  0.3s  avg= 0.3s/seq  elapsed=  0.1m  eta=  0.1m
[run] flowcast  k=2/4 seq=4/12 (16/48)  t0=2388   rollout=  0.3s  avg= 0.3s/seq  elapsed=  0.1m  eta=  0.1m
[run] flowcast  k=2/4 seq=5/12 (17/48)  t0=3184   rollout=  0.3s  avg= 0.3s/seq  elapsed=  0.1m  eta=  0.1m
[run] flowcast  k=2/4 seq=6/12 (18/48)  t0=3980   rollout=  0.3s  avg= 0.3s/seq  elapsed=  0.1m  eta=  0.1m
[run] flowcast  k=2/4 seq=7/12 (19/48)  t0=4776   rollout=  0.3s  avg= 0.3s/seq  elapsed=  0.1m  eta=  0.1m
[run] flowcast  k=2/4 seq=8/12 (20/48)  t0=5572   rollout=  0.3s  avg= 0.3s/seq  elapsed=  0.1m  eta=  0.1m
[run] flowcast  k=2/4 seq=9/12 (21/48)  t0=6368   rollout=  0.3s  avg= 0.3s/seq  elapsed=  0.1m  eta=  0.1m
[run] flowcast  k=2/4 seq=10/12 (22/48)  t0=7164   rollout=  0.3s  avg= 0.3s/seq  elapsed=  0.1m  eta=  0.1m
[run] flowcast  k=2/4 seq=11/12 (23/48)  t0=7960   rollout=  0.3s  avg= 0.3s/seq  elapsed=  0.1m  eta=  0.1m
[run] flowcast  k=2/4 seq=12/12 (24/48)  t0=8757   rollout=  0.3s  avg= 0.3s/seq  elapsed=  0.1m  eta=  0.1m
[run] flowcast  k=3/4 seq=1/12 (25/48)  t0=0      rollout=  0.3s  avg= 0.3s/seq  elapsed=  0.1m  eta=  0.1m
[run] flowcast  k=3/4 seq=2/12 (26/48)  t0=796    rollout=  0.3s  avg= 0.3s/seq  elapsed=  0.1m  eta=  0.1m
[run] flowcast  k=3/4 seq=3/12 (27/48)  t0=1592   rollout=  0.3s  avg= 0.3s/seq  elapsed=  0.1m  eta=  0.1m
[run] flowcast  k=3/4 seq=4/12 (28/48)  t0=2388   rollout=  0.3s  avg= 0.3s/seq  elapsed=  0.1m  eta=  0.1m
[run] flowcast  k=3/4 seq=5/12 (29/48)  t0=3184   rollout=  0.3s  avg= 0.3s/seq  elapsed=  0.1m  eta=  0.1m
[run] flowcast  k=3/4 seq=6/12 (30/48)  t0=3980   rollout=  0.3s  avg= 0.3s/seq  elapsed=  0.1m  eta=  0.1m
[run] flowcast  k=3/4 seq=7/12 (31/48)  t0=4776   rollout=  0.3s  avg= 0.3s/seq  elapsed=  0.1m  eta=  0.1m
[run] flowcast  k=3/4 seq=8/12 (32/48)  t0=5572   rollout=  0.3s  avg= 0.3s/seq  elapsed=  0.1m  eta=  0.1m
[run] flowcast  k=3/4 seq=9/12 (33/48)  t0=6368   rollout=  0.3s  avg= 0.3s/seq  elapsed=  0.1m  eta=  0.1m
[run] flowcast  k=3/4 seq=10/12 (34/48)  t0=7164   rollout=  0.3s  avg= 0.3s/seq  elapsed=  0.1m  eta=  0.1m
[run] flowcast  k=3/4 seq=11/12 (35/48)  t0=7960   rollout=  0.3s  avg= 0.3s/seq  elapsed=  0.2m  eta=  0.1m
[run] flowcast  k=3/4 seq=12/12 (36/48)  t0=8757   rollout=  0.3s  avg= 0.3s/seq  elapsed=  0.2m  eta=  0.1m
[run] flowcast  k=4/4 seq=1/12 (37/48)  t0=0      rollout=  0.3s  avg= 0.3s/seq  elapsed=  0.2m  eta=  0.0m
[run] flowcast  k=4/4 seq=2/12 (38/48)  t0=796    rollout=  0.3s  avg= 0.3s/seq  elapsed=  0.2m  eta=  0.0m
[run] flowcast  k=4/4 seq=3/12 (39/48)  t0=1592   rollout=  0.3s  avg= 0.3s/seq  elapsed=  0.2m  eta=  0.0m
[run] flowcast  k=4/4 seq=4/12 (40/48)  t0=2388   rollout=  0.3s  avg= 0.3s/seq  elapsed=  0.2m  eta=  0.0m
[run] flowcast  k=4/4 seq=5/12 (41/48)  t0=3184   rollout=  0.3s  avg= 0.3s/seq  elapsed=  0.2m  eta=  0.0m
[run] flowcast  k=4/4 seq=6/12 (42/48)  t0=3980   rollout=  0.5s  avg= 0.3s/seq  elapsed=  0.2m  eta=  0.0m
[run] flowcast  k=4/4 seq=7/12 (43/48)  t0=4776   rollout=  0.3s  avg= 0.3s/seq  elapsed=  0.2m  eta=  0.0m
[run] flowcast  k=4/4 seq=8/12 (44/48)  t0=5572   rollout=  0.3s  avg= 0.3s/seq  elapsed=  0.2m  eta=  0.0m
[run] flowcast  k=4/4 seq=9/12 (45/48)  t0=6368   rollout=  0.3s  avg= 0.3s/seq  elapsed=  0.2m  eta=  0.0m
[run] flowcast  k=4/4 seq=10/12 (46/48)  t0=7164   rollout=  0.3s  avg= 0.3s/seq  elapsed=  0.2m  eta=  0.0m
[run] flowcast  k=4/4 seq=11/12 (47/48)  t0=7960   rollout=  0.3s  avg= 0.3s/seq  elapsed=  0.2m  eta=  0.0m
[run] flowcast  k=4/4 seq=12/12 (48/48)  t0=8757   rollout=  0.3s  avg= 0.3s/seq  elapsed=  0.2m  eta=  0.0m
[run] flowcast ensemble finished in 0.2m
[2026-06-12 07:23:07] [nfe_sweep] NFE=  4  t/seq= 0.26s  CRPS-qpepre=0.1402  CSI-M=0.2542  RMSE-qpepre=0.5667  NFE-elapsed=0.2m
| method | Time/Seq.(s) | CRPS↓ | CSI-M↑ | CSI-P16↑ | FSS-P16-M↑ | HSS-M↑ | FAR-M↓ | RMSE_u10↓ | RMSE_v10↓ | RMSE_t2m↓ | RMSE_qpepre↓ |
|---|---|---|---|---|---|---|---|---|---|---|---|
| flowcast | 0.262 | 0.3261 | 0.2542 | 0.0794 | 0.1339 | 0.3393 | 0.1306 | 0.8598 | 0.8759 | 0.4303 | 0.5667 |

================================================================
[2026-06-12 07:23:07] NFE = 5   (5/15)
================================================================
[run] flowcast ensemble starting: K=4 x S=12 x T=1 = 48 sequence-rollouts
[run] flowcast  k=1/4 seq=1/12 (1/48)  t0=0      rollout=  0.3s  avg= 0.3s/seq  elapsed=  0.0m  eta=  0.2m
[run] flowcast  k=1/4 seq=2/12 (2/48)  t0=796    rollout=  0.3s  avg= 0.3s/seq  elapsed=  0.0m  eta=  0.2m
[run] flowcast  k=1/4 seq=3/12 (3/48)  t0=1592   rollout=  0.3s  avg= 0.3s/seq  elapsed=  0.0m  eta=  0.2m
[run] flowcast  k=1/4 seq=4/12 (4/48)  t0=2388   rollout=  0.3s  avg= 0.3s/seq  elapsed=  0.0m  eta=  0.2m
[run] flowcast  k=1/4 seq=5/12 (5/48)  t0=3184   rollout=  0.3s  avg= 0.3s/seq  elapsed=  0.0m  eta=  0.2m
[run] flowcast  k=1/4 seq=6/12 (6/48)  t0=3980   rollout=  0.3s  avg= 0.3s/seq  elapsed=  0.0m  eta=  0.2m
[run] flowcast  k=1/4 seq=7/12 (7/48)  t0=4776   rollout=  0.3s  avg= 0.3s/seq  elapsed=  0.0m  eta=  0.2m
[run] flowcast  k=1/4 seq=8/12 (8/48)  t0=5572   rollout=  0.3s  avg= 0.3s/seq  elapsed=  0.0m  eta=  0.2m
[run] flowcast  k=1/4 seq=9/12 (9/48)  t0=6368   rollout=  0.3s  avg= 0.3s/seq  elapsed=  0.0m  eta=  0.2m
[run] flowcast  k=1/4 seq=10/12 (10/48)  t0=7164   rollout=  0.3s  avg= 0.3s/seq  elapsed=  0.1m  eta=  0.2m
[run] flowcast  k=1/4 seq=11/12 (11/48)  t0=7960   rollout=  0.3s  avg= 0.3s/seq  elapsed=  0.1m  eta=  0.2m
[run] flowcast  k=1/4 seq=12/12 (12/48)  t0=8757   rollout=  0.3s  avg= 0.3s/seq  elapsed=  0.1m  eta=  0.2m
[run] flowcast  k=2/4 seq=1/12 (13/48)  t0=0      rollout=  0.3s  avg= 0.3s/seq  elapsed=  0.1m  eta=  0.2m
[run] flowcast  k=2/4 seq=2/12 (14/48)  t0=796    rollout=  0.3s  avg= 0.3s/seq  elapsed=  0.1m  eta=  0.2m
[run] flowcast  k=2/4 seq=3/12 (15/48)  t0=1592   rollout=  0.3s  avg= 0.3s/seq  elapsed=  0.1m  eta=  0.2m
[run] flowcast  k=2/4 seq=4/12 (16/48)  t0=2388   rollout=  0.3s  avg= 0.3s/seq  elapsed=  0.1m  eta=  0.2m
[run] flowcast  k=2/4 seq=5/12 (17/48)  t0=3184   rollout=  0.3s  avg= 0.3s/seq  elapsed=  0.1m  eta=  0.2m
[run] flowcast  k=2/4 seq=6/12 (18/48)  t0=3980   rollout=  0.3s  avg= 0.3s/seq  elapsed=  0.1m  eta=  0.2m
[run] flowcast  k=2/4 seq=7/12 (19/48)  t0=4776   rollout=  0.3s  avg= 0.3s/seq  elapsed=  0.1m  eta=  0.1m
[run] flowcast  k=2/4 seq=8/12 (20/48)  t0=5572   rollout=  0.3s  avg= 0.3s/seq  elapsed=  0.1m  eta=  0.1m
[run] flowcast  k=2/4 seq=9/12 (21/48)  t0=6368   rollout=  0.3s  avg= 0.3s/seq  elapsed=  0.1m  eta=  0.1m
[run] flowcast  k=2/4 seq=10/12 (22/48)  t0=7164   rollout=  0.3s  avg= 0.3s/seq  elapsed=  0.1m  eta=  0.1m
[run] flowcast  k=2/4 seq=11/12 (23/48)  t0=7960   rollout=  0.3s  avg= 0.3s/seq  elapsed=  0.1m  eta=  0.1m
[run] flowcast  k=2/4 seq=12/12 (24/48)  t0=8757   rollout=  0.3s  avg= 0.3s/seq  elapsed=  0.1m  eta=  0.1m
[run] flowcast  k=3/4 seq=1/12 (25/48)  t0=0      rollout=  0.3s  avg= 0.3s/seq  elapsed=  0.1m  eta=  0.1m
[run] flowcast  k=3/4 seq=2/12 (26/48)  t0=796    rollout=  0.3s  avg= 0.3s/seq  elapsed=  0.1m  eta=  0.1m
[run] flowcast  k=3/4 seq=3/12 (27/48)  t0=1592   rollout=  0.3s  avg= 0.3s/seq  elapsed=  0.1m  eta=  0.1m
[run] flowcast  k=3/4 seq=4/12 (28/48)  t0=2388   rollout=  0.3s  avg= 0.3s/seq  elapsed=  0.1m  eta=  0.1m
[run] flowcast  k=3/4 seq=5/12 (29/48)  t0=3184   rollout=  0.3s  avg= 0.3s/seq  elapsed=  0.1m  eta=  0.1m
[run] flowcast  k=3/4 seq=6/12 (30/48)  t0=3980   rollout=  0.3s  avg= 0.3s/seq  elapsed=  0.2m  eta=  0.1m
[run] flowcast  k=3/4 seq=7/12 (31/48)  t0=4776   rollout=  0.3s  avg= 0.3s/seq  elapsed=  0.2m  eta=  0.1m
[run] flowcast  k=3/4 seq=8/12 (32/48)  t0=5572   rollout=  0.3s  avg= 0.3s/seq  elapsed=  0.2m  eta=  0.1m
[run] flowcast  k=3/4 seq=9/12 (33/48)  t0=6368   rollout=  0.3s  avg= 0.3s/seq  elapsed=  0.2m  eta=  0.1m
[run] flowcast  k=3/4 seq=10/12 (34/48)  t0=7164   rollout=  0.3s  avg= 0.3s/seq  elapsed=  0.2m  eta=  0.1m
[run] flowcast  k=3/4 seq=11/12 (35/48)  t0=7960   rollout=  0.3s  avg= 0.3s/seq  elapsed=  0.2m  eta=  0.1m
[run] flowcast  k=3/4 seq=12/12 (36/48)  t0=8757   rollout=  0.3s  avg= 0.3s/seq  elapsed=  0.2m  eta=  0.1m
[run] flowcast  k=4/4 seq=1/12 (37/48)  t0=0      rollout=  0.3s  avg= 0.3s/seq  elapsed=  0.2m  eta=  0.1m
[run] flowcast  k=4/4 seq=2/12 (38/48)  t0=796    rollout=  0.3s  avg= 0.3s/seq  elapsed=  0.2m  eta=  0.1m
[run] flowcast  k=4/4 seq=3/12 (39/48)  t0=1592   rollout=  0.3s  avg= 0.3s/seq  elapsed=  0.2m  eta=  0.0m
[run] flowcast  k=4/4 seq=4/12 (40/48)  t0=2388   rollout=  0.3s  avg= 0.3s/seq  elapsed=  0.2m  eta=  0.0m
[run] flowcast  k=4/4 seq=5/12 (41/48)  t0=3184   rollout=  0.3s  avg= 0.3s/seq  elapsed=  0.2m  eta=  0.0m
[run] flowcast  k=4/4 seq=6/12 (42/48)  t0=3980   rollout=  0.3s  avg= 0.3s/seq  elapsed=  0.2m  eta=  0.0m
[run] flowcast  k=4/4 seq=7/12 (43/48)  t0=4776   rollout=  0.3s  avg= 0.3s/seq  elapsed=  0.2m  eta=  0.0m
[run] flowcast  k=4/4 seq=8/12 (44/48)  t0=5572   rollout=  0.3s  avg= 0.3s/seq  elapsed=  0.2m  eta=  0.0m
[run] flowcast  k=4/4 seq=9/12 (45/48)  t0=6368   rollout=  0.3s  avg= 0.3s/seq  elapsed=  0.2m  eta=  0.0m
[run] flowcast  k=4/4 seq=10/12 (46/48)  t0=7164   rollout=  0.3s  avg= 0.3s/seq  elapsed=  0.2m  eta=  0.0m
[run] flowcast  k=4/4 seq=11/12 (47/48)  t0=7960   rollout=  0.3s  avg= 0.3s/seq  elapsed=  0.2m  eta=  0.0m
[run] flowcast  k=4/4 seq=12/12 (48/48)  t0=8757   rollout=  0.3s  avg= 0.3s/seq  elapsed=  0.2m  eta=  0.0m
[run] flowcast ensemble finished in 0.2m
[2026-06-12 07:23:22] [nfe_sweep] NFE=  5  t/seq= 0.31s  CRPS-qpepre=0.1383  CSI-M=0.2554  RMSE-qpepre=0.5680  NFE-elapsed=0.2m
| method | Time/Seq.(s) | CRPS↓ | CSI-M↑ | CSI-P16↑ | FSS-P16-M↑ | HSS-M↑ | FAR-M↓ | RMSE_u10↓ | RMSE_v10↓ | RMSE_t2m↓ | RMSE_qpepre↓ |
|---|---|---|---|---|---|---|---|---|---|---|---|
| flowcast | 0.308 | 0.3211 | 0.2554 | 0.0937 | 0.1805 | 0.3420 | 0.1708 | 0.8646 | 0.8839 | 0.4350 | 0.5680 |

================================================================
[2026-06-12 07:23:22] NFE = 6   (6/15)
================================================================
[run] flowcast ensemble starting: K=4 x S=12 x T=1 = 48 sequence-rollouts
[run] flowcast  k=1/4 seq=1/12 (1/48)  t0=0      rollout=  0.4s  avg= 0.4s/seq  elapsed=  0.0m  eta=  0.3m
[run] flowcast  k=1/4 seq=2/12 (2/48)  t0=796    rollout=  0.4s  avg= 0.4s/seq  elapsed=  0.0m  eta=  0.3m
[run] flowcast  k=1/4 seq=3/12 (3/48)  t0=1592   rollout=  0.4s  avg= 0.4s/seq  elapsed=  0.0m  eta=  0.3m
[run] flowcast  k=1/4 seq=4/12 (4/48)  t0=2388   rollout=  0.4s  avg= 0.4s/seq  elapsed=  0.0m  eta=  0.3m
[run] flowcast  k=1/4 seq=5/12 (5/48)  t0=3184   rollout=  0.4s  avg= 0.4s/seq  elapsed=  0.0m  eta=  0.3m
[run] flowcast  k=1/4 seq=6/12 (6/48)  t0=3980   rollout=  0.4s  avg= 0.4s/seq  elapsed=  0.0m  eta=  0.3m
[run] flowcast  k=1/4 seq=7/12 (7/48)  t0=4776   rollout=  0.4s  avg= 0.4s/seq  elapsed=  0.0m  eta=  0.3m
[run] flowcast  k=1/4 seq=8/12 (8/48)  t0=5572   rollout=  0.4s  avg= 0.4s/seq  elapsed=  0.1m  eta=  0.3m
[run] flowcast  k=1/4 seq=9/12 (9/48)  t0=6368   rollout=  0.4s  avg= 0.4s/seq  elapsed=  0.1m  eta=  0.2m
[run] flowcast  k=1/4 seq=10/12 (10/48)  t0=7164   rollout=  0.3s  avg= 0.4s/seq  elapsed=  0.1m  eta=  0.2m
[run] flowcast  k=1/4 seq=11/12 (11/48)  t0=7960   rollout=  0.3s  avg= 0.4s/seq  elapsed=  0.1m  eta=  0.2m
[run] flowcast  k=1/4 seq=12/12 (12/48)  t0=8757   rollout=  0.3s  avg= 0.4s/seq  elapsed=  0.1m  eta=  0.2m
[run] flowcast  k=2/4 seq=1/12 (13/48)  t0=0      rollout=  0.3s  avg= 0.4s/seq  elapsed=  0.1m  eta=  0.2m
[run] flowcast  k=2/4 seq=2/12 (14/48)  t0=796    rollout=  0.3s  avg= 0.4s/seq  elapsed=  0.1m  eta=  0.2m
[run] flowcast  k=2/4 seq=3/12 (15/48)  t0=1592   rollout=  0.3s  avg= 0.4s/seq  elapsed=  0.1m  eta=  0.2m
[run] flowcast  k=2/4 seq=4/12 (16/48)  t0=2388   rollout=  0.3s  avg= 0.4s/seq  elapsed=  0.1m  eta=  0.2m
[run] flowcast  k=2/4 seq=5/12 (17/48)  t0=3184   rollout=  0.3s  avg= 0.4s/seq  elapsed=  0.1m  eta=  0.2m
[run] flowcast  k=2/4 seq=6/12 (18/48)  t0=3980   rollout=  0.3s  avg= 0.4s/seq  elapsed=  0.1m  eta=  0.2m
[run] flowcast  k=2/4 seq=7/12 (19/48)  t0=4776   rollout=  0.3s  avg= 0.4s/seq  elapsed=  0.1m  eta=  0.2m
[run] flowcast  k=2/4 seq=8/12 (20/48)  t0=5572   rollout=  0.3s  avg= 0.4s/seq  elapsed=  0.1m  eta=  0.2m
[run] flowcast  k=2/4 seq=9/12 (21/48)  t0=6368   rollout=  0.3s  avg= 0.4s/seq  elapsed=  0.1m  eta=  0.2m
[run] flowcast  k=2/4 seq=10/12 (22/48)  t0=7164   rollout=  0.3s  avg= 0.4s/seq  elapsed=  0.1m  eta=  0.2m
[run] flowcast  k=2/4 seq=11/12 (23/48)  t0=7960   rollout=  0.3s  avg= 0.4s/seq  elapsed=  0.1m  eta=  0.1m
[run] flowcast  k=2/4 seq=12/12 (24/48)  t0=8757   rollout=  0.3s  avg= 0.4s/seq  elapsed=  0.1m  eta=  0.1m
[run] flowcast  k=3/4 seq=1/12 (25/48)  t0=0      rollout=  0.3s  avg= 0.4s/seq  elapsed=  0.1m  eta=  0.1m
[run] flowcast  k=3/4 seq=2/12 (26/48)  t0=796    rollout=  0.3s  avg= 0.4s/seq  elapsed=  0.2m  eta=  0.1m
[run] flowcast  k=3/4 seq=3/12 (27/48)  t0=1592   rollout=  0.3s  avg= 0.4s/seq  elapsed=  0.2m  eta=  0.1m
[run] flowcast  k=3/4 seq=4/12 (28/48)  t0=2388   rollout=  0.3s  avg= 0.4s/seq  elapsed=  0.2m  eta=  0.1m
[run] flowcast  k=3/4 seq=5/12 (29/48)  t0=3184   rollout=  0.3s  avg= 0.4s/seq  elapsed=  0.2m  eta=  0.1m
[run] flowcast  k=3/4 seq=6/12 (30/48)  t0=3980   rollout=  0.3s  avg= 0.3s/seq  elapsed=  0.2m  eta=  0.1m
[run] flowcast  k=3/4 seq=7/12 (31/48)  t0=4776   rollout=  0.3s  avg= 0.3s/seq  elapsed=  0.2m  eta=  0.1m
[run] flowcast  k=3/4 seq=8/12 (32/48)  t0=5572   rollout=  0.3s  avg= 0.3s/seq  elapsed=  0.2m  eta=  0.1m
[run] flowcast  k=3/4 seq=9/12 (33/48)  t0=6368   rollout=  0.3s  avg= 0.3s/seq  elapsed=  0.2m  eta=  0.1m
[run] flowcast  k=3/4 seq=10/12 (34/48)  t0=7164   rollout=  0.3s  avg= 0.3s/seq  elapsed=  0.2m  eta=  0.1m
[run] flowcast  k=3/4 seq=11/12 (35/48)  t0=7960   rollout=  0.3s  avg= 0.3s/seq  elapsed=  0.2m  eta=  0.1m
[run] flowcast  k=3/4 seq=12/12 (36/48)  t0=8757   rollout=  0.3s  avg= 0.3s/seq  elapsed=  0.2m  eta=  0.1m
[run] flowcast  k=4/4 seq=1/12 (37/48)  t0=0      rollout=  0.3s  avg= 0.3s/seq  elapsed=  0.2m  eta=  0.1m
[run] flowcast  k=4/4 seq=2/12 (38/48)  t0=796    rollout=  0.3s  avg= 0.3s/seq  elapsed=  0.2m  eta=  0.1m
[run] flowcast  k=4/4 seq=3/12 (39/48)  t0=1592   rollout=  0.3s  avg= 0.3s/seq  elapsed=  0.2m  eta=  0.1m
[run] flowcast  k=4/4 seq=4/12 (40/48)  t0=2388   rollout=  0.3s  avg= 0.3s/seq  elapsed=  0.2m  eta=  0.0m
[run] flowcast  k=4/4 seq=5/12 (41/48)  t0=3184   rollout=  0.3s  avg= 0.3s/seq  elapsed=  0.2m  eta=  0.0m
[run] flowcast  k=4/4 seq=6/12 (42/48)  t0=3980   rollout=  0.3s  avg= 0.3s/seq  elapsed=  0.2m  eta=  0.0m
[run] flowcast  k=4/4 seq=7/12 (43/48)  t0=4776   rollout=  0.3s  avg= 0.3s/seq  elapsed=  0.2m  eta=  0.0m
[run] flowcast  k=4/4 seq=8/12 (44/48)  t0=5572   rollout=  0.3s  avg= 0.3s/seq  elapsed=  0.3m  eta=  0.0m
[run] flowcast  k=4/4 seq=9/12 (45/48)  t0=6368   rollout=  0.3s  avg= 0.3s/seq  elapsed=  0.3m  eta=  0.0m
[run] flowcast  k=4/4 seq=10/12 (46/48)  t0=7164   rollout=  0.3s  avg= 0.3s/seq  elapsed=  0.3m  eta=  0.0m
[run] flowcast  k=4/4 seq=11/12 (47/48)  t0=7960   rollout=  0.4s  avg= 0.3s/seq  elapsed=  0.3m  eta=  0.0m
[run] flowcast  k=4/4 seq=12/12 (48/48)  t0=8757   rollout=  0.4s  avg= 0.3s/seq  elapsed=  0.3m  eta=  0.0m
[run] flowcast ensemble finished in 0.3m
[2026-06-12 07:23:39] [nfe_sweep] NFE=  6  t/seq= 0.37s  CRPS-qpepre=0.1369  CSI-M=0.2567  RMSE-qpepre=0.5692  NFE-elapsed=0.3m
| method | Time/Seq.(s) | CRPS↓ | CSI-M↑ | CSI-P16↑ | FSS-P16-M↑ | HSS-M↑ | FAR-M↓ | RMSE_u10↓ | RMSE_v10↓ | RMSE_t2m↓ | RMSE_qpepre↓ |
|---|---|---|---|---|---|---|---|---|---|---|---|
| flowcast | 0.369 | 0.3171 | 0.2567 | 0.1077 | 0.2183 | 0.3448 | 0.1921 | 0.8688 | 0.8901 | 0.4375 | 0.5692 |

================================================================
[2026-06-12 07:23:39] NFE = 8   (7/15)
================================================================
[run] flowcast ensemble starting: K=4 x S=12 x T=1 = 48 sequence-rollouts
[run] flowcast  k=1/4 seq=1/12 (1/48)  t0=0      rollout=  0.4s  avg= 0.4s/seq  elapsed=  0.0m  eta=  0.3m
[run] flowcast  k=1/4 seq=2/12 (2/48)  t0=796    rollout=  0.4s  avg= 0.4s/seq  elapsed=  0.0m  eta=  0.3m
[run] flowcast  k=1/4 seq=3/12 (3/48)  t0=1592   rollout=  0.4s  avg= 0.4s/seq  elapsed=  0.0m  eta=  0.3m
[run] flowcast  k=1/4 seq=4/12 (4/48)  t0=2388   rollout=  0.4s  avg= 0.4s/seq  elapsed=  0.0m  eta=  0.3m
[run] flowcast  k=1/4 seq=5/12 (5/48)  t0=3184   rollout=  0.4s  avg= 0.4s/seq  elapsed=  0.0m  eta=  0.3m
[run] flowcast  k=1/4 seq=6/12 (6/48)  t0=3980   rollout=  0.4s  avg= 0.4s/seq  elapsed=  0.0m  eta=  0.3m
[run] flowcast  k=1/4 seq=7/12 (7/48)  t0=4776   rollout=  0.4s  avg= 0.4s/seq  elapsed=  0.0m  eta=  0.3m
[run] flowcast  k=1/4 seq=8/12 (8/48)  t0=5572   rollout=  0.4s  avg= 0.4s/seq  elapsed=  0.1m  eta=  0.3m
[run] flowcast  k=1/4 seq=9/12 (9/48)  t0=6368   rollout=  0.4s  avg= 0.4s/seq  elapsed=  0.1m  eta=  0.3m
[run] flowcast  k=1/4 seq=10/12 (10/48)  t0=7164   rollout=  0.4s  avg= 0.4s/seq  elapsed=  0.1m  eta=  0.3m
[run] flowcast  k=1/4 seq=11/12 (11/48)  t0=7960   rollout=  0.4s  avg= 0.4s/seq  elapsed=  0.1m  eta=  0.3m
[run] flowcast  k=1/4 seq=12/12 (12/48)  t0=8757   rollout=  0.4s  avg= 0.4s/seq  elapsed=  0.1m  eta=  0.3m
[run] flowcast  k=2/4 seq=1/12 (13/48)  t0=0      rollout=  0.4s  avg= 0.4s/seq  elapsed=  0.1m  eta=  0.2m
[run] flowcast  k=2/4 seq=2/12 (14/48)  t0=796    rollout=  0.4s  avg= 0.4s/seq  elapsed=  0.1m  eta=  0.2m
[run] flowcast  k=2/4 seq=3/12 (15/48)  t0=1592   rollout=  0.4s  avg= 0.4s/seq  elapsed=  0.1m  eta=  0.2m
[run] flowcast  k=2/4 seq=4/12 (16/48)  t0=2388   rollout=  0.4s  avg= 0.4s/seq  elapsed=  0.1m  eta=  0.2m
[run] flowcast  k=2/4 seq=5/12 (17/48)  t0=3184   rollout=  0.4s  avg= 0.4s/seq  elapsed=  0.1m  eta=  0.2m
[run] flowcast  k=2/4 seq=6/12 (18/48)  t0=3980   rollout=  0.4s  avg= 0.4s/seq  elapsed=  0.1m  eta=  0.2m
[run] flowcast  k=2/4 seq=7/12 (19/48)  t0=4776   rollout=  0.4s  avg= 0.4s/seq  elapsed=  0.1m  eta=  0.2m
[run] flowcast  k=2/4 seq=8/12 (20/48)  t0=5572   rollout=  0.4s  avg= 0.4s/seq  elapsed=  0.1m  eta=  0.2m
[run] flowcast  k=2/4 seq=9/12 (21/48)  t0=6368   rollout=  0.4s  avg= 0.4s/seq  elapsed=  0.1m  eta=  0.2m
[run] flowcast  k=2/4 seq=10/12 (22/48)  t0=7164   rollout=  0.4s  avg= 0.4s/seq  elapsed=  0.2m  eta=  0.2m
[run] flowcast  k=2/4 seq=11/12 (23/48)  t0=7960   rollout=  0.4s  avg= 0.4s/seq  elapsed=  0.2m  eta=  0.2m
[run] flowcast  k=2/4 seq=12/12 (24/48)  t0=8757   rollout=  0.4s  avg= 0.4s/seq  elapsed=  0.2m  eta=  0.2m
[run] flowcast  k=3/4 seq=1/12 (25/48)  t0=0      rollout=  0.4s  avg= 0.4s/seq  elapsed=  0.2m  eta=  0.2m
[run] flowcast  k=3/4 seq=2/12 (26/48)  t0=796    rollout=  0.4s  avg= 0.4s/seq  elapsed=  0.2m  eta=  0.2m
[run] flowcast  k=3/4 seq=3/12 (27/48)  t0=1592   rollout=  0.4s  avg= 0.4s/seq  elapsed=  0.2m  eta=  0.1m
[run] flowcast  k=3/4 seq=4/12 (28/48)  t0=2388   rollout=  0.4s  avg= 0.4s/seq  elapsed=  0.2m  eta=  0.1m
[run] flowcast  k=3/4 seq=5/12 (29/48)  t0=3184   rollout=  0.4s  avg= 0.4s/seq  elapsed=  0.2m  eta=  0.1m
[run] flowcast  k=3/4 seq=6/12 (30/48)  t0=3980   rollout=  0.4s  avg= 0.4s/seq  elapsed=  0.2m  eta=  0.1m
[run] flowcast  k=3/4 seq=7/12 (31/48)  t0=4776   rollout=  0.4s  avg= 0.4s/seq  elapsed=  0.2m  eta=  0.1m
[run] flowcast  k=3/4 seq=8/12 (32/48)  t0=5572   rollout=  0.4s  avg= 0.4s/seq  elapsed=  0.2m  eta=  0.1m
[run] flowcast  k=3/4 seq=9/12 (33/48)  t0=6368   rollout=  0.4s  avg= 0.4s/seq  elapsed=  0.2m  eta=  0.1m
[run] flowcast  k=3/4 seq=10/12 (34/48)  t0=7164   rollout=  0.4s  avg= 0.4s/seq  elapsed=  0.2m  eta=  0.1m
[run] flowcast  k=3/4 seq=11/12 (35/48)  t0=7960   rollout=  0.4s  avg= 0.4s/seq  elapsed=  0.2m  eta=  0.1m
[run] flowcast  k=3/4 seq=12/12 (36/48)  t0=8757   rollout=  0.4s  avg= 0.4s/seq  elapsed=  0.2m  eta=  0.1m
[run] flowcast  k=4/4 seq=1/12 (37/48)  t0=0      rollout=  0.4s  avg= 0.4s/seq  elapsed=  0.3m  eta=  0.1m
[run] flowcast  k=4/4 seq=2/12 (38/48)  t0=796    rollout=  0.4s  avg= 0.4s/seq  elapsed=  0.3m  eta=  0.1m
[run] flowcast  k=4/4 seq=3/12 (39/48)  t0=1592   rollout=  0.4s  avg= 0.4s/seq  elapsed=  0.3m  eta=  0.1m
[run] flowcast  k=4/4 seq=4/12 (40/48)  t0=2388   rollout=  0.4s  avg= 0.4s/seq  elapsed=  0.3m  eta=  0.1m
[run] flowcast  k=4/4 seq=5/12 (41/48)  t0=3184   rollout=  0.4s  avg= 0.4s/seq  elapsed=  0.3m  eta=  0.0m
[run] flowcast  k=4/4 seq=6/12 (42/48)  t0=3980   rollout=  0.4s  avg= 0.4s/seq  elapsed=  0.3m  eta=  0.0m
[run] flowcast  k=4/4 seq=7/12 (43/48)  t0=4776   rollout=  0.4s  avg= 0.4s/seq  elapsed=  0.3m  eta=  0.0m
[run] flowcast  k=4/4 seq=8/12 (44/48)  t0=5572   rollout=  0.4s  avg= 0.4s/seq  elapsed=  0.3m  eta=  0.0m
[run] flowcast  k=4/4 seq=9/12 (45/48)  t0=6368   rollout=  0.4s  avg= 0.4s/seq  elapsed=  0.3m  eta=  0.0m
[run] flowcast  k=4/4 seq=10/12 (46/48)  t0=7164   rollout=  0.4s  avg= 0.4s/seq  elapsed=  0.3m  eta=  0.0m
[run] flowcast  k=4/4 seq=11/12 (47/48)  t0=7960   rollout=  0.4s  avg= 0.4s/seq  elapsed=  0.3m  eta=  0.0m
[run] flowcast  k=4/4 seq=12/12 (48/48)  t0=8757   rollout=  0.4s  avg= 0.4s/seq  elapsed=  0.3m  eta=  0.0m
[run] flowcast ensemble finished in 0.3m
[2026-06-12 07:23:59] [nfe_sweep] NFE=  8  t/seq= 0.42s  CRPS-qpepre=0.1350  CSI-M=0.2627  RMSE-qpepre=0.5717  NFE-elapsed=0.3m
| method | Time/Seq.(s) | CRPS↓ | CSI-M↑ | CSI-P16↑ | FSS-P16-M↑ | HSS-M↑ | FAR-M↓ | RMSE_u10↓ | RMSE_v10↓ | RMSE_t2m↓ | RMSE_qpepre↓ |
|---|---|---|---|---|---|---|---|---|---|---|---|
| flowcast | 0.423 | 0.3126 | 0.2627 | 0.1538 | 0.2797 | 0.3550 | 0.1888 | 0.8765 | 0.9023 | 0.4417 | 0.5717 |

================================================================
[2026-06-12 07:23:59] NFE = 10   (8/15)
================================================================
[run] flowcast ensemble starting: K=4 x S=12 x T=1 = 48 sequence-rollouts
[run] flowcast  k=1/4 seq=1/12 (1/48)  t0=0      rollout=  0.5s  avg= 0.5s/seq  elapsed=  0.0m  eta=  0.4m
[run] flowcast  k=1/4 seq=2/12 (2/48)  t0=796    rollout=  0.5s  avg= 0.5s/seq  elapsed=  0.0m  eta=  0.4m
[run] flowcast  k=1/4 seq=3/12 (3/48)  t0=1592   rollout=  0.5s  avg= 0.5s/seq  elapsed=  0.0m  eta=  0.4m
[run] flowcast  k=1/4 seq=4/12 (4/48)  t0=2388   rollout=  0.5s  avg= 0.5s/seq  elapsed=  0.0m  eta=  0.4m
[run] flowcast  k=1/4 seq=5/12 (5/48)  t0=3184   rollout=  0.5s  avg= 0.5s/seq  elapsed=  0.0m  eta=  0.4m
[run] flowcast  k=1/4 seq=6/12 (6/48)  t0=3980   rollout=  0.5s  avg= 0.5s/seq  elapsed=  0.0m  eta=  0.3m
[run] flowcast  k=1/4 seq=7/12 (7/48)  t0=4776   rollout=  0.5s  avg= 0.5s/seq  elapsed=  0.1m  eta=  0.3m
[run] flowcast  k=1/4 seq=8/12 (8/48)  t0=5572   rollout=  0.5s  avg= 0.5s/seq  elapsed=  0.1m  eta=  0.3m
[run] flowcast  k=1/4 seq=9/12 (9/48)  t0=6368   rollout=  0.5s  avg= 0.5s/seq  elapsed=  0.1m  eta=  0.3m
[run] flowcast  k=1/4 seq=10/12 (10/48)  t0=7164   rollout=  0.5s  avg= 0.5s/seq  elapsed=  0.1m  eta=  0.3m
[run] flowcast  k=1/4 seq=11/12 (11/48)  t0=7960   rollout=  0.5s  avg= 0.5s/seq  elapsed=  0.1m  eta=  0.3m
[run] flowcast  k=1/4 seq=12/12 (12/48)  t0=8757   rollout=  0.5s  avg= 0.5s/seq  elapsed=  0.1m  eta=  0.3m
[run] flowcast  k=2/4 seq=1/12 (13/48)  t0=0      rollout=  0.5s  avg= 0.5s/seq  elapsed=  0.1m  eta=  0.3m
[run] flowcast  k=2/4 seq=2/12 (14/48)  t0=796    rollout=  0.5s  avg= 0.5s/seq  elapsed=  0.1m  eta=  0.3m
[run] flowcast  k=2/4 seq=3/12 (15/48)  t0=1592   rollout=  0.6s  avg= 0.5s/seq  elapsed=  0.1m  eta=  0.3m
[run] flowcast  k=2/4 seq=4/12 (16/48)  t0=2388   rollout=  0.6s  avg= 0.5s/seq  elapsed=  0.1m  eta=  0.3m
[run] flowcast  k=2/4 seq=5/12 (17/48)  t0=3184   rollout=  0.6s  avg= 0.5s/seq  elapsed=  0.1m  eta=  0.3m
[run] flowcast  k=2/4 seq=6/12 (18/48)  t0=3980   rollout=  0.6s  avg= 0.5s/seq  elapsed=  0.2m  eta=  0.3m
[run] flowcast  k=2/4 seq=7/12 (19/48)  t0=4776   rollout=  0.6s  avg= 0.5s/seq  elapsed=  0.2m  eta=  0.3m
[run] flowcast  k=2/4 seq=8/12 (20/48)  t0=5572   rollout=  0.5s  avg= 0.5s/seq  elapsed=  0.2m  eta=  0.2m
[run] flowcast  k=2/4 seq=9/12 (21/48)  t0=6368   rollout=  0.5s  avg= 0.5s/seq  elapsed=  0.2m  eta=  0.2m
[run] flowcast  k=2/4 seq=10/12 (22/48)  t0=7164   rollout=  0.5s  avg= 0.5s/seq  elapsed=  0.2m  eta=  0.2m
[run] flowcast  k=2/4 seq=11/12 (23/48)  t0=7960   rollout=  0.5s  avg= 0.5s/seq  elapsed=  0.2m  eta=  0.2m
[run] flowcast  k=2/4 seq=12/12 (24/48)  t0=8757   rollout=  0.5s  avg= 0.5s/seq  elapsed=  0.2m  eta=  0.2m
[run] flowcast  k=3/4 seq=1/12 (25/48)  t0=0      rollout=  0.5s  avg= 0.5s/seq  elapsed=  0.2m  eta=  0.2m
[run] flowcast  k=3/4 seq=2/12 (26/48)  t0=796    rollout=  0.5s  avg= 0.5s/seq  elapsed=  0.2m  eta=  0.2m
[run] flowcast  k=3/4 seq=3/12 (27/48)  t0=1592   rollout=  0.5s  avg= 0.5s/seq  elapsed=  0.2m  eta=  0.2m
[run] flowcast  k=3/4 seq=4/12 (28/48)  t0=2388   rollout=  0.5s  avg= 0.5s/seq  elapsed=  0.2m  eta=  0.2m
[run] flowcast  k=3/4 seq=5/12 (29/48)  t0=3184   rollout=  0.5s  avg= 0.5s/seq  elapsed=  0.2m  eta=  0.2m
[run] flowcast  k=3/4 seq=6/12 (30/48)  t0=3980   rollout=  0.5s  avg= 0.5s/seq  elapsed=  0.3m  eta=  0.2m
[run] flowcast  k=3/4 seq=7/12 (31/48)  t0=4776   rollout=  0.5s  avg= 0.5s/seq  elapsed=  0.3m  eta=  0.1m
[run] flowcast  k=3/4 seq=8/12 (32/48)  t0=5572   rollout=  0.5s  avg= 0.5s/seq  elapsed=  0.3m  eta=  0.1m
[run] flowcast  k=3/4 seq=9/12 (33/48)  t0=6368   rollout=  0.5s  avg= 0.5s/seq  elapsed=  0.3m  eta=  0.1m
[run] flowcast  k=3/4 seq=10/12 (34/48)  t0=7164   rollout=  0.5s  avg= 0.5s/seq  elapsed=  0.3m  eta=  0.1m
[run] flowcast  k=3/4 seq=11/12 (35/48)  t0=7960   rollout=  0.5s  avg= 0.5s/seq  elapsed=  0.3m  eta=  0.1m
[run] flowcast  k=3/4 seq=12/12 (36/48)  t0=8757   rollout=  0.5s  avg= 0.5s/seq  elapsed=  0.3m  eta=  0.1m
[run] flowcast  k=4/4 seq=1/12 (37/48)  t0=0      rollout=  0.5s  avg= 0.5s/seq  elapsed=  0.3m  eta=  0.1m
[run] flowcast  k=4/4 seq=2/12 (38/48)  t0=796    rollout=  0.5s  avg= 0.5s/seq  elapsed=  0.3m  eta=  0.1m
[run] flowcast  k=4/4 seq=3/12 (39/48)  t0=1592   rollout=  0.5s  avg= 0.5s/seq  elapsed=  0.3m  eta=  0.1m
[run] flowcast  k=4/4 seq=4/12 (40/48)  t0=2388   rollout=  0.5s  avg= 0.5s/seq  elapsed=  0.3m  eta=  0.1m
[run] flowcast  k=4/4 seq=5/12 (41/48)  t0=3184   rollout=  0.5s  avg= 0.5s/seq  elapsed=  0.3m  eta=  0.1m
[run] flowcast  k=4/4 seq=6/12 (42/48)  t0=3980   rollout=  0.5s  avg= 0.5s/seq  elapsed=  0.4m  eta=  0.1m
[run] flowcast  k=4/4 seq=7/12 (43/48)  t0=4776   rollout=  0.5s  avg= 0.5s/seq  elapsed=  0.4m  eta=  0.0m
[run] flowcast  k=4/4 seq=8/12 (44/48)  t0=5572   rollout=  0.5s  avg= 0.5s/seq  elapsed=  0.4m  eta=  0.0m
[run] flowcast  k=4/4 seq=9/12 (45/48)  t0=6368   rollout=  0.5s  avg= 0.5s/seq  elapsed=  0.4m  eta=  0.0m
[run] flowcast  k=4/4 seq=10/12 (46/48)  t0=7164   rollout=  0.5s  avg= 0.5s/seq  elapsed=  0.4m  eta=  0.0m
[run] flowcast  k=4/4 seq=11/12 (47/48)  t0=7960   rollout=  0.5s  avg= 0.5s/seq  elapsed=  0.4m  eta=  0.0m
[run] flowcast  k=4/4 seq=12/12 (48/48)  t0=8757   rollout=  0.5s  avg= 0.5s/seq  elapsed=  0.4m  eta=  0.0m
[run] flowcast ensemble finished in 0.4m
[2026-06-12 07:24:23] [nfe_sweep] NFE= 10  t/seq= 0.49s  CRPS-qpepre=0.1337  CSI-M=0.2618  RMSE-qpepre=0.5738  NFE-elapsed=0.4m
| method | Time/Seq.(s) | CRPS↓ | CSI-M↑ | CSI-P16↑ | FSS-P16-M↑ | HSS-M↑ | FAR-M↓ | RMSE_u10↓ | RMSE_v10↓ | RMSE_t2m↓ | RMSE_qpepre↓ |
|---|---|---|---|---|---|---|---|---|---|---|---|
| flowcast | 0.492 | 0.3103 | 0.2618 | 0.1538 | 0.2797 | 0.3542 | 0.1964 | 0.8819 | 0.9118 | 0.4447 | 0.5738 |

================================================================
[2026-06-12 07:24:23] NFE = 12   (9/15)
================================================================
[run] flowcast ensemble starting: K=4 x S=12 x T=1 = 48 sequence-rollouts
[run] flowcast  k=1/4 seq=1/12 (1/48)  t0=0      rollout=  0.6s  avg= 0.6s/seq  elapsed=  0.0m  eta=  0.5m
[run] flowcast  k=1/4 seq=2/12 (2/48)  t0=796    rollout=  0.6s  avg= 0.6s/seq  elapsed=  0.0m  eta=  0.4m
[run] flowcast  k=1/4 seq=3/12 (3/48)  t0=1592   rollout=  0.6s  avg= 0.6s/seq  elapsed=  0.0m  eta=  0.4m
[run] flowcast  k=1/4 seq=4/12 (4/48)  t0=2388   rollout=  0.6s  avg= 0.6s/seq  elapsed=  0.0m  eta=  0.4m
[run] flowcast  k=1/4 seq=5/12 (5/48)  t0=3184   rollout=  0.6s  avg= 0.6s/seq  elapsed=  0.0m  eta=  0.4m
[run] flowcast  k=1/4 seq=6/12 (6/48)  t0=3980   rollout=  0.6s  avg= 0.6s/seq  elapsed=  0.1m  eta=  0.4m
[run] flowcast  k=1/4 seq=7/12 (7/48)  t0=4776   rollout=  0.7s  avg= 0.6s/seq  elapsed=  0.1m  eta=  0.4m
[run] flowcast  k=1/4 seq=8/12 (8/48)  t0=5572   rollout=  0.7s  avg= 0.6s/seq  elapsed=  0.1m  eta=  0.4m
[run] flowcast  k=1/4 seq=9/12 (9/48)  t0=6368   rollout=  0.7s  avg= 0.6s/seq  elapsed=  0.1m  eta=  0.4m
[run] flowcast  k=1/4 seq=10/12 (10/48)  t0=7164   rollout=  0.7s  avg= 0.6s/seq  elapsed=  0.1m  eta=  0.4m
[run] flowcast  k=1/4 seq=11/12 (11/48)  t0=7960   rollout=  0.7s  avg= 0.6s/seq  elapsed=  0.1m  eta=  0.4m
[run] flowcast  k=1/4 seq=12/12 (12/48)  t0=8757   rollout=  0.7s  avg= 0.6s/seq  elapsed=  0.1m  eta=  0.4m
[run] flowcast  k=2/4 seq=1/12 (13/48)  t0=0      rollout=  0.7s  avg= 0.6s/seq  elapsed=  0.1m  eta=  0.4m
[run] flowcast  k=2/4 seq=2/12 (14/48)  t0=796    rollout=  0.7s  avg= 0.6s/seq  elapsed=  0.1m  eta=  0.4m
[run] flowcast  k=2/4 seq=3/12 (15/48)  t0=1592   rollout=  0.7s  avg= 0.6s/seq  elapsed=  0.2m  eta=  0.4m
[run] flowcast  k=2/4 seq=4/12 (16/48)  t0=2388   rollout=  0.7s  avg= 0.6s/seq  elapsed=  0.2m  eta=  0.3m
[run] flowcast  k=2/4 seq=5/12 (17/48)  t0=3184   rollout=  0.7s  avg= 0.7s/seq  elapsed=  0.2m  eta=  0.3m
[run] flowcast  k=2/4 seq=6/12 (18/48)  t0=3980   rollout=  0.7s  avg= 0.7s/seq  elapsed=  0.2m  eta=  0.3m
[run] flowcast  k=2/4 seq=7/12 (19/48)  t0=4776   rollout=  0.7s  avg= 0.7s/seq  elapsed=  0.2m  eta=  0.3m
[run] flowcast  k=2/4 seq=8/12 (20/48)  t0=5572   rollout=  0.7s  avg= 0.7s/seq  elapsed=  0.2m  eta=  0.3m
[run] flowcast  k=2/4 seq=9/12 (21/48)  t0=6368   rollout=  0.7s  avg= 0.7s/seq  elapsed=  0.2m  eta=  0.3m
[run] flowcast  k=2/4 seq=10/12 (22/48)  t0=7164   rollout=  0.7s  avg= 0.7s/seq  elapsed=  0.2m  eta=  0.3m
[run] flowcast  k=2/4 seq=11/12 (23/48)  t0=7960   rollout=  0.7s  avg= 0.7s/seq  elapsed=  0.3m  eta=  0.3m
[run] flowcast  k=2/4 seq=12/12 (24/48)  t0=8757   rollout=  0.7s  avg= 0.7s/seq  elapsed=  0.3m  eta=  0.3m
[run] flowcast  k=3/4 seq=1/12 (25/48)  t0=0      rollout=  0.7s  avg= 0.7s/seq  elapsed=  0.3m  eta=  0.3m
[run] flowcast  k=3/4 seq=2/12 (26/48)  t0=796    rollout=  0.7s  avg= 0.7s/seq  elapsed=  0.3m  eta=  0.2m
[run] flowcast  k=3/4 seq=3/12 (27/48)  t0=1592   rollout=  0.7s  avg= 0.7s/seq  elapsed=  0.3m  eta=  0.2m
[run] flowcast  k=3/4 seq=4/12 (28/48)  t0=2388   rollout=  0.7s  avg= 0.7s/seq  elapsed=  0.3m  eta=  0.2m
[run] flowcast  k=3/4 seq=5/12 (29/48)  t0=3184   rollout=  0.7s  avg= 0.7s/seq  elapsed=  0.3m  eta=  0.2m
[run] flowcast  k=3/4 seq=6/12 (30/48)  t0=3980   rollout=  0.7s  avg= 0.7s/seq  elapsed=  0.3m  eta=  0.2m
[run] flowcast  k=3/4 seq=7/12 (31/48)  t0=4776   rollout=  0.7s  avg= 0.7s/seq  elapsed=  0.3m  eta=  0.2m
[run] flowcast  k=3/4 seq=8/12 (32/48)  t0=5572   rollout=  0.7s  avg= 0.7s/seq  elapsed=  0.4m  eta=  0.2m
[run] flowcast  k=3/4 seq=9/12 (33/48)  t0=6368   rollout=  0.7s  avg= 0.7s/seq  elapsed=  0.4m  eta=  0.2m
[run] flowcast  k=3/4 seq=10/12 (34/48)  t0=7164   rollout=  0.7s  avg= 0.7s/seq  elapsed=  0.4m  eta=  0.2m
[run] flowcast  k=3/4 seq=11/12 (35/48)  t0=7960   rollout=  0.7s  avg= 0.7s/seq  elapsed=  0.4m  eta=  0.1m
[run] flowcast  k=3/4 seq=12/12 (36/48)  t0=8757   rollout=  0.7s  avg= 0.7s/seq  elapsed=  0.4m  eta=  0.1m
[run] flowcast  k=4/4 seq=1/12 (37/48)  t0=0      rollout=  0.7s  avg= 0.7s/seq  elapsed=  0.4m  eta=  0.1m
[run] flowcast  k=4/4 seq=2/12 (38/48)  t0=796    rollout=  0.7s  avg= 0.7s/seq  elapsed=  0.4m  eta=  0.1m
[run] flowcast  k=4/4 seq=3/12 (39/48)  t0=1592   rollout=  0.7s  avg= 0.7s/seq  elapsed=  0.4m  eta=  0.1m
[run] flowcast  k=4/4 seq=4/12 (40/48)  t0=2388   rollout=  0.7s  avg= 0.7s/seq  elapsed=  0.5m  eta=  0.1m
[run] flowcast  k=4/4 seq=5/12 (41/48)  t0=3184   rollout=  0.7s  avg= 0.7s/seq  elapsed=  0.5m  eta=  0.1m
[run] flowcast  k=4/4 seq=6/12 (42/48)  t0=3980   rollout=  0.7s  avg= 0.7s/seq  elapsed=  0.5m  eta=  0.1m
[run] flowcast  k=4/4 seq=7/12 (43/48)  t0=4776   rollout=  0.7s  avg= 0.7s/seq  elapsed=  0.5m  eta=  0.1m
[run] flowcast  k=4/4 seq=8/12 (44/48)  t0=5572   rollout=  0.7s  avg= 0.7s/seq  elapsed=  0.5m  eta=  0.0m
[run] flowcast  k=4/4 seq=9/12 (45/48)  t0=6368   rollout=  0.7s  avg= 0.7s/seq  elapsed=  0.5m  eta=  0.0m
[run] flowcast  k=4/4 seq=10/12 (46/48)  t0=7164   rollout=  0.7s  avg= 0.7s/seq  elapsed=  0.5m  eta=  0.0m
[run] flowcast  k=4/4 seq=11/12 (47/48)  t0=7960   rollout=  0.7s  avg= 0.7s/seq  elapsed=  0.5m  eta=  0.0m
[run] flowcast  k=4/4 seq=12/12 (48/48)  t0=8757   rollout=  0.7s  avg= 0.7s/seq  elapsed=  0.5m  eta=  0.0m
[run] flowcast ensemble finished in 0.5m
[2026-06-12 07:24:56] [nfe_sweep] NFE= 12  t/seq= 0.63s  CRPS-qpepre=0.1328  CSI-M=0.2635  RMSE-qpepre=0.5762  NFE-elapsed=0.5m
| method | Time/Seq.(s) | CRPS↓ | CSI-M↑ | CSI-P16↑ | FSS-P16-M↑ | HSS-M↑ | FAR-M↓ | RMSE_u10↓ | RMSE_v10↓ | RMSE_t2m↓ | RMSE_qpepre↓ |
|---|---|---|---|---|---|---|---|---|---|---|---|
| flowcast | 0.632 | 0.3087 | 0.2635 | 0.1667 | 0.3155 | 0.3573 | 0.2186 | 0.8863 | 0.9187 | 0.4472 | 0.5762 |

================================================================
[2026-06-12 07:24:56] NFE = 16   (10/15)
================================================================
[run] flowcast ensemble starting: K=4 x S=12 x T=1 = 48 sequence-rollouts
[run] flowcast  k=1/4 seq=1/12 (1/48)  t0=0      rollout=  0.7s  avg= 0.7s/seq  elapsed=  0.0m  eta=  0.6m
[run] flowcast  k=1/4 seq=2/12 (2/48)  t0=796    rollout=  0.7s  avg= 0.7s/seq  elapsed=  0.0m  eta=  0.6m
[run] flowcast  k=1/4 seq=3/12 (3/48)  t0=1592   rollout=  0.7s  avg= 0.7s/seq  elapsed=  0.0m  eta=  0.5m
[run] flowcast  k=1/4 seq=4/12 (4/48)  t0=2388   rollout=  0.7s  avg= 0.7s/seq  elapsed=  0.0m  eta=  0.5m
[run] flowcast  k=1/4 seq=5/12 (5/48)  t0=3184   rollout=  0.7s  avg= 0.7s/seq  elapsed=  0.1m  eta=  0.5m
[run] flowcast  k=1/4 seq=6/12 (6/48)  t0=3980   rollout=  0.7s  avg= 0.7s/seq  elapsed=  0.1m  eta=  0.5m
[run] flowcast  k=1/4 seq=7/12 (7/48)  t0=4776   rollout=  0.8s  avg= 0.7s/seq  elapsed=  0.1m  eta=  0.5m
[run] flowcast  k=1/4 seq=8/12 (8/48)  t0=5572   rollout=  0.7s  avg= 0.7s/seq  elapsed=  0.1m  eta=  0.5m
[run] flowcast  k=1/4 seq=9/12 (9/48)  t0=6368   rollout=  0.7s  avg= 0.7s/seq  elapsed=  0.1m  eta=  0.5m
[run] flowcast  k=1/4 seq=10/12 (10/48)  t0=7164   rollout=  0.7s  avg= 0.7s/seq  elapsed=  0.1m  eta=  0.5m
[run] flowcast  k=1/4 seq=11/12 (11/48)  t0=7960   rollout=  0.7s  avg= 0.7s/seq  elapsed=  0.1m  eta=  0.4m
[run] flowcast  k=1/4 seq=12/12 (12/48)  t0=8757   rollout=  0.7s  avg= 0.7s/seq  elapsed=  0.1m  eta=  0.4m
[run] flowcast  k=2/4 seq=1/12 (13/48)  t0=0      rollout=  0.7s  avg= 0.7s/seq  elapsed=  0.2m  eta=  0.4m
[run] flowcast  k=2/4 seq=2/12 (14/48)  t0=796    rollout=  0.7s  avg= 0.7s/seq  elapsed=  0.2m  eta=  0.4m
[run] flowcast  k=2/4 seq=3/12 (15/48)  t0=1592   rollout=  0.7s  avg= 0.7s/seq  elapsed=  0.2m  eta=  0.4m
[run] flowcast  k=2/4 seq=4/12 (16/48)  t0=2388   rollout=  0.7s  avg= 0.7s/seq  elapsed=  0.2m  eta=  0.4m
[run] flowcast  k=2/4 seq=5/12 (17/48)  t0=3184   rollout=  0.7s  avg= 0.7s/seq  elapsed=  0.2m  eta=  0.4m
[run] flowcast  k=2/4 seq=6/12 (18/48)  t0=3980   rollout=  0.7s  avg= 0.7s/seq  elapsed=  0.2m  eta=  0.4m
[run] flowcast  k=2/4 seq=7/12 (19/48)  t0=4776   rollout=  0.7s  avg= 0.7s/seq  elapsed=  0.2m  eta=  0.3m
[run] flowcast  k=2/4 seq=8/12 (20/48)  t0=5572   rollout=  0.7s  avg= 0.7s/seq  elapsed=  0.2m  eta=  0.3m
[run] flowcast  k=2/4 seq=9/12 (21/48)  t0=6368   rollout=  0.7s  avg= 0.7s/seq  elapsed=  0.3m  eta=  0.3m
[run] flowcast  k=2/4 seq=10/12 (22/48)  t0=7164   rollout=  0.7s  avg= 0.7s/seq  elapsed=  0.3m  eta=  0.3m
[run] flowcast  k=2/4 seq=11/12 (23/48)  t0=7960   rollout=  0.7s  avg= 0.7s/seq  elapsed=  0.3m  eta=  0.3m
[run] flowcast  k=2/4 seq=12/12 (24/48)  t0=8757   rollout=  0.7s  avg= 0.7s/seq  elapsed=  0.3m  eta=  0.3m
[run] flowcast  k=3/4 seq=1/12 (25/48)  t0=0      rollout=  0.7s  avg= 0.7s/seq  elapsed=  0.3m  eta=  0.3m
[run] flowcast  k=3/4 seq=2/12 (26/48)  t0=796    rollout=  0.7s  avg= 0.7s/seq  elapsed=  0.3m  eta=  0.3m
[run] flowcast  k=3/4 seq=3/12 (27/48)  t0=1592   rollout=  0.7s  avg= 0.7s/seq  elapsed=  0.3m  eta=  0.3m
[run] flowcast  k=3/4 seq=4/12 (28/48)  t0=2388   rollout=  0.7s  avg= 0.7s/seq  elapsed=  0.3m  eta=  0.2m
[run] flowcast  k=3/4 seq=5/12 (29/48)  t0=3184   rollout=  0.7s  avg= 0.7s/seq  elapsed=  0.3m  eta=  0.2m
[run] flowcast  k=3/4 seq=6/12 (30/48)  t0=3980   rollout=  0.7s  avg= 0.7s/seq  elapsed=  0.4m  eta=  0.2m
[run] flowcast  k=3/4 seq=7/12 (31/48)  t0=4776   rollout=  0.7s  avg= 0.7s/seq  elapsed=  0.4m  eta=  0.2m
[run] flowcast  k=3/4 seq=8/12 (32/48)  t0=5572   rollout=  0.7s  avg= 0.7s/seq  elapsed=  0.4m  eta=  0.2m
[run] flowcast  k=3/4 seq=9/12 (33/48)  t0=6368   rollout=  0.7s  avg= 0.7s/seq  elapsed=  0.4m  eta=  0.2m
[run] flowcast  k=3/4 seq=10/12 (34/48)  t0=7164   rollout=  0.7s  avg= 0.7s/seq  elapsed=  0.4m  eta=  0.2m
[run] flowcast  k=3/4 seq=11/12 (35/48)  t0=7960   rollout=  0.9s  avg= 0.7s/seq  elapsed=  0.4m  eta=  0.2m
[run] flowcast  k=3/4 seq=12/12 (36/48)  t0=8757   rollout=  0.9s  avg= 0.7s/seq  elapsed=  0.4m  eta=  0.1m
[run] flowcast  k=4/4 seq=1/12 (37/48)  t0=0      rollout=  0.7s  avg= 0.7s/seq  elapsed=  0.4m  eta=  0.1m
[run] flowcast  k=4/4 seq=2/12 (38/48)  t0=796    rollout=  0.7s  avg= 0.7s/seq  elapsed=  0.5m  eta=  0.1m
[run] flowcast  k=4/4 seq=3/12 (39/48)  t0=1592   rollout=  0.7s  avg= 0.7s/seq  elapsed=  0.5m  eta=  0.1m
[run] flowcast  k=4/4 seq=4/12 (40/48)  t0=2388   rollout=  0.7s  avg= 0.7s/seq  elapsed=  0.5m  eta=  0.1m
[run] flowcast  k=4/4 seq=5/12 (41/48)  t0=3184   rollout=  0.7s  avg= 0.7s/seq  elapsed=  0.5m  eta=  0.1m
[run] flowcast  k=4/4 seq=6/12 (42/48)  t0=3980   rollout=  0.7s  avg= 0.7s/seq  elapsed=  0.5m  eta=  0.1m
[run] flowcast  k=4/4 seq=7/12 (43/48)  t0=4776   rollout=  0.7s  avg= 0.7s/seq  elapsed=  0.5m  eta=  0.1m
[run] flowcast  k=4/4 seq=8/12 (44/48)  t0=5572   rollout=  0.7s  avg= 0.7s/seq  elapsed=  0.5m  eta=  0.0m
[run] flowcast  k=4/4 seq=9/12 (45/48)  t0=6368   rollout=  0.7s  avg= 0.7s/seq  elapsed=  0.5m  eta=  0.0m
[run] flowcast  k=4/4 seq=10/12 (46/48)  t0=7164   rollout=  0.7s  avg= 0.7s/seq  elapsed=  0.6m  eta=  0.0m
[run] flowcast  k=4/4 seq=11/12 (47/48)  t0=7960   rollout=  0.7s  avg= 0.7s/seq  elapsed=  0.6m  eta=  0.0m
[run] flowcast  k=4/4 seq=12/12 (48/48)  t0=8757   rollout=  0.7s  avg= 0.7s/seq  elapsed=  0.6m  eta=  0.0m
[run] flowcast ensemble finished in 0.6m
[2026-06-12 07:25:31] [nfe_sweep] NFE= 16  t/seq= 0.73s  CRPS-qpepre=0.1318  CSI-M=0.2625  RMSE-qpepre=0.5802  NFE-elapsed=0.6m
| method | Time/Seq.(s) | CRPS↓ | CSI-M↑ | CSI-P16↑ | FSS-P16-M↑ | HSS-M↑ | FAR-M↓ | RMSE_u10↓ | RMSE_v10↓ | RMSE_t2m↓ | RMSE_qpepre↓ |
|---|---|---|---|---|---|---|---|---|---|---|---|
| flowcast | 0.727 | 0.3069 | 0.2625 | 0.1667 | 0.3155 | 0.3566 | 0.2422 | 0.8927 | 0.9293 | 0.4496 | 0.5802 |

================================================================
[2026-06-12 07:25:31] NFE = 20   (11/15)
================================================================
[run] flowcast ensemble starting: K=4 x S=12 x T=1 = 48 sequence-rollouts
[run] flowcast  k=1/4 seq=1/12 (1/48)  t0=0      rollout=  0.9s  avg= 0.9s/seq  elapsed=  0.0m  eta=  0.7m
[run] flowcast  k=1/4 seq=2/12 (2/48)  t0=796    rollout=  0.9s  avg= 0.9s/seq  elapsed=  0.0m  eta=  0.7m
[run] flowcast  k=1/4 seq=3/12 (3/48)  t0=1592   rollout=  0.9s  avg= 0.9s/seq  elapsed=  0.0m  eta=  0.7m
[run] flowcast  k=1/4 seq=4/12 (4/48)  t0=2388   rollout=  0.9s  avg= 0.9s/seq  elapsed=  0.1m  eta=  0.6m
[run] flowcast  k=1/4 seq=5/12 (5/48)  t0=3184   rollout=  0.9s  avg= 0.9s/seq  elapsed=  0.1m  eta=  0.6m
[run] flowcast  k=1/4 seq=6/12 (6/48)  t0=3980   rollout=  0.9s  avg= 0.9s/seq  elapsed=  0.1m  eta=  0.6m
[run] flowcast  k=1/4 seq=7/12 (7/48)  t0=4776   rollout=  0.9s  avg= 0.9s/seq  elapsed=  0.1m  eta=  0.6m
[run] flowcast  k=1/4 seq=8/12 (8/48)  t0=5572   rollout=  0.9s  avg= 0.9s/seq  elapsed=  0.1m  eta=  0.6m
[run] flowcast  k=1/4 seq=9/12 (9/48)  t0=6368   rollout=  0.9s  avg= 0.9s/seq  elapsed=  0.1m  eta=  0.6m
[run] flowcast  k=1/4 seq=10/12 (10/48)  t0=7164   rollout=  0.9s  avg= 0.9s/seq  elapsed=  0.1m  eta=  0.6m
[run] flowcast  k=1/4 seq=11/12 (11/48)  t0=7960   rollout=  0.9s  avg= 0.9s/seq  elapsed=  0.2m  eta=  0.5m
[run] flowcast  k=1/4 seq=12/12 (12/48)  t0=8757   rollout=  0.9s  avg= 0.9s/seq  elapsed=  0.2m  eta=  0.5m
[run] flowcast  k=2/4 seq=1/12 (13/48)  t0=0      rollout=  0.9s  avg= 0.9s/seq  elapsed=  0.2m  eta=  0.5m
[run] flowcast  k=2/4 seq=2/12 (14/48)  t0=796    rollout=  0.9s  avg= 0.9s/seq  elapsed=  0.2m  eta=  0.5m
[run] flowcast  k=2/4 seq=3/12 (15/48)  t0=1592   rollout=  0.9s  avg= 0.9s/seq  elapsed=  0.2m  eta=  0.5m
[run] flowcast  k=2/4 seq=4/12 (16/48)  t0=2388   rollout=  0.9s  avg= 0.9s/seq  elapsed=  0.2m  eta=  0.5m
[run] flowcast  k=2/4 seq=5/12 (17/48)  t0=3184   rollout=  0.9s  avg= 0.9s/seq  elapsed=  0.2m  eta=  0.5m
[run] flowcast  k=2/4 seq=6/12 (18/48)  t0=3980   rollout=  0.9s  avg= 0.9s/seq  elapsed=  0.3m  eta=  0.4m
[run] flowcast  k=2/4 seq=7/12 (19/48)  t0=4776   rollout=  0.9s  avg= 0.9s/seq  elapsed=  0.3m  eta=  0.4m
[run] flowcast  k=2/4 seq=8/12 (20/48)  t0=5572   rollout=  0.9s  avg= 0.9s/seq  elapsed=  0.3m  eta=  0.4m
[run] flowcast  k=2/4 seq=9/12 (21/48)  t0=6368   rollout=  0.9s  avg= 0.9s/seq  elapsed=  0.3m  eta=  0.4m
[run] flowcast  k=2/4 seq=10/12 (22/48)  t0=7164   rollout=  0.9s  avg= 0.9s/seq  elapsed=  0.3m  eta=  0.4m
[run] flowcast  k=2/4 seq=11/12 (23/48)  t0=7960   rollout=  0.9s  avg= 0.9s/seq  elapsed=  0.3m  eta=  0.4m
[run] flowcast  k=2/4 seq=12/12 (24/48)  t0=8757   rollout=  0.9s  avg= 0.9s/seq  elapsed=  0.3m  eta=  0.3m
[run] flowcast  k=3/4 seq=1/12 (25/48)  t0=0      rollout=  0.9s  avg= 0.9s/seq  elapsed=  0.4m  eta=  0.3m
[run] flowcast  k=3/4 seq=2/12 (26/48)  t0=796    rollout=  0.9s  avg= 0.9s/seq  elapsed=  0.4m  eta=  0.3m
[run] flowcast  k=3/4 seq=3/12 (27/48)  t0=1592   rollout=  0.9s  avg= 0.9s/seq  elapsed=  0.4m  eta=  0.3m
[run] flowcast  k=3/4 seq=4/12 (28/48)  t0=2388   rollout=  0.9s  avg= 0.9s/seq  elapsed=  0.4m  eta=  0.3m
[run] flowcast  k=3/4 seq=5/12 (29/48)  t0=3184   rollout=  0.9s  avg= 0.9s/seq  elapsed=  0.4m  eta=  0.3m
[run] flowcast  k=3/4 seq=6/12 (30/48)  t0=3980   rollout=  0.9s  avg= 0.9s/seq  elapsed=  0.4m  eta=  0.3m
[run] flowcast  k=3/4 seq=7/12 (31/48)  t0=4776   rollout=  0.9s  avg= 0.9s/seq  elapsed=  0.5m  eta=  0.2m
[run] flowcast  k=3/4 seq=8/12 (32/48)  t0=5572   rollout=  0.9s  avg= 0.9s/seq  elapsed=  0.5m  eta=  0.2m
[run] flowcast  k=3/4 seq=9/12 (33/48)  t0=6368   rollout=  0.9s  avg= 0.9s/seq  elapsed=  0.5m  eta=  0.2m
[run] flowcast  k=3/4 seq=10/12 (34/48)  t0=7164   rollout=  0.9s  avg= 0.9s/seq  elapsed=  0.5m  eta=  0.2m
[run] flowcast  k=3/4 seq=11/12 (35/48)  t0=7960   rollout=  0.9s  avg= 0.9s/seq  elapsed=  0.5m  eta=  0.2m
[run] flowcast  k=3/4 seq=12/12 (36/48)  t0=8757   rollout=  0.9s  avg= 0.9s/seq  elapsed=  0.5m  eta=  0.2m
[run] flowcast  k=4/4 seq=1/12 (37/48)  t0=0      rollout=  0.9s  avg= 0.9s/seq  elapsed=  0.5m  eta=  0.2m
[run] flowcast  k=4/4 seq=2/12 (38/48)  t0=796    rollout=  0.9s  avg= 0.9s/seq  elapsed=  0.6m  eta=  0.1m
[run] flowcast  k=4/4 seq=3/12 (39/48)  t0=1592   rollout=  0.9s  avg= 0.9s/seq  elapsed=  0.6m  eta=  0.1m
[run] flowcast  k=4/4 seq=4/12 (40/48)  t0=2388   rollout=  0.9s  avg= 0.9s/seq  elapsed=  0.6m  eta=  0.1m
[run] flowcast  k=4/4 seq=5/12 (41/48)  t0=3184   rollout=  0.9s  avg= 0.9s/seq  elapsed=  0.6m  eta=  0.1m
[run] flowcast  k=4/4 seq=6/12 (42/48)  t0=3980   rollout=  0.9s  avg= 0.9s/seq  elapsed=  0.6m  eta=  0.1m
[run] flowcast  k=4/4 seq=7/12 (43/48)  t0=4776   rollout=  0.9s  avg= 0.9s/seq  elapsed=  0.6m  eta=  0.1m
[run] flowcast  k=4/4 seq=8/12 (44/48)  t0=5572   rollout=  0.9s  avg= 0.9s/seq  elapsed=  0.6m  eta=  0.1m
[run] flowcast  k=4/4 seq=9/12 (45/48)  t0=6368   rollout=  0.9s  avg= 0.9s/seq  elapsed=  0.7m  eta=  0.0m
[run] flowcast  k=4/4 seq=10/12 (46/48)  t0=7164   rollout=  0.9s  avg= 0.9s/seq  elapsed=  0.7m  eta=  0.0m
[run] flowcast  k=4/4 seq=11/12 (47/48)  t0=7960   rollout=  0.9s  avg= 0.9s/seq  elapsed=  0.7m  eta=  0.0m
[run] flowcast  k=4/4 seq=12/12 (48/48)  t0=8757   rollout=  0.9s  avg= 0.9s/seq  elapsed=  0.7m  eta=  0.0m
[run] flowcast ensemble finished in 0.7m
[2026-06-12 07:26:13] [nfe_sweep] NFE= 20  t/seq= 0.88s  CRPS-qpepre=0.1310  CSI-M=0.2605  RMSE-qpepre=0.5834  NFE-elapsed=0.7m
| method | Time/Seq.(s) | CRPS↓ | CSI-M↑ | CSI-P16↑ | FSS-P16-M↑ | HSS-M↑ | FAR-M↓ | RMSE_u10↓ | RMSE_v10↓ | RMSE_t2m↓ | RMSE_qpepre↓ |
|---|---|---|---|---|---|---|---|---|---|---|---|
| flowcast | 0.877 | 0.3063 | 0.2605 | 0.1594 | 0.3492 | 0.3538 | 0.2961 | 0.8973 | 0.9368 | 0.4519 | 0.5834 |

================================================================
[2026-06-12 07:26:13] NFE = 25   (12/15)
================================================================
[run] flowcast ensemble starting: K=4 x S=12 x T=1 = 48 sequence-rollouts
[run] flowcast  k=1/4 seq=1/12 (1/48)  t0=0      rollout=  1.1s  avg= 1.1s/seq  elapsed=  0.0m  eta=  0.8m
[run] flowcast  k=1/4 seq=2/12 (2/48)  t0=796    rollout=  1.1s  avg= 1.1s/seq  elapsed=  0.0m  eta=  0.8m
[run] flowcast  k=1/4 seq=3/12 (3/48)  t0=1592   rollout=  1.1s  avg= 1.1s/seq  elapsed=  0.1m  eta=  0.8m
[run] flowcast  k=1/4 seq=4/12 (4/48)  t0=2388   rollout=  1.1s  avg= 1.1s/seq  elapsed=  0.1m  eta=  0.8m
[run] flowcast  k=1/4 seq=5/12 (5/48)  t0=3184   rollout=  1.1s  avg= 1.1s/seq  elapsed=  0.1m  eta=  0.8m
[run] flowcast  k=1/4 seq=6/12 (6/48)  t0=3980   rollout=  1.1s  avg= 1.1s/seq  elapsed=  0.1m  eta=  0.7m
[run] flowcast  k=1/4 seq=7/12 (7/48)  t0=4776   rollout=  1.1s  avg= 1.1s/seq  elapsed=  0.1m  eta=  0.7m
[run] flowcast  k=1/4 seq=8/12 (8/48)  t0=5572   rollout=  1.1s  avg= 1.1s/seq  elapsed=  0.1m  eta=  0.7m
[run] flowcast  k=1/4 seq=9/12 (9/48)  t0=6368   rollout=  1.1s  avg= 1.1s/seq  elapsed=  0.2m  eta=  0.7m
[run] flowcast  k=1/4 seq=10/12 (10/48)  t0=7164   rollout=  1.1s  avg= 1.1s/seq  elapsed=  0.2m  eta=  0.7m
[run] flowcast  k=1/4 seq=11/12 (11/48)  t0=7960   rollout=  1.1s  avg= 1.1s/seq  elapsed=  0.2m  eta=  0.7m
[run] flowcast  k=1/4 seq=12/12 (12/48)  t0=8757   rollout=  1.1s  avg= 1.1s/seq  elapsed=  0.2m  eta=  0.6m
[run] flowcast  k=2/4 seq=1/12 (13/48)  t0=0      rollout=  1.1s  avg= 1.1s/seq  elapsed=  0.2m  eta=  0.6m
[run] flowcast  k=2/4 seq=2/12 (14/48)  t0=796    rollout=  1.1s  avg= 1.1s/seq  elapsed=  0.2m  eta=  0.6m
[run] flowcast  k=2/4 seq=3/12 (15/48)  t0=1592   rollout=  1.1s  avg= 1.1s/seq  elapsed=  0.3m  eta=  0.6m
[run] flowcast  k=2/4 seq=4/12 (16/48)  t0=2388   rollout=  1.1s  avg= 1.1s/seq  elapsed=  0.3m  eta=  0.6m
[run] flowcast  k=2/4 seq=5/12 (17/48)  t0=3184   rollout=  1.1s  avg= 1.1s/seq  elapsed=  0.3m  eta=  0.6m
[run] flowcast  k=2/4 seq=6/12 (18/48)  t0=3980   rollout=  1.1s  avg= 1.1s/seq  elapsed=  0.3m  eta=  0.5m
[run] flowcast  k=2/4 seq=7/12 (19/48)  t0=4776   rollout=  1.1s  avg= 1.1s/seq  elapsed=  0.3m  eta=  0.5m
[run] flowcast  k=2/4 seq=8/12 (20/48)  t0=5572   rollout=  1.1s  avg= 1.1s/seq  elapsed=  0.4m  eta=  0.5m
[run] flowcast  k=2/4 seq=9/12 (21/48)  t0=6368   rollout=  1.1s  avg= 1.1s/seq  elapsed=  0.4m  eta=  0.5m
[run] flowcast  k=2/4 seq=10/12 (22/48)  t0=7164   rollout=  1.1s  avg= 1.1s/seq  elapsed=  0.4m  eta=  0.5m
[run] flowcast  k=2/4 seq=11/12 (23/48)  t0=7960   rollout=  1.1s  avg= 1.1s/seq  elapsed=  0.4m  eta=  0.4m
[run] flowcast  k=2/4 seq=12/12 (24/48)  t0=8757   rollout=  1.1s  avg= 1.1s/seq  elapsed=  0.4m  eta=  0.4m
[run] flowcast  k=3/4 seq=1/12 (25/48)  t0=0      rollout=  1.1s  avg= 1.1s/seq  elapsed=  0.4m  eta=  0.4m
[run] flowcast  k=3/4 seq=2/12 (26/48)  t0=796    rollout=  1.1s  avg= 1.1s/seq  elapsed=  0.5m  eta=  0.4m
[run] flowcast  k=3/4 seq=3/12 (27/48)  t0=1592   rollout=  1.0s  avg= 1.1s/seq  elapsed=  0.5m  eta=  0.4m
[run] flowcast  k=3/4 seq=4/12 (28/48)  t0=2388   rollout=  1.1s  avg= 1.1s/seq  elapsed=  0.5m  eta=  0.4m
[run] flowcast  k=3/4 seq=5/12 (29/48)  t0=3184   rollout=  1.1s  avg= 1.1s/seq  elapsed=  0.5m  eta=  0.3m
[run] flowcast  k=3/4 seq=6/12 (30/48)  t0=3980   rollout=  1.1s  avg= 1.1s/seq  elapsed=  0.5m  eta=  0.3m
[run] flowcast  k=3/4 seq=7/12 (31/48)  t0=4776   rollout=  1.1s  avg= 1.1s/seq  elapsed=  0.6m  eta=  0.3m
[run] flowcast  k=3/4 seq=8/12 (32/48)  t0=5572   rollout=  1.1s  avg= 1.1s/seq  elapsed=  0.6m  eta=  0.3m
[run] flowcast  k=3/4 seq=9/12 (33/48)  t0=6368   rollout=  1.0s  avg= 1.1s/seq  elapsed=  0.6m  eta=  0.3m
[run] flowcast  k=3/4 seq=10/12 (34/48)  t0=7164   rollout=  1.1s  avg= 1.1s/seq  elapsed=  0.6m  eta=  0.2m
[run] flowcast  k=3/4 seq=11/12 (35/48)  t0=7960   rollout=  1.1s  avg= 1.1s/seq  elapsed=  0.6m  eta=  0.2m
[run] flowcast  k=3/4 seq=12/12 (36/48)  t0=8757   rollout=  1.1s  avg= 1.1s/seq  elapsed=  0.6m  eta=  0.2m
[run] flowcast  k=4/4 seq=1/12 (37/48)  t0=0      rollout=  1.1s  avg= 1.1s/seq  elapsed=  0.7m  eta=  0.2m
[run] flowcast  k=4/4 seq=2/12 (38/48)  t0=796    rollout=  1.4s  avg= 1.1s/seq  elapsed=  0.7m  eta=  0.2m
[run] flowcast  k=4/4 seq=3/12 (39/48)  t0=1592   rollout=  1.3s  avg= 1.1s/seq  elapsed=  0.7m  eta=  0.2m
[run] flowcast  k=4/4 seq=4/12 (40/48)  t0=2388   rollout=  1.3s  avg= 1.1s/seq  elapsed=  0.7m  eta=  0.1m
[run] flowcast  k=4/4 seq=5/12 (41/48)  t0=3184   rollout=  1.3s  avg= 1.1s/seq  elapsed=  0.7m  eta=  0.1m
[run] flowcast  k=4/4 seq=6/12 (42/48)  t0=3980   rollout=  1.3s  avg= 1.1s/seq  elapsed=  0.8m  eta=  0.1m
[run] flowcast  k=4/4 seq=7/12 (43/48)  t0=4776   rollout=  1.4s  avg= 1.1s/seq  elapsed=  0.8m  eta=  0.1m
[run] flowcast  k=4/4 seq=8/12 (44/48)  t0=5572   rollout=  1.3s  avg= 1.1s/seq  elapsed=  0.8m  eta=  0.1m
[run] flowcast  k=4/4 seq=9/12 (45/48)  t0=6368   rollout=  1.4s  avg= 1.1s/seq  elapsed=  0.8m  eta=  0.1m
[run] flowcast  k=4/4 seq=10/12 (46/48)  t0=7164   rollout=  1.3s  avg= 1.1s/seq  elapsed=  0.9m  eta=  0.0m
[run] flowcast  k=4/4 seq=11/12 (47/48)  t0=7960   rollout=  1.3s  avg= 1.1s/seq  elapsed=  0.9m  eta=  0.0m
[run] flowcast  k=4/4 seq=12/12 (48/48)  t0=8757   rollout=  1.3s  avg= 1.1s/seq  elapsed=  0.9m  eta=  0.0m
[run] flowcast ensemble finished in 0.9m
[2026-06-12 07:27:07] [nfe_sweep] NFE= 25  t/seq= 1.06s  CRPS-qpepre=0.1306  CSI-M=0.2601  RMSE-qpepre=0.5873  NFE-elapsed=0.9m
| method | Time/Seq.(s) | CRPS↓ | CSI-M↑ | CSI-P16↑ | FSS-P16-M↑ | HSS-M↑ | FAR-M↓ | RMSE_u10↓ | RMSE_v10↓ | RMSE_t2m↓ | RMSE_qpepre↓ |
|---|---|---|---|---|---|---|---|---|---|---|---|
| flowcast | 1.065 | 0.3056 | 0.2601 | 0.1594 | 0.3492 | 0.3537 | 0.3083 | 0.9015 | 0.9425 | 0.4535 | 0.5873 |

================================================================
[2026-06-12 07:27:07] NFE = 32   (13/15)
================================================================
[run] flowcast ensemble starting: K=4 x S=12 x T=1 = 48 sequence-rollouts
[run] flowcast  k=1/4 seq=1/12 (1/48)  t0=0      rollout=  1.7s  avg= 1.7s/seq  elapsed=  0.0m  eta=  1.3m
[run] flowcast  k=1/4 seq=2/12 (2/48)  t0=796    rollout=  1.7s  avg= 1.7s/seq  elapsed=  0.1m  eta=  1.3m
[run] flowcast  k=1/4 seq=3/12 (3/48)  t0=1592   rollout=  1.7s  avg= 1.7s/seq  elapsed=  0.1m  eta=  1.3m
[run] flowcast  k=1/4 seq=4/12 (4/48)  t0=2388   rollout=  1.7s  avg= 1.7s/seq  elapsed=  0.1m  eta=  1.2m
[run] flowcast  k=1/4 seq=5/12 (5/48)  t0=3184   rollout=  1.7s  avg= 1.7s/seq  elapsed=  0.1m  eta=  1.2m
[run] flowcast  k=1/4 seq=6/12 (6/48)  t0=3980   rollout=  1.7s  avg= 1.7s/seq  elapsed=  0.2m  eta=  1.2m
[run] flowcast  k=1/4 seq=7/12 (7/48)  t0=4776   rollout=  1.7s  avg= 1.7s/seq  elapsed=  0.2m  eta=  1.1m
[run] flowcast  k=1/4 seq=8/12 (8/48)  t0=5572   rollout=  1.7s  avg= 1.7s/seq  elapsed=  0.2m  eta=  1.1m
[run] flowcast  k=1/4 seq=9/12 (9/48)  t0=6368   rollout=  1.7s  avg= 1.7s/seq  elapsed=  0.3m  eta=  1.1m
[run] flowcast  k=1/4 seq=10/12 (10/48)  t0=7164   rollout=  1.7s  avg= 1.7s/seq  elapsed=  0.3m  eta=  1.1m
[run] flowcast  k=1/4 seq=11/12 (11/48)  t0=7960   rollout=  1.6s  avg= 1.7s/seq  elapsed=  0.3m  eta=  1.0m
[run] flowcast  k=1/4 seq=12/12 (12/48)  t0=8757   rollout=  1.7s  avg= 1.7s/seq  elapsed=  0.3m  eta=  1.0m
[run] flowcast  k=2/4 seq=1/12 (13/48)  t0=0      rollout=  1.7s  avg= 1.7s/seq  elapsed=  0.4m  eta=  1.0m
[run] flowcast  k=2/4 seq=2/12 (14/48)  t0=796    rollout=  1.7s  avg= 1.7s/seq  elapsed=  0.4m  eta=  0.9m
[run] flowcast  k=2/4 seq=3/12 (15/48)  t0=1592   rollout=  1.6s  avg= 1.7s/seq  elapsed=  0.4m  eta=  0.9m
[run] flowcast  k=2/4 seq=4/12 (16/48)  t0=2388   rollout=  1.9s  avg= 1.7s/seq  elapsed=  0.4m  eta=  0.9m
[run] flowcast  k=2/4 seq=5/12 (17/48)  t0=3184   rollout=  1.6s  avg= 1.7s/seq  elapsed=  0.5m  eta=  0.9m
[run] flowcast  k=2/4 seq=6/12 (18/48)  t0=3980   rollout=  1.6s  avg= 1.7s/seq  elapsed=  0.5m  eta=  0.8m
[run] flowcast  k=2/4 seq=7/12 (19/48)  t0=4776   rollout=  1.6s  avg= 1.7s/seq  elapsed=  0.5m  eta=  0.8m
[run] flowcast  k=2/4 seq=8/12 (20/48)  t0=5572   rollout=  1.7s  avg= 1.7s/seq  elapsed=  0.6m  eta=  0.8m
[run] flowcast  k=2/4 seq=9/12 (21/48)  t0=6368   rollout=  1.7s  avg= 1.7s/seq  elapsed=  0.6m  eta=  0.8m
[run] flowcast  k=2/4 seq=10/12 (22/48)  t0=7164   rollout=  1.4s  avg= 1.7s/seq  elapsed=  0.6m  eta=  0.7m
[run] flowcast  k=2/4 seq=11/12 (23/48)  t0=7960   rollout=  1.3s  avg= 1.6s/seq  elapsed=  0.6m  eta=  0.7m
[run] flowcast  k=2/4 seq=12/12 (24/48)  t0=8757   rollout=  1.3s  avg= 1.6s/seq  elapsed=  0.7m  eta=  0.7m
[run] flowcast  k=3/4 seq=1/12 (25/48)  t0=0      rollout=  1.3s  avg= 1.6s/seq  elapsed=  0.7m  eta=  0.6m
[run] flowcast  k=3/4 seq=2/12 (26/48)  t0=796    rollout=  1.3s  avg= 1.6s/seq  elapsed=  0.7m  eta=  0.6m
[run] flowcast  k=3/4 seq=3/12 (27/48)  t0=1592   rollout=  1.3s  avg= 1.6s/seq  elapsed=  0.7m  eta=  0.6m
[run] flowcast  k=3/4 seq=4/12 (28/48)  t0=2388   rollout=  1.3s  avg= 1.6s/seq  elapsed=  0.7m  eta=  0.5m
[run] flowcast  k=3/4 seq=5/12 (29/48)  t0=3184   rollout=  1.3s  avg= 1.6s/seq  elapsed=  0.8m  eta=  0.5m
[run] flowcast  k=3/4 seq=6/12 (30/48)  t0=3980   rollout=  1.3s  avg= 1.6s/seq  elapsed=  0.8m  eta=  0.5m
[run] flowcast  k=3/4 seq=7/12 (31/48)  t0=4776   rollout=  1.3s  avg= 1.6s/seq  elapsed=  0.8m  eta=  0.4m
[run] flowcast  k=3/4 seq=8/12 (32/48)  t0=5572   rollout=  1.3s  avg= 1.6s/seq  elapsed=  0.8m  eta=  0.4m
[run] flowcast  k=3/4 seq=9/12 (33/48)  t0=6368   rollout=  1.3s  avg= 1.6s/seq  elapsed=  0.9m  eta=  0.4m
[run] flowcast  k=3/4 seq=10/12 (34/48)  t0=7164   rollout=  1.3s  avg= 1.5s/seq  elapsed=  0.9m  eta=  0.4m
[run] flowcast  k=3/4 seq=11/12 (35/48)  t0=7960   rollout=  1.3s  avg= 1.5s/seq  elapsed=  0.9m  eta=  0.3m
[run] flowcast  k=3/4 seq=12/12 (36/48)  t0=8757   rollout=  1.3s  avg= 1.5s/seq  elapsed=  0.9m  eta=  0.3m
[run] flowcast  k=4/4 seq=1/12 (37/48)  t0=0      rollout=  1.3s  avg= 1.5s/seq  elapsed=  0.9m  eta=  0.3m
[run] flowcast  k=4/4 seq=2/12 (38/48)  t0=796    rollout=  1.3s  avg= 1.5s/seq  elapsed=  1.0m  eta=  0.3m
[run] flowcast  k=4/4 seq=3/12 (39/48)  t0=1592   rollout=  1.3s  avg= 1.5s/seq  elapsed=  1.0m  eta=  0.2m
[run] flowcast  k=4/4 seq=4/12 (40/48)  t0=2388   rollout=  1.5s  avg= 1.5s/seq  elapsed=  1.0m  eta=  0.2m
[run] flowcast  k=4/4 seq=5/12 (41/48)  t0=3184   rollout=  1.7s  avg= 1.5s/seq  elapsed=  1.0m  eta=  0.2m
[run] flowcast  k=4/4 seq=6/12 (42/48)  t0=3980   rollout=  1.6s  avg= 1.5s/seq  elapsed=  1.1m  eta=  0.2m
[run] flowcast  k=4/4 seq=7/12 (43/48)  t0=4776   rollout=  1.7s  avg= 1.5s/seq  elapsed=  1.1m  eta=  0.1m
[run] flowcast  k=4/4 seq=8/12 (44/48)  t0=5572   rollout=  1.6s  avg= 1.5s/seq  elapsed=  1.1m  eta=  0.1m
[run] flowcast  k=4/4 seq=9/12 (45/48)  t0=6368   rollout=  1.7s  avg= 1.5s/seq  elapsed=  1.1m  eta=  0.1m
[run] flowcast  k=4/4 seq=10/12 (46/48)  t0=7164   rollout=  1.7s  avg= 1.5s/seq  elapsed=  1.2m  eta=  0.1m
[run] flowcast  k=4/4 seq=11/12 (47/48)  t0=7960   rollout=  1.7s  avg= 1.5s/seq  elapsed=  1.2m  eta=  0.0m
[run] flowcast  k=4/4 seq=12/12 (48/48)  t0=8757   rollout=  1.5s  avg= 1.5s/seq  elapsed=  1.2m  eta=  0.0m
[run] flowcast ensemble finished in 1.2m
[2026-06-12 07:28:21] [nfe_sweep] NFE= 32  t/seq= 1.67s  CRPS-qpepre=0.1302  CSI-M=0.2593  RMSE-qpepre=0.5911  NFE-elapsed=1.2m
| method | Time/Seq.(s) | CRPS↓ | CSI-M↑ | CSI-P16↑ | FSS-P16-M↑ | HSS-M↑ | FAR-M↓ | RMSE_u10↓ | RMSE_v10↓ | RMSE_t2m↓ | RMSE_qpepre↓ |
|---|---|---|---|---|---|---|---|---|---|---|---|
| flowcast | 1.671 | 0.3053 | 0.2593 | 0.1594 | 0.3492 | 0.3528 | 0.3243 | 0.9057 | 0.9490 | 0.4554 | 0.5911 |

================================================================
[2026-06-12 07:28:21] NFE = 40   (14/15)
================================================================
[run] flowcast ensemble starting: K=4 x S=12 x T=1 = 48 sequence-rollouts
[run] flowcast  k=1/4 seq=1/12 (1/48)  t0=0      rollout=  2.1s  avg= 2.1s/seq  elapsed=  0.0m  eta=  1.6m
[run] flowcast  k=1/4 seq=2/12 (2/48)  t0=796    rollout=  2.1s  avg= 2.1s/seq  elapsed=  0.1m  eta=  1.6m
[run] flowcast  k=1/4 seq=3/12 (3/48)  t0=1592   rollout=  2.0s  avg= 2.1s/seq  elapsed=  0.1m  eta=  1.5m
[run] flowcast  k=1/4 seq=4/12 (4/48)  t0=2388   rollout=  2.0s  avg= 2.1s/seq  elapsed=  0.1m  eta=  1.5m
[run] flowcast  k=1/4 seq=5/12 (5/48)  t0=3184   rollout=  2.1s  avg= 2.1s/seq  elapsed=  0.2m  eta=  1.5m
[run] flowcast  k=1/4 seq=6/12 (6/48)  t0=3980   rollout=  2.0s  avg= 2.1s/seq  elapsed=  0.2m  eta=  1.4m
[run] flowcast  k=1/4 seq=7/12 (7/48)  t0=4776   rollout=  2.0s  avg= 2.1s/seq  elapsed=  0.2m  eta=  1.4m
[run] flowcast  k=1/4 seq=8/12 (8/48)  t0=5572   rollout=  2.1s  avg= 2.1s/seq  elapsed=  0.3m  eta=  1.4m
[run] flowcast  k=1/4 seq=9/12 (9/48)  t0=6368   rollout=  2.0s  avg= 2.1s/seq  elapsed=  0.3m  eta=  1.3m
[run] flowcast  k=1/4 seq=10/12 (10/48)  t0=7164   rollout=  2.0s  avg= 2.1s/seq  elapsed=  0.3m  eta=  1.3m
[run] flowcast  k=1/4 seq=11/12 (11/48)  t0=7960   rollout=  1.9s  avg= 2.0s/seq  elapsed=  0.4m  eta=  1.3m
[run] flowcast  k=1/4 seq=12/12 (12/48)  t0=8757   rollout=  1.8s  avg= 2.0s/seq  elapsed=  0.4m  eta=  1.2m
[run] flowcast  k=2/4 seq=1/12 (13/48)  t0=0      rollout=  1.8s  avg= 2.0s/seq  elapsed=  0.4m  eta=  1.2m
[run] flowcast  k=2/4 seq=2/12 (14/48)  t0=796    rollout=  1.7s  avg= 2.0s/seq  elapsed=  0.5m  eta=  1.1m
[run] flowcast  k=2/4 seq=3/12 (15/48)  t0=1592   rollout=  1.8s  avg= 2.0s/seq  elapsed=  0.5m  eta=  1.1m
[run] flowcast  k=2/4 seq=4/12 (16/48)  t0=2388   rollout=  1.7s  avg= 2.0s/seq  elapsed=  0.5m  eta=  1.0m
[run] flowcast  k=2/4 seq=5/12 (17/48)  t0=3184   rollout=  1.9s  avg= 1.9s/seq  elapsed=  0.6m  eta=  1.0m
[run] flowcast  k=2/4 seq=6/12 (18/48)  t0=3980   rollout=  1.8s  avg= 1.9s/seq  elapsed=  0.6m  eta=  1.0m
[run] flowcast  k=2/4 seq=7/12 (19/48)  t0=4776   rollout=  1.6s  avg= 1.9s/seq  elapsed=  0.6m  eta=  0.9m
[run] flowcast  k=2/4 seq=8/12 (20/48)  t0=5572   rollout=  1.6s  avg= 1.9s/seq  elapsed=  0.6m  eta=  0.9m
[run] flowcast  k=2/4 seq=9/12 (21/48)  t0=6368   rollout=  1.6s  avg= 1.9s/seq  elapsed=  0.7m  eta=  0.9m
[run] flowcast  k=2/4 seq=10/12 (22/48)  t0=7164   rollout=  1.6s  avg= 1.9s/seq  elapsed=  0.7m  eta=  0.8m
[run] flowcast  k=2/4 seq=11/12 (23/48)  t0=7960   rollout=  1.6s  avg= 1.9s/seq  elapsed=  0.7m  eta=  0.8m
[run] flowcast  k=2/4 seq=12/12 (24/48)  t0=8757   rollout=  1.6s  avg= 1.9s/seq  elapsed=  0.7m  eta=  0.7m
[run] flowcast  k=3/4 seq=1/12 (25/48)  t0=0      rollout=  1.6s  avg= 1.9s/seq  elapsed=  0.8m  eta=  0.7m
[run] flowcast  k=3/4 seq=2/12 (26/48)  t0=796    rollout=  1.6s  avg= 1.8s/seq  elapsed=  0.8m  eta=  0.7m
[run] flowcast  k=3/4 seq=3/12 (27/48)  t0=1592   rollout=  1.6s  avg= 1.8s/seq  elapsed=  0.8m  eta=  0.6m
[run] flowcast  k=3/4 seq=4/12 (28/48)  t0=2388   rollout=  1.7s  avg= 1.8s/seq  elapsed=  0.9m  eta=  0.6m
[run] flowcast  k=3/4 seq=5/12 (29/48)  t0=3184   rollout=  1.6s  avg= 1.8s/seq  elapsed=  0.9m  eta=  0.6m
[run] flowcast  k=3/4 seq=6/12 (30/48)  t0=3980   rollout=  1.6s  avg= 1.8s/seq  elapsed=  0.9m  eta=  0.5m
[run] flowcast  k=3/4 seq=7/12 (31/48)  t0=4776   rollout=  1.6s  avg= 1.8s/seq  elapsed=  0.9m  eta=  0.5m
[run] flowcast  k=3/4 seq=8/12 (32/48)  t0=5572   rollout=  1.7s  avg= 1.8s/seq  elapsed=  1.0m  eta=  0.5m
[run] flowcast  k=3/4 seq=9/12 (33/48)  t0=6368   rollout=  1.6s  avg= 1.8s/seq  elapsed=  1.0m  eta=  0.5m
[run] flowcast  k=3/4 seq=10/12 (34/48)  t0=7164   rollout=  1.6s  avg= 1.8s/seq  elapsed=  1.0m  eta=  0.4m
[run] flowcast  k=3/4 seq=11/12 (35/48)  t0=7960   rollout=  1.6s  avg= 1.8s/seq  elapsed=  1.0m  eta=  0.4m
[run] flowcast  k=3/4 seq=12/12 (36/48)  t0=8757   rollout=  1.6s  avg= 1.8s/seq  elapsed=  1.1m  eta=  0.4m
[run] flowcast  k=4/4 seq=1/12 (37/48)  t0=0      rollout=  1.6s  avg= 1.8s/seq  elapsed=  1.1m  eta=  0.3m
[run] flowcast  k=4/4 seq=2/12 (38/48)  t0=796    rollout=  1.6s  avg= 1.8s/seq  elapsed=  1.1m  eta=  0.3m
[run] flowcast  k=4/4 seq=3/12 (39/48)  t0=1592   rollout=  1.6s  avg= 1.8s/seq  elapsed=  1.2m  eta=  0.3m
[run] flowcast  k=4/4 seq=4/12 (40/48)  t0=2388   rollout=  1.6s  avg= 1.8s/seq  elapsed=  1.2m  eta=  0.2m
[run] flowcast  k=4/4 seq=5/12 (41/48)  t0=3184   rollout=  1.6s  avg= 1.8s/seq  elapsed=  1.2m  eta=  0.2m
[run] flowcast  k=4/4 seq=6/12 (42/48)  t0=3980   rollout=  1.6s  avg= 1.8s/seq  elapsed=  1.2m  eta=  0.2m
[run] flowcast  k=4/4 seq=7/12 (43/48)  t0=4776   rollout=  1.7s  avg= 1.8s/seq  elapsed=  1.3m  eta=  0.1m
[run] flowcast  k=4/4 seq=8/12 (44/48)  t0=5572   rollout=  1.6s  avg= 1.8s/seq  elapsed=  1.3m  eta=  0.1m
[run] flowcast  k=4/4 seq=9/12 (45/48)  t0=6368   rollout=  1.6s  avg= 1.8s/seq  elapsed=  1.3m  eta=  0.1m
[run] flowcast  k=4/4 seq=10/12 (46/48)  t0=7164   rollout=  2.0s  avg= 1.8s/seq  elapsed=  1.4m  eta=  0.1m
[run] flowcast  k=4/4 seq=11/12 (47/48)  t0=7960   rollout=  2.0s  avg= 1.8s/seq  elapsed=  1.4m  eta=  0.0m
[run] flowcast  k=4/4 seq=12/12 (48/48)  t0=8757   rollout=  2.0s  avg= 1.8s/seq  elapsed=  1.4m  eta=  0.0m
[run] flowcast ensemble finished in 1.4m
[2026-06-12 07:29:46] [nfe_sweep] NFE= 40  t/seq= 2.02s  CRPS-qpepre=0.1299  CSI-M=0.2588  RMSE-qpepre=0.5942  NFE-elapsed=1.4m
| method | Time/Seq.(s) | CRPS↓ | CSI-M↑ | CSI-P16↑ | FSS-P16-M↑ | HSS-M↑ | FAR-M↓ | RMSE_u10↓ | RMSE_v10↓ | RMSE_t2m↓ | RMSE_qpepre↓ |
|---|---|---|---|---|---|---|---|---|---|---|---|
| flowcast | 2.019 | 0.3052 | 0.2588 | 0.1594 | 0.3492 | 0.3522 | 0.3348 | 0.9092 | 0.9540 | 0.4571 | 0.5942 |

================================================================
[2026-06-12 07:29:46] NFE = 50   (15/15)
================================================================
[run] flowcast ensemble starting: K=4 x S=12 x T=1 = 48 sequence-rollouts
[run] flowcast  k=1/4 seq=1/12 (1/48)  t0=0      rollout=  2.0s  avg= 2.1s/seq  elapsed=  0.0m  eta=  1.6m
[run] flowcast  k=1/4 seq=2/12 (2/48)  t0=796    rollout=  2.0s  avg= 2.0s/seq  elapsed=  0.1m  eta=  1.6m
[run] flowcast  k=1/4 seq=3/12 (3/48)  t0=1592   rollout=  2.0s  avg= 2.0s/seq  elapsed=  0.1m  eta=  1.5m
[run] flowcast  k=1/4 seq=4/12 (4/48)  t0=2388   rollout=  2.0s  avg= 2.0s/seq  elapsed=  0.1m  eta=  1.5m
[run] flowcast  k=1/4 seq=5/12 (5/48)  t0=3184   rollout=  2.0s  avg= 2.0s/seq  elapsed=  0.2m  eta=  1.5m
[run] flowcast  k=1/4 seq=6/12 (6/48)  t0=3980   rollout=  2.0s  avg= 2.0s/seq  elapsed=  0.2m  eta=  1.4m
[run] flowcast  k=1/4 seq=7/12 (7/48)  t0=4776   rollout=  2.0s  avg= 2.0s/seq  elapsed=  0.2m  eta=  1.4m
[run] flowcast  k=1/4 seq=8/12 (8/48)  t0=5572   rollout=  2.0s  avg= 2.0s/seq  elapsed=  0.3m  eta=  1.3m
[run] flowcast  k=1/4 seq=9/12 (9/48)  t0=6368   rollout=  2.0s  avg= 2.0s/seq  elapsed=  0.3m  eta=  1.3m
[run] flowcast  k=1/4 seq=10/12 (10/48)  t0=7164   rollout=  2.4s  avg= 2.1s/seq  elapsed=  0.3m  eta=  1.3m
[run] flowcast  k=1/4 seq=11/12 (11/48)  t0=7960   rollout=  2.5s  avg= 2.1s/seq  elapsed=  0.4m  eta=  1.3m
[run] flowcast  k=1/4 seq=12/12 (12/48)  t0=8757   rollout=  2.5s  avg= 2.1s/seq  elapsed=  0.4m  eta=  1.3m
[run] flowcast  k=2/4 seq=1/12 (13/48)  t0=0      rollout=  2.5s  avg= 2.2s/seq  elapsed=  0.5m  eta=  1.3m
[run] flowcast  k=2/4 seq=2/12 (14/48)  t0=796    rollout=  2.5s  avg= 2.2s/seq  elapsed=  0.5m  eta=  1.2m
[run] flowcast  k=2/4 seq=3/12 (15/48)  t0=1592   rollout=  2.3s  avg= 2.2s/seq  elapsed=  0.5m  eta=  1.2m
[run] flowcast  k=2/4 seq=4/12 (16/48)  t0=2388   rollout=  2.5s  avg= 2.2s/seq  elapsed=  0.6m  eta=  1.2m
[run] flowcast  k=2/4 seq=5/12 (17/48)  t0=3184   rollout=  2.5s  avg= 2.2s/seq  elapsed=  0.6m  eta=  1.2m
[run] flowcast  k=2/4 seq=6/12 (18/48)  t0=3980   rollout=  2.5s  avg= 2.2s/seq  elapsed=  0.7m  eta=  1.1m
[run] flowcast  k=2/4 seq=7/12 (19/48)  t0=4776   rollout=  2.5s  avg= 2.3s/seq  elapsed=  0.7m  eta=  1.1m
[run] flowcast  k=2/4 seq=8/12 (20/48)  t0=5572   rollout=  2.5s  avg= 2.3s/seq  elapsed=  0.8m  eta=  1.1m
[run] flowcast  k=2/4 seq=9/12 (21/48)  t0=6368   rollout=  2.5s  avg= 2.3s/seq  elapsed=  0.8m  eta=  1.0m
[run] flowcast  k=2/4 seq=10/12 (22/48)  t0=7164   rollout=  2.5s  avg= 2.3s/seq  elapsed=  0.8m  eta=  1.0m
[run] flowcast  k=2/4 seq=11/12 (23/48)  t0=7960   rollout=  2.5s  avg= 2.3s/seq  elapsed=  0.9m  eta=  1.0m
[run] flowcast  k=2/4 seq=12/12 (24/48)  t0=8757   rollout=  2.5s  avg= 2.3s/seq  elapsed=  0.9m  eta=  0.9m
[run] flowcast  k=3/4 seq=1/12 (25/48)  t0=0      rollout=  2.5s  avg= 2.3s/seq  elapsed=  1.0m  eta=  0.9m
[run] flowcast  k=3/4 seq=2/12 (26/48)  t0=796    rollout=  2.5s  avg= 2.3s/seq  elapsed=  1.0m  eta=  0.9m
[run] flowcast  k=3/4 seq=3/12 (27/48)  t0=1592   rollout=  2.5s  avg= 2.3s/seq  elapsed=  1.1m  eta=  0.8m
[run] flowcast  k=3/4 seq=4/12 (28/48)  t0=2388   rollout=  2.5s  avg= 2.3s/seq  elapsed=  1.1m  eta=  0.8m
[run] flowcast  k=3/4 seq=5/12 (29/48)  t0=3184   rollout=  2.5s  avg= 2.3s/seq  elapsed=  1.1m  eta=  0.7m
[run] flowcast  k=3/4 seq=6/12 (30/48)  t0=3980   rollout=  2.5s  avg= 2.4s/seq  elapsed=  1.2m  eta=  0.7m
[run] flowcast  k=3/4 seq=7/12 (31/48)  t0=4776   rollout=  2.5s  avg= 2.4s/seq  elapsed=  1.2m  eta=  0.7m
[run] flowcast  k=3/4 seq=8/12 (32/48)  t0=5572   rollout=  2.5s  avg= 2.4s/seq  elapsed=  1.3m  eta=  0.6m
[run] flowcast  k=3/4 seq=9/12 (33/48)  t0=6368   rollout=  2.5s  avg= 2.4s/seq  elapsed=  1.3m  eta=  0.6m
[run] flowcast  k=3/4 seq=10/12 (34/48)  t0=7164   rollout=  2.5s  avg= 2.4s/seq  elapsed=  1.3m  eta=  0.6m
[run] flowcast  k=3/4 seq=11/12 (35/48)  t0=7960   rollout=  2.5s  avg= 2.4s/seq  elapsed=  1.4m  eta=  0.5m
[run] flowcast  k=3/4 seq=12/12 (36/48)  t0=8757   rollout=  2.5s  avg= 2.4s/seq  elapsed=  1.4m  eta=  0.5m
[run] flowcast  k=4/4 seq=1/12 (37/48)  t0=0      rollout=  2.5s  avg= 2.4s/seq  elapsed=  1.5m  eta=  0.4m
[run] flowcast  k=4/4 seq=2/12 (38/48)  t0=796    rollout=  2.5s  avg= 2.4s/seq  elapsed=  1.5m  eta=  0.4m
[run] flowcast  k=4/4 seq=3/12 (39/48)  t0=1592   rollout=  2.5s  avg= 2.4s/seq  elapsed=  1.6m  eta=  0.4m
[run] flowcast  k=4/4 seq=4/12 (40/48)  t0=2388   rollout=  2.5s  avg= 2.4s/seq  elapsed=  1.6m  eta=  0.3m
[run] flowcast  k=4/4 seq=5/12 (41/48)  t0=3184   rollout=  2.5s  avg= 2.4s/seq  elapsed=  1.6m  eta=  0.3m
[run] flowcast  k=4/4 seq=6/12 (42/48)  t0=3980   rollout=  2.5s  avg= 2.4s/seq  elapsed=  1.7m  eta=  0.2m
[run] flowcast  k=4/4 seq=7/12 (43/48)  t0=4776   rollout=  2.5s  avg= 2.4s/seq  elapsed=  1.7m  eta=  0.2m
[run] flowcast  k=4/4 seq=8/12 (44/48)  t0=5572   rollout=  2.6s  avg= 2.4s/seq  elapsed=  1.8m  eta=  0.2m
[run] flowcast  k=4/4 seq=9/12 (45/48)  t0=6368   rollout=  2.5s  avg= 2.4s/seq  elapsed=  1.8m  eta=  0.1m
[run] flowcast  k=4/4 seq=10/12 (46/48)  t0=7164   rollout=  2.5s  avg= 2.4s/seq  elapsed=  1.8m  eta=  0.1m
[run] flowcast  k=4/4 seq=11/12 (47/48)  t0=7960   rollout=  2.5s  avg= 2.4s/seq  elapsed=  1.9m  eta=  0.0m
[run] flowcast  k=4/4 seq=12/12 (48/48)  t0=8757   rollout=  2.5s  avg= 2.4s/seq  elapsed=  1.9m  eta=  0.0m
[run] flowcast ensemble finished in 1.9m
[2026-06-12 07:31:42] [nfe_sweep] NFE= 50  t/seq= 2.13s  CRPS-qpepre=0.1297  CSI-M=0.2586  RMSE-qpepre=0.5976  NFE-elapsed=1.9m
| method | Time/Seq.(s) | CRPS↓ | CSI-M↑ | CSI-P16↑ | FSS-P16-M↑ | HSS-M↑ | FAR-M↓ | RMSE_u10↓ | RMSE_v10↓ | RMSE_t2m↓ | RMSE_qpepre↓ |
|---|---|---|---|---|---|---|---|---|---|---|---|
| flowcast | 2.135 | 0.3050 | 0.2586 | 0.1594 | 0.3492 | 0.3522 | 0.3453 | 0.9118 | 0.9577 | 0.4579 | 0.5976 |

================================================================
[2026-06-12 07:31:42] sweep finished in 9.4 min
================================================================
[2026-06-12 07:31:42] [nfe_sweep] rendering plots ...
[2026-06-12 07:31:44] [nfe_sweep] done -- outputs under /home3/davidlcs/Econ-Rag/Local_LLM/test_meeting/Stormcast-Distilation/experiment_scripts/results/flowcast_nfe_sweep
[2026-06-12 07:31:44] [nfe_sweep]   table : nfe_sweep.{csv,md}
[2026-06-12 07:31:44] [nfe_sweep]   plots : plot_quality_vs_nfe.png  plot_time_vs_nfe.png  plot_pareto.png
[2026-06-12 07:31:44] [nfe_sweep]   detail: nfe_<NFE>/scoreboard.{md,csv} + per_threshold.csv + rmse_per_channel.csv
[2026-06-12 07:31:47] [nfe_sweep] flowcast sweep done in 580s
[2026-06-12 07:31:47] [nfe_sweep] preview of flowcast nfe_sweep.md:
[nfe_sweep]     | # FlowCast NFE Pareto sweep
[nfe_sweep]     | 
[nfe_sweep]     | Per-NFE single-step validation skill, qpepre in mm/h after `denormalize_state`.
[nfe_sweep]     | 
[nfe_sweep]     | | nfe | time_per_seq_s | rmse_u10 | rmse_v10 | rmse_t2m | rmse_qpepre | crps_u10 | crps_v10 | crps_t2m | crps_qpepre | csi_m | csi_p16 | fss_p16_m | hss_m | far_m |
[nfe_sweep]     | |---:|---:|---:|---:|---:|---:|---:|---:|---:|---:|---:|---:|---:|---:|---:|
[nfe_sweep]     | | 1 | 0.7312 | 0.8512 | 0.8542 | 0.4207 | 0.5635 | 0.5494 | 0.5611 | 0.2531 | 0.1583 | 0.2508 | 0.0476 | 0.0775 | 0.3330 | 0.1179 |
[nfe_sweep]     | | 2 | 0.2065 | 0.8508 | 0.8579 | 0.4183 | 0.5642 | 0.5017 | 0.5137 | 0.2351 | 0.1479 | 0.2499 | 0.0476 | 0.0775 | 0.3313 | 0.1123 |
[nfe_sweep]     | | 3 | 0.2372 | 0.8549 | 0.8664 | 0.4245 | 0.5652 | 0.4752 | 0.4901 | 0.2294 | 0.1429 | 0.2516 | 0.0476 | 0.0775 | 0.3332 | 0.1119 |
[nfe_sweep]     | | 4 | 0.2623 | 0.8598 | 0.8759 | 0.4303 | 0.5667 | 0.4594 | 0.4773 | 0.2275 | 0.1402 | 0.2542 | 0.0794 | 0.1339 | 0.3393 | 0.1306 |
[nfe_sweep]     | | 5 | 0.3085 | 0.8646 | 0.8839 | 0.4350 | 0.5680 | 0.4495 | 0.4698 | 0.2266 | 0.1383 | 0.2554 | 0.0937 | 0.1805 | 0.3420 | 0.1708 |
[nfe_sweep]     | | 6 | 0.3690 | 0.8688 | 0.8901 | 0.4375 | 0.5692 | 0.4425 | 0.4646 | 0.2245 | 0.1369 | 0.2567 | 0.1077 | 0.2183 | 0.3448 | 0.1921 |
[nfe_sweep]     | | 8 | 0.4227 | 0.8765 | 0.9023 | 0.4417 | 0.5717 | 0.4338 | 0.4592 | 0.2222 | 0.1350 | 0.2627 | 0.1538 | 0.2797 | 0.3550 | 0.1888 |
[nfe_sweep]     | | 10 | 0.4921 | 0.8819 | 0.9118 | 0.4447 | 0.5738 | 0.4289 | 0.4573 | 0.2211 | 0.1337 | 0.2618 | 0.1538 | 0.2797 | 0.3542 | 0.1964 |
[nfe_sweep]     | | 12 | 0.6319 | 0.8863 | 0.9187 | 0.4472 | 0.5762 | 0.4257 | 0.4558 | 0.2204 | 0.1328 | 0.2635 | 0.1667 | 0.3155 | 0.3573 | 0.2186 |
[nfe_sweep]     | | 16 | 0.7270 | 0.8927 | 0.9293 | 0.4496 | 0.5802 | 0.4223 | 0.4549 | 0.2186 | 0.1318 | 0.2625 | 0.1667 | 0.3155 | 0.3566 | 0.2422 |
[nfe_sweep]     | | 20 | 0.8765 | 0.8973 | 0.9368 | 0.4519 | 0.5834 | 0.4208 | 0.4550 | 0.2183 | 0.1310 | 0.2605 | 0.1594 | 0.3492 | 0.3538 | 0.2961 |
[nfe_sweep]     | | 25 | 1.0646 | 0.9015 | 0.9425 | 0.4535 | 0.5873 | 0.4194 | 0.4548 | 0.2175 | 0.1306 | 0.2601 | 0.1594 | 0.3492 | 0.3537 | 0.3083 |
[nfe_sweep]     | | 32 | 1.6709 | 0.9057 | 0.9490 | 0.4554 | 0.5911 | 0.4187 | 0.4550 | 0.2172 | 0.1302 | 0.2593 | 0.1594 | 0.3492 | 0.3528 | 0.3243 |
[nfe_sweep]     | | 40 | 2.0190 | 0.9092 | 0.9540 | 0.4571 | 0.5942 | 0.4181 | 0.4554 | 0.2173 | 0.1299 | 0.2588 | 0.1594 | 0.3492 | 0.3522 | 0.3348 |
[nfe_sweep]     | | 50 | 2.1345 | 0.9118 | 0.9577 | 0.4579 | 0.5976 | 0.4177 | 0.4558 | 0.2167 | 0.1297 | 0.2586 | 0.1594 | 0.3492 | 0.3522 | 0.3453 |

================================================================
[2026-06-12 07:31:47] Running meanflow sweep across NFEs: 1 2 3 4 5 6 8 10 12 16 20 25 32 40 50
================================================================
[2026-06-12 07:31:47] [nfe_sweep] log -> /home3/davidlcs/Econ-Rag/Local_LLM/test_meeting/Stormcast-Distilation/experiment_scripts/results/meanflow_nfe_sweep/run.log
/home3/davidlcs/Econ-Rag/Local_LLM/test_meeting/Stormcast-Distilation/physicsnemo/distributed/manager.py:415: UserWarning: Could not initialize using ENV, SLURM or OPENMPI methods. Assuming this is a single process job
  warn(

================================================================
[2026-06-12 07:32:02] MeanFlow NFE Pareto sweep
================================================================
[2026-06-12 07:32:02] [nfe_sweep] device     = cuda:0
[2026-06-12 07:32:02] [nfe_sweep] method     = meanflow
[2026-06-12 07:32:02] [nfe_sweep] data       = /home3/davidlcs/Econ-Rag/Local_LLM/test_meeting/Stormcast-Distilation/exp_3_train_2_5_yrs_val_1yr_tp1/zarr_exp3_L_24_H_24_train_2_5_years_full_cleaned_4_27_2026
[2026-06-12 07:32:02] [nfe_sweep] regression = /home3/davidlcs/Econ-Rag/Local_LLM/test_meeting/Stormcast-Distilation/runs/regression_zettabyte_v1_cleaned_4_27_2026/regression_zettabyte_cleaned_4_27_2026/run_0/checkpoints_regression/StormCastUNet.0.8000.mdlus
[2026-06-12 07:32:02] [nfe_sweep] meanflow   = /home3/davidlcs/Econ-Rag/Local_LLM/test_meeting/Stormcast-Distilation/runs/meanflow_zettabyte_v1_cleaned_4_27_2026/meanflow_zettabyte_cleaned_4_27_2026/run_0/checkpoints_meanflow/MeanFlowPrecond.0.20000.mdlus
[2026-06-12 07:32:02] [nfe_sweep] NFE list   = [1, 2, 3, 4, 5, 6, 8, 10, 12, 16, 20, 25, 32, 40, 50]  (15 values)
[2026-06-12 07:32:02] [nfe_sweep] solver     = euler  sigma_data = 0.5  (solver ignored for meanflow)
[2026-06-12 07:32:02] [nfe_sweep] S=12 sequences x T=1 steps x K=4 members
[2026-06-12 07:32:02] [nfe_sweep] output     = /home3/davidlcs/Econ-Rag/Local_LLM/test_meeting/Stormcast-Distilation/experiment_scripts/results/meanflow_nfe_sweep
[2026-06-12 07:32:02] [nfe_sweep] loading dataset ...
[2026-06-12 07:32:05] [nfe_sweep] dataset    : usable pairs = 8759  channels = ['u10', 'v10', 't2m', 'qpepre']
[2026-06-12 07:32:05] [nfe_sweep] sequences  : 12 t0 indices (0 ... 8757)
[2026-06-12 07:32:05] [nfe_sweep] loading regression /home3/davidlcs/Econ-Rag/Local_LLM/test_meeting/Stormcast-Distilation/runs/regression_zettabyte_v1_cleaned_4_27_2026/regression_zettabyte_cleaned_4_27_2026/run_0/checkpoints_regression/StormCastUNet.0.8000.mdlus
[2026-06-12 07:32:07] [nfe_sweep] loading meanflow   /home3/davidlcs/Econ-Rag/Local_LLM/test_meeting/Stormcast-Distilation/runs/meanflow_zettabyte_v1_cleaned_4_27_2026/meanflow_zettabyte_cleaned_4_27_2026/run_0/checkpoints_meanflow/MeanFlowPrecond.0.20000.mdlus

================================================================
[2026-06-12 07:32:08] NFE = 1   (1/15)
================================================================
[run] meanflow ensemble starting: K=4 x S=12 x T=1 = 48 sequence-rollouts
[run] meanflow  k=1/4 seq=1/12 (1/48)  t0=0      rollout=  1.0s  avg= 1.0s/seq  elapsed=  0.0m  eta=  0.8m
[run] meanflow  k=1/4 seq=2/12 (2/48)  t0=796    rollout=  0.1s  avg= 0.6s/seq  elapsed=  0.0m  eta=  0.4m
[run] meanflow  k=1/4 seq=3/12 (3/48)  t0=1592   rollout=  0.1s  avg= 0.4s/seq  elapsed=  0.0m  eta=  0.3m
[run] meanflow  k=1/4 seq=4/12 (4/48)  t0=2388   rollout=  0.1s  avg= 0.4s/seq  elapsed=  0.0m  eta=  0.3m
[run] meanflow  k=1/4 seq=5/12 (5/48)  t0=3184   rollout=  0.1s  avg= 0.3s/seq  elapsed=  0.0m  eta=  0.2m
[run] meanflow  k=1/4 seq=6/12 (6/48)  t0=3980   rollout=  0.1s  avg= 0.3s/seq  elapsed=  0.0m  eta=  0.2m
[run] meanflow  k=1/4 seq=7/12 (7/48)  t0=4776   rollout=  0.1s  avg= 0.3s/seq  elapsed=  0.0m  eta=  0.2m
[run] meanflow  k=1/4 seq=8/12 (8/48)  t0=5572   rollout=  0.1s  avg= 0.2s/seq  elapsed=  0.0m  eta=  0.2m
[run] meanflow  k=1/4 seq=9/12 (9/48)  t0=6368   rollout=  0.1s  avg= 0.2s/seq  elapsed=  0.0m  eta=  0.2m
[run] meanflow  k=1/4 seq=10/12 (10/48)  t0=7164   rollout=  0.1s  avg= 0.2s/seq  elapsed=  0.0m  eta=  0.1m
[run] meanflow  k=1/4 seq=11/12 (11/48)  t0=7960   rollout=  0.1s  avg= 0.2s/seq  elapsed=  0.0m  eta=  0.1m
[run] meanflow  k=1/4 seq=12/12 (12/48)  t0=8757   rollout=  0.1s  avg= 0.2s/seq  elapsed=  0.0m  eta=  0.1m
[run] meanflow  k=2/4 seq=1/12 (13/48)  t0=0      rollout=  0.1s  avg= 0.2s/seq  elapsed=  0.0m  eta=  0.1m
[run] meanflow  k=2/4 seq=2/12 (14/48)  t0=796    rollout=  0.1s  avg= 0.2s/seq  elapsed=  0.0m  eta=  0.1m
[run] meanflow  k=2/4 seq=3/12 (15/48)  t0=1592   rollout=  0.1s  avg= 0.2s/seq  elapsed=  0.0m  eta=  0.1m
[run] meanflow  k=2/4 seq=4/12 (16/48)  t0=2388   rollout=  0.1s  avg= 0.2s/seq  elapsed=  0.1m  eta=  0.1m
[run] meanflow  k=2/4 seq=5/12 (17/48)  t0=3184   rollout=  0.1s  avg= 0.2s/seq  elapsed=  0.1m  eta=  0.1m
[run] meanflow  k=2/4 seq=6/12 (18/48)  t0=3980   rollout=  0.1s  avg= 0.2s/seq  elapsed=  0.1m  eta=  0.1m
[run] meanflow  k=2/4 seq=7/12 (19/48)  t0=4776   rollout=  0.1s  avg= 0.2s/seq  elapsed=  0.1m  eta=  0.1m
[run] meanflow  k=2/4 seq=8/12 (20/48)  t0=5572   rollout=  0.1s  avg= 0.2s/seq  elapsed=  0.1m  eta=  0.1m
[run] meanflow  k=2/4 seq=9/12 (21/48)  t0=6368   rollout=  0.1s  avg= 0.2s/seq  elapsed=  0.1m  eta=  0.1m
[run] meanflow  k=2/4 seq=10/12 (22/48)  t0=7164   rollout=  0.1s  avg= 0.2s/seq  elapsed=  0.1m  eta=  0.1m
[run] meanflow  k=2/4 seq=11/12 (23/48)  t0=7960   rollout=  0.1s  avg= 0.2s/seq  elapsed=  0.1m  eta=  0.1m
[run] meanflow  k=2/4 seq=12/12 (24/48)  t0=8757   rollout=  0.1s  avg= 0.2s/seq  elapsed=  0.1m  eta=  0.1m
[run] meanflow  k=3/4 seq=1/12 (25/48)  t0=0      rollout=  0.1s  avg= 0.2s/seq  elapsed=  0.1m  eta=  0.1m
[run] meanflow  k=3/4 seq=2/12 (26/48)  t0=796    rollout=  0.1s  avg= 0.2s/seq  elapsed=  0.1m  eta=  0.1m
[run] meanflow  k=3/4 seq=3/12 (27/48)  t0=1592   rollout=  0.1s  avg= 0.2s/seq  elapsed=  0.1m  eta=  0.1m
[run] meanflow  k=3/4 seq=4/12 (28/48)  t0=2388   rollout=  0.2s  avg= 0.2s/seq  elapsed=  0.1m  eta=  0.1m
[run] meanflow  k=3/4 seq=5/12 (29/48)  t0=3184   rollout=  0.2s  avg= 0.2s/seq  elapsed=  0.1m  eta=  0.1m
[run] meanflow  k=3/4 seq=6/12 (30/48)  t0=3980   rollout=  0.2s  avg= 0.2s/seq  elapsed=  0.1m  eta=  0.1m
[run] meanflow  k=3/4 seq=7/12 (31/48)  t0=4776   rollout=  0.2s  avg= 0.2s/seq  elapsed=  0.1m  eta=  0.0m
[run] meanflow  k=3/4 seq=8/12 (32/48)  t0=5572   rollout=  0.1s  avg= 0.2s/seq  elapsed=  0.1m  eta=  0.0m
[run] meanflow  k=3/4 seq=9/12 (33/48)  t0=6368   rollout=  0.1s  avg= 0.2s/seq  elapsed=  0.1m  eta=  0.0m
[run] meanflow  k=3/4 seq=10/12 (34/48)  t0=7164   rollout=  0.1s  avg= 0.2s/seq  elapsed=  0.1m  eta=  0.0m
[run] meanflow  k=3/4 seq=11/12 (35/48)  t0=7960   rollout=  0.1s  avg= 0.2s/seq  elapsed=  0.1m  eta=  0.0m
[run] meanflow  k=3/4 seq=12/12 (36/48)  t0=8757   rollout=  0.1s  avg= 0.2s/seq  elapsed=  0.1m  eta=  0.0m
[run] meanflow  k=4/4 seq=1/12 (37/48)  t0=0      rollout=  0.1s  avg= 0.2s/seq  elapsed=  0.1m  eta=  0.0m
[run] meanflow  k=4/4 seq=2/12 (38/48)  t0=796    rollout=  0.1s  avg= 0.2s/seq  elapsed=  0.1m  eta=  0.0m
[run] meanflow  k=4/4 seq=3/12 (39/48)  t0=1592   rollout=  0.1s  avg= 0.2s/seq  elapsed=  0.1m  eta=  0.0m
[run] meanflow  k=4/4 seq=4/12 (40/48)  t0=2388   rollout=  0.1s  avg= 0.2s/seq  elapsed=  0.1m  eta=  0.0m
[run] meanflow  k=4/4 seq=5/12 (41/48)  t0=3184   rollout=  0.1s  avg= 0.2s/seq  elapsed=  0.1m  eta=  0.0m
[run] meanflow  k=4/4 seq=6/12 (42/48)  t0=3980   rollout=  0.1s  avg= 0.2s/seq  elapsed=  0.1m  eta=  0.0m
[run] meanflow  k=4/4 seq=7/12 (43/48)  t0=4776   rollout=  0.1s  avg= 0.2s/seq  elapsed=  0.1m  eta=  0.0m
[run] meanflow  k=4/4 seq=8/12 (44/48)  t0=5572   rollout=  0.1s  avg= 0.2s/seq  elapsed=  0.1m  eta=  0.0m
[run] meanflow  k=4/4 seq=9/12 (45/48)  t0=6368   rollout=  0.1s  avg= 0.2s/seq  elapsed=  0.1m  eta=  0.0m
[run] meanflow  k=4/4 seq=10/12 (46/48)  t0=7164   rollout=  0.1s  avg= 0.2s/seq  elapsed=  0.1m  eta=  0.0m
[run] meanflow  k=4/4 seq=11/12 (47/48)  t0=7960   rollout=  0.1s  avg= 0.2s/seq  elapsed=  0.1m  eta=  0.0m
[run] meanflow  k=4/4 seq=12/12 (48/48)  t0=8757   rollout=  0.1s  avg= 0.2s/seq  elapsed=  0.1m  eta=  0.0m
[run] meanflow ensemble finished in 0.1m
[2026-06-12 07:32:16] [nfe_sweep] NFE=  1  t/seq= 0.21s  CRPS-qpepre=0.1342  CSI-M=0.2711  RMSE-qpepre=0.5529  NFE-elapsed=0.1m
| method | Time/Seq.(s) | CRPS↓ | CSI-M↑ | CSI-P16↑ | FSS-P16-M↑ | HSS-M↑ | FAR-M↓ | RMSE_u10↓ | RMSE_v10↓ | RMSE_t2m↓ | RMSE_qpepre↓ |
|---|---|---|---|---|---|---|---|---|---|---|---|
| meanflow | 0.213 | 0.3346 | 0.2711 | 0.0794 | 0.1265 | 0.3584 | 0.1929 | 0.8430 | 0.8760 | 0.4121 | 0.5529 |

================================================================
[2026-06-12 07:32:16] NFE = 2   (2/15)
================================================================
[run] meanflow ensemble starting: K=4 x S=12 x T=1 = 48 sequence-rollouts
[run] meanflow  k=1/4 seq=1/12 (1/48)  t0=0      rollout=  0.2s  avg= 0.2s/seq  elapsed=  0.0m  eta=  0.1m
[run] meanflow  k=1/4 seq=2/12 (2/48)  t0=796    rollout=  0.2s  avg= 0.2s/seq  elapsed=  0.0m  eta=  0.1m
[run] meanflow  k=1/4 seq=3/12 (3/48)  t0=1592   rollout=  0.2s  avg= 0.2s/seq  elapsed=  0.0m  eta=  0.1m
[run] meanflow  k=1/4 seq=4/12 (4/48)  t0=2388   rollout=  0.2s  avg= 0.2s/seq  elapsed=  0.0m  eta=  0.1m
[run] meanflow  k=1/4 seq=5/12 (5/48)  t0=3184   rollout=  0.3s  avg= 0.2s/seq  elapsed=  0.0m  eta=  0.1m
[run] meanflow  k=1/4 seq=6/12 (6/48)  t0=3980   rollout=  0.2s  avg= 0.2s/seq  elapsed=  0.0m  eta=  0.1m
[run] meanflow  k=1/4 seq=7/12 (7/48)  t0=4776   rollout=  0.2s  avg= 0.2s/seq  elapsed=  0.0m  eta=  0.1m
[run] meanflow  k=1/4 seq=8/12 (8/48)  t0=5572   rollout=  0.2s  avg= 0.2s/seq  elapsed=  0.0m  eta=  0.1m
[run] meanflow  k=1/4 seq=9/12 (9/48)  t0=6368   rollout=  0.2s  avg= 0.2s/seq  elapsed=  0.0m  eta=  0.1m
[run] meanflow  k=1/4 seq=10/12 (10/48)  t0=7164   rollout=  0.2s  avg= 0.2s/seq  elapsed=  0.0m  eta=  0.1m
[run] meanflow  k=1/4 seq=11/12 (11/48)  t0=7960   rollout=  0.2s  avg= 0.2s/seq  elapsed=  0.0m  eta=  0.1m
[run] meanflow  k=1/4 seq=12/12 (12/48)  t0=8757   rollout=  0.2s  avg= 0.2s/seq  elapsed=  0.0m  eta=  0.1m
[run] meanflow  k=2/4 seq=1/12 (13/48)  t0=0      rollout=  0.2s  avg= 0.2s/seq  elapsed=  0.0m  eta=  0.1m
[run] meanflow  k=2/4 seq=2/12 (14/48)  t0=796    rollout=  0.2s  avg= 0.2s/seq  elapsed=  0.0m  eta=  0.1m
[run] meanflow  k=2/4 seq=3/12 (15/48)  t0=1592   rollout=  0.2s  avg= 0.2s/seq  elapsed=  0.0m  eta=  0.1m
[run] meanflow  k=2/4 seq=4/12 (16/48)  t0=2388   rollout=  0.2s  avg= 0.2s/seq  elapsed=  0.1m  eta=  0.1m
[run] meanflow  k=2/4 seq=5/12 (17/48)  t0=3184   rollout=  0.2s  avg= 0.2s/seq  elapsed=  0.1m  eta=  0.1m
[run] meanflow  k=2/4 seq=6/12 (18/48)  t0=3980   rollout=  0.2s  avg= 0.2s/seq  elapsed=  0.1m  eta=  0.1m
[run] meanflow  k=2/4 seq=7/12 (19/48)  t0=4776   rollout=  0.2s  avg= 0.2s/seq  elapsed=  0.1m  eta=  0.1m
[run] meanflow  k=2/4 seq=8/12 (20/48)  t0=5572   rollout=  0.2s  avg= 0.2s/seq  elapsed=  0.1m  eta=  0.1m
[run] meanflow  k=2/4 seq=9/12 (21/48)  t0=6368   rollout=  0.2s  avg= 0.2s/seq  elapsed=  0.1m  eta=  0.1m
[run] meanflow  k=2/4 seq=10/12 (22/48)  t0=7164   rollout=  0.2s  avg= 0.2s/seq  elapsed=  0.1m  eta=  0.1m
[run] meanflow  k=2/4 seq=11/12 (23/48)  t0=7960   rollout=  0.2s  avg= 0.2s/seq  elapsed=  0.1m  eta=  0.1m
[run] meanflow  k=2/4 seq=12/12 (24/48)  t0=8757   rollout=  0.2s  avg= 0.2s/seq  elapsed=  0.1m  eta=  0.1m
[run] meanflow  k=3/4 seq=1/12 (25/48)  t0=0      rollout=  0.2s  avg= 0.2s/seq  elapsed=  0.1m  eta=  0.1m
[run] meanflow  k=3/4 seq=2/12 (26/48)  t0=796    rollout=  0.2s  avg= 0.2s/seq  elapsed=  0.1m  eta=  0.1m
[run] meanflow  k=3/4 seq=3/12 (27/48)  t0=1592   rollout=  0.2s  avg= 0.2s/seq  elapsed=  0.1m  eta=  0.1m
[run] meanflow  k=3/4 seq=4/12 (28/48)  t0=2388   rollout=  0.2s  avg= 0.2s/seq  elapsed=  0.1m  eta=  0.1m
[run] meanflow  k=3/4 seq=5/12 (29/48)  t0=3184   rollout=  0.2s  avg= 0.2s/seq  elapsed=  0.1m  eta=  0.1m
[run] meanflow  k=3/4 seq=6/12 (30/48)  t0=3980   rollout=  0.2s  avg= 0.2s/seq  elapsed=  0.1m  eta=  0.1m
[run] meanflow  k=3/4 seq=7/12 (31/48)  t0=4776   rollout=  0.2s  avg= 0.2s/seq  elapsed=  0.1m  eta=  0.1m
[run] meanflow  k=3/4 seq=8/12 (32/48)  t0=5572   rollout=  0.2s  avg= 0.2s/seq  elapsed=  0.1m  eta=  0.1m
[run] meanflow  k=3/4 seq=9/12 (33/48)  t0=6368   rollout=  0.2s  avg= 0.2s/seq  elapsed=  0.1m  eta=  0.0m
[run] meanflow  k=3/4 seq=10/12 (34/48)  t0=7164   rollout=  0.2s  avg= 0.2s/seq  elapsed=  0.1m  eta=  0.0m
[run] meanflow  k=3/4 seq=11/12 (35/48)  t0=7960   rollout=  0.2s  avg= 0.2s/seq  elapsed=  0.1m  eta=  0.0m
[run] meanflow  k=3/4 seq=12/12 (36/48)  t0=8757   rollout=  0.2s  avg= 0.2s/seq  elapsed=  0.1m  eta=  0.0m
[run] meanflow  k=4/4 seq=1/12 (37/48)  t0=0      rollout=  0.2s  avg= 0.2s/seq  elapsed=  0.1m  eta=  0.0m
[run] meanflow  k=4/4 seq=2/12 (38/48)  t0=796    rollout=  0.2s  avg= 0.2s/seq  elapsed=  0.1m  eta=  0.0m
[run] meanflow  k=4/4 seq=3/12 (39/48)  t0=1592   rollout=  0.2s  avg= 0.2s/seq  elapsed=  0.1m  eta=  0.0m
[run] meanflow  k=4/4 seq=4/12 (40/48)  t0=2388   rollout=  0.2s  avg= 0.2s/seq  elapsed=  0.1m  eta=  0.0m
[run] meanflow  k=4/4 seq=5/12 (41/48)  t0=3184   rollout=  0.4s  avg= 0.2s/seq  elapsed=  0.1m  eta=  0.0m
[run] meanflow  k=4/4 seq=6/12 (42/48)  t0=3980   rollout=  0.2s  avg= 0.2s/seq  elapsed=  0.1m  eta=  0.0m
[run] meanflow  k=4/4 seq=7/12 (43/48)  t0=4776   rollout=  0.2s  avg= 0.2s/seq  elapsed=  0.1m  eta=  0.0m
[run] meanflow  k=4/4 seq=8/12 (44/48)  t0=5572   rollout=  0.2s  avg= 0.2s/seq  elapsed=  0.1m  eta=  0.0m
[run] meanflow  k=4/4 seq=9/12 (45/48)  t0=6368   rollout=  0.2s  avg= 0.2s/seq  elapsed=  0.1m  eta=  0.0m
[run] meanflow  k=4/4 seq=10/12 (46/48)  t0=7164   rollout=  0.2s  avg= 0.2s/seq  elapsed=  0.1m  eta=  0.0m
[run] meanflow  k=4/4 seq=11/12 (47/48)  t0=7960   rollout=  0.2s  avg= 0.2s/seq  elapsed=  0.1m  eta=  0.0m
[run] meanflow  k=4/4 seq=12/12 (48/48)  t0=8757   rollout=  0.2s  avg= 0.2s/seq  elapsed=  0.2m  eta=  0.0m
[run] meanflow ensemble finished in 0.2m
[2026-06-12 07:32:25] [nfe_sweep] NFE=  2  t/seq= 0.19s  CRPS-qpepre=0.1259  CSI-M=0.2874  RMSE-qpepre=0.5532  NFE-elapsed=0.2m
| method | Time/Seq.(s) | CRPS↓ | CSI-M↑ | CSI-P16↑ | FSS-P16-M↑ | HSS-M↑ | FAR-M↓ | RMSE_u10↓ | RMSE_v10↓ | RMSE_t2m↓ | RMSE_qpepre↓ |
|---|---|---|---|---|---|---|---|---|---|---|---|
| meanflow | 0.194 | 0.3120 | 0.2874 | 0.1429 | 0.2159 | 0.3843 | 0.2275 | 0.8217 | 0.8383 | 0.3834 | 0.5532 |

================================================================
[2026-06-12 07:32:26] NFE = 3   (3/15)
================================================================
[run] meanflow ensemble starting: K=4 x S=12 x T=1 = 48 sequence-rollouts
[run] meanflow  k=1/4 seq=1/12 (1/48)  t0=0      rollout=  0.2s  avg= 0.2s/seq  elapsed=  0.0m  eta=  0.2m
[run] meanflow  k=1/4 seq=2/12 (2/48)  t0=796    rollout=  0.2s  avg= 0.2s/seq  elapsed=  0.0m  eta=  0.2m
[run] meanflow  k=1/4 seq=3/12 (3/48)  t0=1592   rollout=  0.2s  avg= 0.2s/seq  elapsed=  0.0m  eta=  0.2m
[run] meanflow  k=1/4 seq=4/12 (4/48)  t0=2388   rollout=  0.2s  avg= 0.2s/seq  elapsed=  0.0m  eta=  0.2m
[run] meanflow  k=1/4 seq=5/12 (5/48)  t0=3184   rollout=  0.2s  avg= 0.2s/seq  elapsed=  0.0m  eta=  0.2m
[run] meanflow  k=1/4 seq=6/12 (6/48)  t0=3980   rollout=  0.2s  avg= 0.2s/seq  elapsed=  0.0m  eta=  0.2m
[run] meanflow  k=1/4 seq=7/12 (7/48)  t0=4776   rollout=  0.2s  avg= 0.2s/seq  elapsed=  0.0m  eta=  0.2m
[run] meanflow  k=1/4 seq=8/12 (8/48)  t0=5572   rollout=  0.2s  avg= 0.2s/seq  elapsed=  0.0m  eta=  0.2m
[run] meanflow  k=1/4 seq=9/12 (9/48)  t0=6368   rollout=  0.2s  avg= 0.2s/seq  elapsed=  0.0m  eta=  0.1m
[run] meanflow  k=1/4 seq=10/12 (10/48)  t0=7164   rollout=  0.2s  avg= 0.2s/seq  elapsed=  0.0m  eta=  0.1m
[run] meanflow  k=1/4 seq=11/12 (11/48)  t0=7960   rollout=  0.2s  avg= 0.2s/seq  elapsed=  0.0m  eta=  0.1m
[run] meanflow  k=1/4 seq=12/12 (12/48)  t0=8757   rollout=  0.2s  avg= 0.2s/seq  elapsed=  0.0m  eta=  0.1m
[run] meanflow  k=2/4 seq=1/12 (13/48)  t0=0      rollout=  0.2s  avg= 0.2s/seq  elapsed=  0.0m  eta=  0.1m
[run] meanflow  k=2/4 seq=2/12 (14/48)  t0=796    rollout=  0.2s  avg= 0.2s/seq  elapsed=  0.1m  eta=  0.1m
[run] meanflow  k=2/4 seq=3/12 (15/48)  t0=1592   rollout=  0.2s  avg= 0.2s/seq  elapsed=  0.1m  eta=  0.1m
[run] meanflow  k=2/4 seq=4/12 (16/48)  t0=2388   rollout=  0.2s  avg= 0.2s/seq  elapsed=  0.1m  eta=  0.1m
[run] meanflow  k=2/4 seq=5/12 (17/48)  t0=3184   rollout=  0.2s  avg= 0.2s/seq  elapsed=  0.1m  eta=  0.1m
[run] meanflow  k=2/4 seq=6/12 (18/48)  t0=3980   rollout=  0.2s  avg= 0.2s/seq  elapsed=  0.1m  eta=  0.1m
[run] meanflow  k=2/4 seq=7/12 (19/48)  t0=4776   rollout=  0.2s  avg= 0.2s/seq  elapsed=  0.1m  eta=  0.1m
[run] meanflow  k=2/4 seq=8/12 (20/48)  t0=5572   rollout=  0.2s  avg= 0.2s/seq  elapsed=  0.1m  eta=  0.1m
[run] meanflow  k=2/4 seq=9/12 (21/48)  t0=6368   rollout=  0.2s  avg= 0.2s/seq  elapsed=  0.1m  eta=  0.1m
[run] meanflow  k=2/4 seq=10/12 (22/48)  t0=7164   rollout=  0.2s  avg= 0.2s/seq  elapsed=  0.1m  eta=  0.1m
[run] meanflow  k=2/4 seq=11/12 (23/48)  t0=7960   rollout=  0.2s  avg= 0.2s/seq  elapsed=  0.1m  eta=  0.1m
[run] meanflow  k=2/4 seq=12/12 (24/48)  t0=8757   rollout=  0.2s  avg= 0.2s/seq  elapsed=  0.1m  eta=  0.1m
[run] meanflow  k=3/4 seq=1/12 (25/48)  t0=0      rollout=  0.2s  avg= 0.2s/seq  elapsed=  0.1m  eta=  0.1m
[run] meanflow  k=3/4 seq=2/12 (26/48)  t0=796    rollout=  0.2s  avg= 0.2s/seq  elapsed=  0.1m  eta=  0.1m
[run] meanflow  k=3/4 seq=3/12 (27/48)  t0=1592   rollout=  0.4s  avg= 0.2s/seq  elapsed=  0.1m  eta=  0.1m
[run] meanflow  k=3/4 seq=4/12 (28/48)  t0=2388   rollout=  0.2s  avg= 0.2s/seq  elapsed=  0.1m  eta=  0.1m
[run] meanflow  k=3/4 seq=5/12 (29/48)  t0=3184   rollout=  0.2s  avg= 0.2s/seq  elapsed=  0.1m  eta=  0.1m
[run] meanflow  k=3/4 seq=6/12 (30/48)  t0=3980   rollout=  0.2s  avg= 0.2s/seq  elapsed=  0.1m  eta=  0.1m
[run] meanflow  k=3/4 seq=7/12 (31/48)  t0=4776   rollout=  0.2s  avg= 0.2s/seq  elapsed=  0.1m  eta=  0.1m
[run] meanflow  k=3/4 seq=8/12 (32/48)  t0=5572   rollout=  0.2s  avg= 0.2s/seq  elapsed=  0.1m  eta=  0.1m
[run] meanflow  k=3/4 seq=9/12 (33/48)  t0=6368   rollout=  0.2s  avg= 0.2s/seq  elapsed=  0.1m  eta=  0.1m
[run] meanflow  k=3/4 seq=10/12 (34/48)  t0=7164   rollout=  0.2s  avg= 0.2s/seq  elapsed=  0.1m  eta=  0.1m
[run] meanflow  k=3/4 seq=11/12 (35/48)  t0=7960   rollout=  0.2s  avg= 0.2s/seq  elapsed=  0.1m  eta=  0.0m
[run] meanflow  k=3/4 seq=12/12 (36/48)  t0=8757   rollout=  0.2s  avg= 0.2s/seq  elapsed=  0.1m  eta=  0.0m
[run] meanflow  k=4/4 seq=1/12 (37/48)  t0=0      rollout=  0.2s  avg= 0.2s/seq  elapsed=  0.1m  eta=  0.0m
[run] meanflow  k=4/4 seq=2/12 (38/48)  t0=796    rollout=  0.2s  avg= 0.2s/seq  elapsed=  0.1m  eta=  0.0m
[run] meanflow  k=4/4 seq=3/12 (39/48)  t0=1592   rollout=  0.2s  avg= 0.2s/seq  elapsed=  0.1m  eta=  0.0m
[run] meanflow  k=4/4 seq=4/12 (40/48)  t0=2388   rollout=  0.2s  avg= 0.2s/seq  elapsed=  0.2m  eta=  0.0m
[run] meanflow  k=4/4 seq=5/12 (41/48)  t0=3184   rollout=  0.2s  avg= 0.2s/seq  elapsed=  0.2m  eta=  0.0m
[run] meanflow  k=4/4 seq=6/12 (42/48)  t0=3980   rollout=  0.2s  avg= 0.2s/seq  elapsed=  0.2m  eta=  0.0m
[run] meanflow  k=4/4 seq=7/12 (43/48)  t0=4776   rollout=  0.2s  avg= 0.2s/seq  elapsed=  0.2m  eta=  0.0m
[run] meanflow  k=4/4 seq=8/12 (44/48)  t0=5572   rollout=  0.2s  avg= 0.2s/seq  elapsed=  0.2m  eta=  0.0m
[run] meanflow  k=4/4 seq=9/12 (45/48)  t0=6368   rollout=  0.2s  avg= 0.2s/seq  elapsed=  0.2m  eta=  0.0m
[run] meanflow  k=4/4 seq=10/12 (46/48)  t0=7164   rollout=  0.2s  avg= 0.2s/seq  elapsed=  0.2m  eta=  0.0m
[run] meanflow  k=4/4 seq=11/12 (47/48)  t0=7960   rollout=  0.2s  avg= 0.2s/seq  elapsed=  0.2m  eta=  0.0m
[run] meanflow  k=4/4 seq=12/12 (48/48)  t0=8757   rollout=  0.2s  avg= 0.2s/seq  elapsed=  0.2m  eta=  0.0m
[run] meanflow ensemble finished in 0.2m
[2026-06-12 07:32:37] [nfe_sweep] NFE=  3  t/seq= 0.23s  CRPS-qpepre=0.1234  CSI-M=0.2678  RMSE-qpepre=0.5579  NFE-elapsed=0.2m
| method | Time/Seq.(s) | CRPS↓ | CSI-M↑ | CSI-P16↑ | FSS-P16-M↑ | HSS-M↑ | FAR-M↓ | RMSE_u10↓ | RMSE_v10↓ | RMSE_t2m↓ | RMSE_qpepre↓ |
|---|---|---|---|---|---|---|---|---|---|---|---|
| meanflow | 0.227 | 0.2968 | 0.2678 | 0.0794 | 0.1265 | 0.3560 | 0.2291 | 0.8464 | 0.8788 | 0.4004 | 0.5579 |

================================================================
[2026-06-12 07:32:37] NFE = 4   (4/15)
================================================================
[run] meanflow ensemble starting: K=4 x S=12 x T=1 = 48 sequence-rollouts
[run] meanflow  k=1/4 seq=1/12 (1/48)  t0=0      rollout=  0.3s  avg= 0.3s/seq  elapsed=  0.0m  eta=  0.2m
[run] meanflow  k=1/4 seq=2/12 (2/48)  t0=796    rollout=  0.3s  avg= 0.3s/seq  elapsed=  0.0m  eta=  0.2m
[run] meanflow  k=1/4 seq=3/12 (3/48)  t0=1592   rollout=  0.3s  avg= 0.3s/seq  elapsed=  0.0m  eta=  0.2m
[run] meanflow  k=1/4 seq=4/12 (4/48)  t0=2388   rollout=  0.3s  avg= 0.3s/seq  elapsed=  0.0m  eta=  0.2m
[run] meanflow  k=1/4 seq=5/12 (5/48)  t0=3184   rollout=  0.3s  avg= 0.3s/seq  elapsed=  0.0m  eta=  0.2m
[run] meanflow  k=1/4 seq=6/12 (6/48)  t0=3980   rollout=  0.3s  avg= 0.3s/seq  elapsed=  0.0m  eta=  0.2m
[run] meanflow  k=1/4 seq=7/12 (7/48)  t0=4776   rollout=  0.3s  avg= 0.3s/seq  elapsed=  0.0m  eta=  0.2m
[run] meanflow  k=1/4 seq=8/12 (8/48)  t0=5572   rollout=  0.3s  avg= 0.3s/seq  elapsed=  0.0m  eta=  0.2m
[run] meanflow  k=1/4 seq=9/12 (9/48)  t0=6368   rollout=  0.3s  avg= 0.3s/seq  elapsed=  0.0m  eta=  0.2m
[run] meanflow  k=1/4 seq=10/12 (10/48)  t0=7164   rollout=  0.3s  avg= 0.3s/seq  elapsed=  0.0m  eta=  0.2m
[run] meanflow  k=1/4 seq=11/12 (11/48)  t0=7960   rollout=  0.3s  avg= 0.3s/seq  elapsed=  0.0m  eta=  0.2m
[run] meanflow  k=1/4 seq=12/12 (12/48)  t0=8757   rollout=  0.3s  avg= 0.3s/seq  elapsed=  0.1m  eta=  0.2m
[run] meanflow  k=2/4 seq=1/12 (13/48)  t0=0      rollout=  0.3s  avg= 0.3s/seq  elapsed=  0.1m  eta=  0.2m
[run] meanflow  k=2/4 seq=2/12 (14/48)  t0=796    rollout=  0.3s  avg= 0.3s/seq  elapsed=  0.1m  eta=  0.1m
[run] meanflow  k=2/4 seq=3/12 (15/48)  t0=1592   rollout=  0.3s  avg= 0.3s/seq  elapsed=  0.1m  eta=  0.1m
[run] meanflow  k=2/4 seq=4/12 (16/48)  t0=2388   rollout=  0.3s  avg= 0.3s/seq  elapsed=  0.1m  eta=  0.1m
[run] meanflow  k=2/4 seq=5/12 (17/48)  t0=3184   rollout=  0.3s  avg= 0.3s/seq  elapsed=  0.1m  eta=  0.1m
[run] meanflow  k=2/4 seq=6/12 (18/48)  t0=3980   rollout=  0.3s  avg= 0.3s/seq  elapsed=  0.1m  eta=  0.1m
[run] meanflow  k=2/4 seq=7/12 (19/48)  t0=4776   rollout=  0.3s  avg= 0.3s/seq  elapsed=  0.1m  eta=  0.1m
[run] meanflow  k=2/4 seq=8/12 (20/48)  t0=5572   rollout=  0.3s  avg= 0.3s/seq  elapsed=  0.1m  eta=  0.1m
[run] meanflow  k=2/4 seq=9/12 (21/48)  t0=6368   rollout=  0.3s  avg= 0.3s/seq  elapsed=  0.1m  eta=  0.1m
[run] meanflow  k=2/4 seq=10/12 (22/48)  t0=7164   rollout=  0.3s  avg= 0.3s/seq  elapsed=  0.1m  eta=  0.1m
[run] meanflow  k=2/4 seq=11/12 (23/48)  t0=7960   rollout=  0.3s  avg= 0.3s/seq  elapsed=  0.1m  eta=  0.1m
[run] meanflow  k=2/4 seq=12/12 (24/48)  t0=8757   rollout=  0.3s  avg= 0.3s/seq  elapsed=  0.1m  eta=  0.1m
[run] meanflow  k=3/4 seq=1/12 (25/48)  t0=0      rollout=  0.3s  avg= 0.3s/seq  elapsed=  0.1m  eta=  0.1m
[run] meanflow  k=3/4 seq=2/12 (26/48)  t0=796    rollout=  0.3s  avg= 0.3s/seq  elapsed=  0.1m  eta=  0.1m
[run] meanflow  k=3/4 seq=3/12 (27/48)  t0=1592   rollout=  0.3s  avg= 0.3s/seq  elapsed=  0.1m  eta=  0.1m
[run] meanflow  k=3/4 seq=4/12 (28/48)  t0=2388   rollout=  0.2s  avg= 0.3s/seq  elapsed=  0.1m  eta=  0.1m
[run] meanflow  k=3/4 seq=5/12 (29/48)  t0=3184   rollout=  0.3s  avg= 0.3s/seq  elapsed=  0.1m  eta=  0.1m
[run] meanflow  k=3/4 seq=6/12 (30/48)  t0=3980   rollout=  0.3s  avg= 0.3s/seq  elapsed=  0.1m  eta=  0.1m
[run] meanflow  k=3/4 seq=7/12 (31/48)  t0=4776   rollout=  0.3s  avg= 0.3s/seq  elapsed=  0.1m  eta=  0.1m
[run] meanflow  k=3/4 seq=8/12 (32/48)  t0=5572   rollout=  0.2s  avg= 0.3s/seq  elapsed=  0.1m  eta=  0.1m
[run] meanflow  k=3/4 seq=9/12 (33/48)  t0=6368   rollout=  0.3s  avg= 0.3s/seq  elapsed=  0.1m  eta=  0.1m
[run] meanflow  k=3/4 seq=10/12 (34/48)  t0=7164   rollout=  0.3s  avg= 0.3s/seq  elapsed=  0.1m  eta=  0.1m
[run] meanflow  k=3/4 seq=11/12 (35/48)  t0=7960   rollout=  0.3s  avg= 0.3s/seq  elapsed=  0.1m  eta=  0.1m
[run] meanflow  k=3/4 seq=12/12 (36/48)  t0=8757   rollout=  0.3s  avg= 0.3s/seq  elapsed=  0.2m  eta=  0.1m
[run] meanflow  k=4/4 seq=1/12 (37/48)  t0=0      rollout=  0.3s  avg= 0.3s/seq  elapsed=  0.2m  eta=  0.0m
[run] meanflow  k=4/4 seq=2/12 (38/48)  t0=796    rollout=  0.3s  avg= 0.3s/seq  elapsed=  0.2m  eta=  0.0m
[run] meanflow  k=4/4 seq=3/12 (39/48)  t0=1592   rollout=  0.3s  avg= 0.3s/seq  elapsed=  0.2m  eta=  0.0m
[run] meanflow  k=4/4 seq=4/12 (40/48)  t0=2388   rollout=  0.3s  avg= 0.3s/seq  elapsed=  0.2m  eta=  0.0m
[run] meanflow  k=4/4 seq=5/12 (41/48)  t0=3184   rollout=  0.3s  avg= 0.3s/seq  elapsed=  0.2m  eta=  0.0m
[run] meanflow  k=4/4 seq=6/12 (42/48)  t0=3980   rollout=  0.3s  avg= 0.3s/seq  elapsed=  0.2m  eta=  0.0m
[run] meanflow  k=4/4 seq=7/12 (43/48)  t0=4776   rollout=  0.3s  avg= 0.3s/seq  elapsed=  0.2m  eta=  0.0m
[run] meanflow  k=4/4 seq=8/12 (44/48)  t0=5572   rollout=  0.3s  avg= 0.3s/seq  elapsed=  0.2m  eta=  0.0m
[run] meanflow  k=4/4 seq=9/12 (45/48)  t0=6368   rollout=  0.3s  avg= 0.3s/seq  elapsed=  0.2m  eta=  0.0m
[run] meanflow  k=4/4 seq=10/12 (46/48)  t0=7164   rollout=  0.3s  avg= 0.3s/seq  elapsed=  0.2m  eta=  0.0m
[run] meanflow  k=4/4 seq=11/12 (47/48)  t0=7960   rollout=  0.3s  avg= 0.3s/seq  elapsed=  0.2m  eta=  0.0m
[run] meanflow  k=4/4 seq=12/12 (48/48)  t0=8757   rollout=  0.3s  avg= 0.3s/seq  elapsed=  0.2m  eta=  0.0m
[run] meanflow ensemble finished in 0.2m
[2026-06-12 07:32:49] [nfe_sweep] NFE=  4  t/seq= 0.26s  CRPS-qpepre=0.1224  CSI-M=0.2552  RMSE-qpepre=0.5626  NFE-elapsed=0.2m
| method | Time/Seq.(s) | CRPS↓ | CSI-M↑ | CSI-P16↑ | FSS-P16-M↑ | HSS-M↑ | FAR-M↓ | RMSE_u10↓ | RMSE_v10↓ | RMSE_t2m↓ | RMSE_qpepre↓ |
|---|---|---|---|---|---|---|---|---|---|---|---|
| meanflow | 0.258 | 0.3248 | 0.2552 | 0.0159 | 0.0254 | 0.3363 | 0.2529 | 0.9194 | 1.0660 | 0.4755 | 0.5626 |

================================================================
[2026-06-12 07:32:49] NFE = 5   (5/15)
================================================================
[run] meanflow ensemble starting: K=4 x S=12 x T=1 = 48 sequence-rollouts
[run] meanflow  k=1/4 seq=1/12 (1/48)  t0=0      rollout=  0.3s  avg= 0.3s/seq  elapsed=  0.0m  eta=  0.2m
[run] meanflow  k=1/4 seq=2/12 (2/48)  t0=796    rollout=  0.3s  avg= 0.3s/seq  elapsed=  0.0m  eta=  0.2m
[run] meanflow  k=1/4 seq=3/12 (3/48)  t0=1592   rollout=  0.3s  avg= 0.3s/seq  elapsed=  0.0m  eta=  0.2m
[run] meanflow  k=1/4 seq=4/12 (4/48)  t0=2388   rollout=  0.3s  avg= 0.3s/seq  elapsed=  0.0m  eta=  0.2m
[run] meanflow  k=1/4 seq=5/12 (5/48)  t0=3184   rollout=  0.3s  avg= 0.3s/seq  elapsed=  0.0m  eta=  0.2m
[run] meanflow  k=1/4 seq=6/12 (6/48)  t0=3980   rollout=  0.3s  avg= 0.3s/seq  elapsed=  0.0m  eta=  0.2m
[run] meanflow  k=1/4 seq=7/12 (7/48)  t0=4776   rollout=  0.3s  avg= 0.3s/seq  elapsed=  0.0m  eta=  0.2m
[run] meanflow  k=1/4 seq=8/12 (8/48)  t0=5572   rollout=  0.3s  avg= 0.3s/seq  elapsed=  0.0m  eta=  0.2m
[run] meanflow  k=1/4 seq=9/12 (9/48)  t0=6368   rollout=  0.3s  avg= 0.3s/seq  elapsed=  0.0m  eta=  0.2m
[run] meanflow  k=1/4 seq=10/12 (10/48)  t0=7164   rollout=  0.3s  avg= 0.3s/seq  elapsed=  0.0m  eta=  0.2m
[run] meanflow  k=1/4 seq=11/12 (11/48)  t0=7960   rollout=  0.3s  avg= 0.3s/seq  elapsed=  0.1m  eta=  0.2m
[run] meanflow  k=1/4 seq=12/12 (12/48)  t0=8757   rollout=  0.3s  avg= 0.3s/seq  elapsed=  0.1m  eta=  0.2m
[run] meanflow  k=2/4 seq=1/12 (13/48)  t0=0      rollout=  0.3s  avg= 0.3s/seq  elapsed=  0.1m  eta=  0.2m
[run] meanflow  k=2/4 seq=2/12 (14/48)  t0=796    rollout=  0.3s  avg= 0.3s/seq  elapsed=  0.1m  eta=  0.2m
[run] meanflow  k=2/4 seq=3/12 (15/48)  t0=1592   rollout=  0.3s  avg= 0.3s/seq  elapsed=  0.1m  eta=  0.2m
[run] meanflow  k=2/4 seq=4/12 (16/48)  t0=2388   rollout=  0.3s  avg= 0.3s/seq  elapsed=  0.1m  eta=  0.2m
[run] meanflow  k=2/4 seq=5/12 (17/48)  t0=3184   rollout=  0.3s  avg= 0.3s/seq  elapsed=  0.1m  eta=  0.2m
[run] meanflow  k=2/4 seq=6/12 (18/48)  t0=3980   rollout=  0.3s  avg= 0.3s/seq  elapsed=  0.1m  eta=  0.1m
[run] meanflow  k=2/4 seq=7/12 (19/48)  t0=4776   rollout=  0.3s  avg= 0.3s/seq  elapsed=  0.1m  eta=  0.1m
[run] meanflow  k=2/4 seq=8/12 (20/48)  t0=5572   rollout=  0.3s  avg= 0.3s/seq  elapsed=  0.1m  eta=  0.1m
[run] meanflow  k=2/4 seq=9/12 (21/48)  t0=6368   rollout=  0.3s  avg= 0.3s/seq  elapsed=  0.1m  eta=  0.1m
[run] meanflow  k=2/4 seq=10/12 (22/48)  t0=7164   rollout=  0.3s  avg= 0.3s/seq  elapsed=  0.1m  eta=  0.1m
[run] meanflow  k=2/4 seq=11/12 (23/48)  t0=7960   rollout=  0.3s  avg= 0.3s/seq  elapsed=  0.1m  eta=  0.1m
[run] meanflow  k=2/4 seq=12/12 (24/48)  t0=8757   rollout=  0.3s  avg= 0.3s/seq  elapsed=  0.1m  eta=  0.1m
[run] meanflow  k=3/4 seq=1/12 (25/48)  t0=0      rollout=  0.3s  avg= 0.3s/seq  elapsed=  0.1m  eta=  0.1m
[run] meanflow  k=3/4 seq=2/12 (26/48)  t0=796    rollout=  0.3s  avg= 0.3s/seq  elapsed=  0.1m  eta=  0.1m
[run] meanflow  k=3/4 seq=3/12 (27/48)  t0=1592   rollout=  0.3s  avg= 0.3s/seq  elapsed=  0.1m  eta=  0.1m
[run] meanflow  k=3/4 seq=4/12 (28/48)  t0=2388   rollout=  0.3s  avg= 0.3s/seq  elapsed=  0.1m  eta=  0.1m
[run] meanflow  k=3/4 seq=5/12 (29/48)  t0=3184   rollout=  0.3s  avg= 0.3s/seq  elapsed=  0.1m  eta=  0.1m
[run] meanflow  k=3/4 seq=6/12 (30/48)  t0=3980   rollout=  0.3s  avg= 0.3s/seq  elapsed=  0.1m  eta=  0.1m
[run] meanflow  k=3/4 seq=7/12 (31/48)  t0=4776   rollout=  0.3s  avg= 0.3s/seq  elapsed=  0.2m  eta=  0.1m
[run] meanflow  k=3/4 seq=8/12 (32/48)  t0=5572   rollout=  0.3s  avg= 0.3s/seq  elapsed=  0.2m  eta=  0.1m
[run] meanflow  k=3/4 seq=9/12 (33/48)  t0=6368   rollout=  0.3s  avg= 0.3s/seq  elapsed=  0.2m  eta=  0.1m
[run] meanflow  k=3/4 seq=10/12 (34/48)  t0=7164   rollout=  0.3s  avg= 0.3s/seq  elapsed=  0.2m  eta=  0.1m
[run] meanflow  k=3/4 seq=11/12 (35/48)  t0=7960   rollout=  0.3s  avg= 0.3s/seq  elapsed=  0.2m  eta=  0.1m
[run] meanflow  k=3/4 seq=12/12 (36/48)  t0=8757   rollout=  0.3s  avg= 0.3s/seq  elapsed=  0.2m  eta=  0.1m
[run] meanflow  k=4/4 seq=1/12 (37/48)  t0=0      rollout=  0.3s  avg= 0.3s/seq  elapsed=  0.2m  eta=  0.1m
[run] meanflow  k=4/4 seq=2/12 (38/48)  t0=796    rollout=  0.3s  avg= 0.3s/seq  elapsed=  0.2m  eta=  0.0m
[run] meanflow  k=4/4 seq=3/12 (39/48)  t0=1592   rollout=  0.3s  avg= 0.3s/seq  elapsed=  0.2m  eta=  0.0m
[run] meanflow  k=4/4 seq=4/12 (40/48)  t0=2388   rollout=  0.3s  avg= 0.3s/seq  elapsed=  0.2m  eta=  0.0m
[run] meanflow  k=4/4 seq=5/12 (41/48)  t0=3184   rollout=  0.3s  avg= 0.3s/seq  elapsed=  0.2m  eta=  0.0m
[run] meanflow  k=4/4 seq=6/12 (42/48)  t0=3980   rollout=  0.3s  avg= 0.3s/seq  elapsed=  0.2m  eta=  0.0m
[run] meanflow  k=4/4 seq=7/12 (43/48)  t0=4776   rollout=  0.3s  avg= 0.3s/seq  elapsed=  0.2m  eta=  0.0m
[run] meanflow  k=4/4 seq=8/12 (44/48)  t0=5572   rollout=  0.3s  avg= 0.3s/seq  elapsed=  0.2m  eta=  0.0m
[run] meanflow  k=4/4 seq=9/12 (45/48)  t0=6368   rollout=  0.3s  avg= 0.3s/seq  elapsed=  0.2m  eta=  0.0m
[run] meanflow  k=4/4 seq=10/12 (46/48)  t0=7164   rollout=  0.3s  avg= 0.3s/seq  elapsed=  0.2m  eta=  0.0m
[run] meanflow  k=4/4 seq=11/12 (47/48)  t0=7960   rollout=  0.3s  avg= 0.3s/seq  elapsed=  0.2m  eta=  0.0m
[run] meanflow  k=4/4 seq=12/12 (48/48)  t0=8757   rollout=  0.3s  avg= 0.3s/seq  elapsed=  0.2m  eta=  0.0m
[run] meanflow ensemble finished in 0.2m
[2026-06-12 07:33:04] [nfe_sweep] NFE=  5  t/seq= 0.30s  CRPS-qpepre=0.1212  CSI-M=0.2947  RMSE-qpepre=0.5562  NFE-elapsed=0.2m
| method | Time/Seq.(s) | CRPS↓ | CSI-M↑ | CSI-P16↑ | FSS-P16-M↑ | HSS-M↑ | FAR-M↓ | RMSE_u10↓ | RMSE_v10↓ | RMSE_t2m↓ | RMSE_qpepre↓ |
|---|---|---|---|---|---|---|---|---|---|---|---|
| meanflow | 0.298 | 0.2972 | 0.2947 | 0.1719 | 0.2754 | 0.3974 | 0.2563 | 0.8462 | 0.8915 | 0.4093 | 0.5562 |

================================================================
[2026-06-12 07:33:04] NFE = 6   (6/15)
================================================================
[run] meanflow ensemble starting: K=4 x S=12 x T=1 = 48 sequence-rollouts
[run] meanflow  k=1/4 seq=1/12 (1/48)  t0=0      rollout=  0.3s  avg= 0.3s/seq  elapsed=  0.0m  eta=  0.3m
[run] meanflow  k=1/4 seq=2/12 (2/48)  t0=796    rollout=  0.3s  avg= 0.3s/seq  elapsed=  0.0m  eta=  0.3m
[run] meanflow  k=1/4 seq=3/12 (3/48)  t0=1592   rollout=  0.3s  avg= 0.3s/seq  elapsed=  0.0m  eta=  0.3m
[run] meanflow  k=1/4 seq=4/12 (4/48)  t0=2388   rollout=  0.3s  avg= 0.3s/seq  elapsed=  0.0m  eta=  0.2m
[run] meanflow  k=1/4 seq=5/12 (5/48)  t0=3184   rollout=  0.3s  avg= 0.3s/seq  elapsed=  0.0m  eta=  0.2m
[run] meanflow  k=1/4 seq=6/12 (6/48)  t0=3980   rollout=  0.3s  avg= 0.3s/seq  elapsed=  0.0m  eta=  0.2m
[run] meanflow  k=1/4 seq=7/12 (7/48)  t0=4776   rollout=  0.3s  avg= 0.3s/seq  elapsed=  0.0m  eta=  0.2m
[run] meanflow  k=1/4 seq=8/12 (8/48)  t0=5572   rollout=  0.3s  avg= 0.3s/seq  elapsed=  0.0m  eta=  0.2m
[run] meanflow  k=1/4 seq=9/12 (9/48)  t0=6368   rollout=  0.3s  avg= 0.3s/seq  elapsed=  0.1m  eta=  0.2m
[run] meanflow  k=1/4 seq=10/12 (10/48)  t0=7164   rollout=  0.3s  avg= 0.3s/seq  elapsed=  0.1m  eta=  0.2m
[run] meanflow  k=1/4 seq=11/12 (11/48)  t0=7960   rollout=  0.3s  avg= 0.3s/seq  elapsed=  0.1m  eta=  0.2m
[run] meanflow  k=1/4 seq=12/12 (12/48)  t0=8757   rollout=  0.3s  avg= 0.3s/seq  elapsed=  0.1m  eta=  0.2m
[run] meanflow  k=2/4 seq=1/12 (13/48)  t0=0      rollout=  0.3s  avg= 0.3s/seq  elapsed=  0.1m  eta=  0.2m
[run] meanflow  k=2/4 seq=2/12 (14/48)  t0=796    rollout=  0.3s  avg= 0.3s/seq  elapsed=  0.1m  eta=  0.2m
[run] meanflow  k=2/4 seq=3/12 (15/48)  t0=1592   rollout=  0.3s  avg= 0.3s/seq  elapsed=  0.1m  eta=  0.2m
[run] meanflow  k=2/4 seq=4/12 (16/48)  t0=2388   rollout=  0.3s  avg= 0.3s/seq  elapsed=  0.1m  eta=  0.2m
[run] meanflow  k=2/4 seq=5/12 (17/48)  t0=3184   rollout=  0.3s  avg= 0.3s/seq  elapsed=  0.1m  eta=  0.2m
[run] meanflow  k=2/4 seq=6/12 (18/48)  t0=3980   rollout=  0.3s  avg= 0.3s/seq  elapsed=  0.1m  eta=  0.2m
[run] meanflow  k=2/4 seq=7/12 (19/48)  t0=4776   rollout=  0.3s  avg= 0.3s/seq  elapsed=  0.1m  eta=  0.2m
[run] meanflow  k=2/4 seq=8/12 (20/48)  t0=5572   rollout=  0.3s  avg= 0.3s/seq  elapsed=  0.1m  eta=  0.2m
[run] meanflow  k=2/4 seq=9/12 (21/48)  t0=6368   rollout=  0.3s  avg= 0.3s/seq  elapsed=  0.1m  eta=  0.2m
[run] meanflow  k=2/4 seq=10/12 (22/48)  t0=7164   rollout=  0.3s  avg= 0.3s/seq  elapsed=  0.1m  eta=  0.1m
[run] meanflow  k=2/4 seq=11/12 (23/48)  t0=7960   rollout=  0.3s  avg= 0.3s/seq  elapsed=  0.1m  eta=  0.1m
[run] meanflow  k=2/4 seq=12/12 (24/48)  t0=8757   rollout=  0.3s  avg= 0.3s/seq  elapsed=  0.1m  eta=  0.1m
[run] meanflow  k=3/4 seq=1/12 (25/48)  t0=0      rollout=  0.3s  avg= 0.3s/seq  elapsed=  0.1m  eta=  0.1m
[run] meanflow  k=3/4 seq=2/12 (26/48)  t0=796    rollout=  0.3s  avg= 0.3s/seq  elapsed=  0.1m  eta=  0.1m
[run] meanflow  k=3/4 seq=3/12 (27/48)  t0=1592   rollout=  0.3s  avg= 0.3s/seq  elapsed=  0.2m  eta=  0.1m
[run] meanflow  k=3/4 seq=4/12 (28/48)  t0=2388   rollout=  0.3s  avg= 0.3s/seq  elapsed=  0.2m  eta=  0.1m
[run] meanflow  k=3/4 seq=5/12 (29/48)  t0=3184   rollout=  0.3s  avg= 0.3s/seq  elapsed=  0.2m  eta=  0.1m
[run] meanflow  k=3/4 seq=6/12 (30/48)  t0=3980   rollout=  0.3s  avg= 0.3s/seq  elapsed=  0.2m  eta=  0.1m
[run] meanflow  k=3/4 seq=7/12 (31/48)  t0=4776   rollout=  0.3s  avg= 0.3s/seq  elapsed=  0.2m  eta=  0.1m
[run] meanflow  k=3/4 seq=8/12 (32/48)  t0=5572   rollout=  0.3s  avg= 0.3s/seq  elapsed=  0.2m  eta=  0.1m
[run] meanflow  k=3/4 seq=9/12 (33/48)  t0=6368   rollout=  0.3s  avg= 0.3s/seq  elapsed=  0.2m  eta=  0.1m
[run] meanflow  k=3/4 seq=10/12 (34/48)  t0=7164   rollout=  0.3s  avg= 0.3s/seq  elapsed=  0.2m  eta=  0.1m
[run] meanflow  k=3/4 seq=11/12 (35/48)  t0=7960   rollout=  0.3s  avg= 0.3s/seq  elapsed=  0.2m  eta=  0.1m
[run] meanflow  k=3/4 seq=12/12 (36/48)  t0=8757   rollout=  0.3s  avg= 0.3s/seq  elapsed=  0.2m  eta=  0.1m
[run] meanflow  k=4/4 seq=1/12 (37/48)  t0=0      rollout=  0.3s  avg= 0.3s/seq  elapsed=  0.2m  eta=  0.1m
[run] meanflow  k=4/4 seq=2/12 (38/48)  t0=796    rollout=  0.3s  avg= 0.3s/seq  elapsed=  0.2m  eta=  0.1m
[run] meanflow  k=4/4 seq=3/12 (39/48)  t0=1592   rollout=  0.3s  avg= 0.3s/seq  elapsed=  0.2m  eta=  0.1m
[run] meanflow  k=4/4 seq=4/12 (40/48)  t0=2388   rollout=  0.3s  avg= 0.3s/seq  elapsed=  0.2m  eta=  0.0m
[run] meanflow  k=4/4 seq=5/12 (41/48)  t0=3184   rollout=  0.3s  avg= 0.3s/seq  elapsed=  0.2m  eta=  0.0m
[run] meanflow  k=4/4 seq=6/12 (42/48)  t0=3980   rollout=  0.3s  avg= 0.3s/seq  elapsed=  0.2m  eta=  0.0m
[run] meanflow  k=4/4 seq=7/12 (43/48)  t0=4776   rollout=  0.3s  avg= 0.3s/seq  elapsed=  0.2m  eta=  0.0m
[run] meanflow  k=4/4 seq=8/12 (44/48)  t0=5572   rollout=  0.3s  avg= 0.3s/seq  elapsed=  0.2m  eta=  0.0m
[run] meanflow  k=4/4 seq=9/12 (45/48)  t0=6368   rollout=  0.3s  avg= 0.3s/seq  elapsed=  0.3m  eta=  0.0m
[run] meanflow  k=4/4 seq=10/12 (46/48)  t0=7164   rollout=  0.3s  avg= 0.3s/seq  elapsed=  0.3m  eta=  0.0m
[run] meanflow  k=4/4 seq=11/12 (47/48)  t0=7960   rollout=  0.3s  avg= 0.3s/seq  elapsed=  0.3m  eta=  0.0m
[run] meanflow  k=4/4 seq=12/12 (48/48)  t0=8757   rollout=  0.3s  avg= 0.3s/seq  elapsed=  0.3m  eta=  0.0m
[run] meanflow ensemble finished in 0.3m
[2026-06-12 07:33:20] [nfe_sweep] NFE=  6  t/seq= 0.34s  CRPS-qpepre=0.1182  CSI-M=0.2893  RMSE-qpepre=0.5623  NFE-elapsed=0.3m
| method | Time/Seq.(s) | CRPS↓ | CSI-M↑ | CSI-P16↑ | FSS-P16-M↑ | HSS-M↑ | FAR-M↓ | RMSE_u10↓ | RMSE_v10↓ | RMSE_t2m↓ | RMSE_qpepre↓ |
|---|---|---|---|---|---|---|---|---|---|---|---|
| meanflow | 0.335 | 0.2914 | 0.2893 | 0.1562 | 0.2492 | 0.3911 | 0.2860 | 0.8658 | 0.8955 | 0.4242 | 0.5623 |

================================================================
[2026-06-12 07:33:20] NFE = 8   (7/15)
================================================================
[run] meanflow ensemble starting: K=4 x S=12 x T=1 = 48 sequence-rollouts
[run] meanflow  k=1/4 seq=1/12 (1/48)  t0=0      rollout=  0.4s  avg= 0.4s/seq  elapsed=  0.0m  eta=  0.3m
[run] meanflow  k=1/4 seq=2/12 (2/48)  t0=796    rollout=  0.4s  avg= 0.4s/seq  elapsed=  0.0m  eta=  0.3m
[run] meanflow  k=1/4 seq=3/12 (3/48)  t0=1592   rollout=  0.4s  avg= 0.4s/seq  elapsed=  0.0m  eta=  0.3m
[run] meanflow  k=1/4 seq=4/12 (4/48)  t0=2388   rollout=  0.4s  avg= 0.4s/seq  elapsed=  0.0m  eta=  0.3m
[run] meanflow  k=1/4 seq=5/12 (5/48)  t0=3184   rollout=  0.4s  avg= 0.4s/seq  elapsed=  0.0m  eta=  0.3m
[run] meanflow  k=1/4 seq=6/12 (6/48)  t0=3980   rollout=  0.4s  avg= 0.4s/seq  elapsed=  0.0m  eta=  0.3m
[run] meanflow  k=1/4 seq=7/12 (7/48)  t0=4776   rollout=  0.4s  avg= 0.4s/seq  elapsed=  0.0m  eta=  0.3m
[run] meanflow  k=1/4 seq=8/12 (8/48)  t0=5572   rollout=  0.4s  avg= 0.4s/seq  elapsed=  0.1m  eta=  0.3m
[run] meanflow  k=1/4 seq=9/12 (9/48)  t0=6368   rollout=  0.4s  avg= 0.4s/seq  elapsed=  0.1m  eta=  0.3m
[run] meanflow  k=1/4 seq=10/12 (10/48)  t0=7164   rollout=  0.4s  avg= 0.4s/seq  elapsed=  0.1m  eta=  0.3m
[run] meanflow  k=1/4 seq=11/12 (11/48)  t0=7960   rollout=  0.4s  avg= 0.4s/seq  elapsed=  0.1m  eta=  0.3m
[run] meanflow  k=1/4 seq=12/12 (12/48)  t0=8757   rollout=  0.4s  avg= 0.4s/seq  elapsed=  0.1m  eta=  0.2m
[run] meanflow  k=2/4 seq=1/12 (13/48)  t0=0      rollout=  0.4s  avg= 0.4s/seq  elapsed=  0.1m  eta=  0.2m
[run] meanflow  k=2/4 seq=2/12 (14/48)  t0=796    rollout=  0.4s  avg= 0.4s/seq  elapsed=  0.1m  eta=  0.2m
[run] meanflow  k=2/4 seq=3/12 (15/48)  t0=1592   rollout=  0.4s  avg= 0.4s/seq  elapsed=  0.1m  eta=  0.2m
[run] meanflow  k=2/4 seq=4/12 (16/48)  t0=2388   rollout=  0.4s  avg= 0.4s/seq  elapsed=  0.1m  eta=  0.2m
[run] meanflow  k=2/4 seq=5/12 (17/48)  t0=3184   rollout=  0.4s  avg= 0.4s/seq  elapsed=  0.1m  eta=  0.2m
[run] meanflow  k=2/4 seq=6/12 (18/48)  t0=3980   rollout=  0.4s  avg= 0.4s/seq  elapsed=  0.1m  eta=  0.2m
[run] meanflow  k=2/4 seq=7/12 (19/48)  t0=4776   rollout=  0.4s  avg= 0.4s/seq  elapsed=  0.1m  eta=  0.2m
[run] meanflow  k=2/4 seq=8/12 (20/48)  t0=5572   rollout=  0.4s  avg= 0.4s/seq  elapsed=  0.1m  eta=  0.2m
[run] meanflow  k=2/4 seq=9/12 (21/48)  t0=6368   rollout=  0.4s  avg= 0.4s/seq  elapsed=  0.1m  eta=  0.2m
[run] meanflow  k=2/4 seq=10/12 (22/48)  t0=7164   rollout=  0.4s  avg= 0.4s/seq  elapsed=  0.2m  eta=  0.2m
[run] meanflow  k=2/4 seq=11/12 (23/48)  t0=7960   rollout=  0.4s  avg= 0.4s/seq  elapsed=  0.2m  eta=  0.2m
[run] meanflow  k=2/4 seq=12/12 (24/48)  t0=8757   rollout=  0.4s  avg= 0.4s/seq  elapsed=  0.2m  eta=  0.2m
[run] meanflow  k=3/4 seq=1/12 (25/48)  t0=0      rollout=  0.4s  avg= 0.4s/seq  elapsed=  0.2m  eta=  0.2m
[run] meanflow  k=3/4 seq=2/12 (26/48)  t0=796    rollout=  0.4s  avg= 0.4s/seq  elapsed=  0.2m  eta=  0.2m
[run] meanflow  k=3/4 seq=3/12 (27/48)  t0=1592   rollout=  0.4s  avg= 0.4s/seq  elapsed=  0.2m  eta=  0.1m
[run] meanflow  k=3/4 seq=4/12 (28/48)  t0=2388   rollout=  0.4s  avg= 0.4s/seq  elapsed=  0.2m  eta=  0.1m
[run] meanflow  k=3/4 seq=5/12 (29/48)  t0=3184   rollout=  0.4s  avg= 0.4s/seq  elapsed=  0.2m  eta=  0.1m
[run] meanflow  k=3/4 seq=6/12 (30/48)  t0=3980   rollout=  0.4s  avg= 0.4s/seq  elapsed=  0.2m  eta=  0.1m
[run] meanflow  k=3/4 seq=7/12 (31/48)  t0=4776   rollout=  0.4s  avg= 0.4s/seq  elapsed=  0.2m  eta=  0.1m
[run] meanflow  k=3/4 seq=8/12 (32/48)  t0=5572   rollout=  0.4s  avg= 0.4s/seq  elapsed=  0.2m  eta=  0.1m
[run] meanflow  k=3/4 seq=9/12 (33/48)  t0=6368   rollout=  0.4s  avg= 0.4s/seq  elapsed=  0.2m  eta=  0.1m
[run] meanflow  k=3/4 seq=10/12 (34/48)  t0=7164   rollout=  0.4s  avg= 0.4s/seq  elapsed=  0.2m  eta=  0.1m
[run] meanflow  k=3/4 seq=11/12 (35/48)  t0=7960   rollout=  0.4s  avg= 0.4s/seq  elapsed=  0.2m  eta=  0.1m
[run] meanflow  k=3/4 seq=12/12 (36/48)  t0=8757   rollout=  0.4s  avg= 0.4s/seq  elapsed=  0.3m  eta=  0.1m
[run] meanflow  k=4/4 seq=1/12 (37/48)  t0=0      rollout=  0.4s  avg= 0.4s/seq  elapsed=  0.3m  eta=  0.1m
[run] meanflow  k=4/4 seq=2/12 (38/48)  t0=796    rollout=  0.4s  avg= 0.4s/seq  elapsed=  0.3m  eta=  0.1m
[run] meanflow  k=4/4 seq=3/12 (39/48)  t0=1592   rollout=  0.4s  avg= 0.4s/seq  elapsed=  0.3m  eta=  0.1m
[run] meanflow  k=4/4 seq=4/12 (40/48)  t0=2388   rollout=  0.4s  avg= 0.4s/seq  elapsed=  0.3m  eta=  0.1m
[run] meanflow  k=4/4 seq=5/12 (41/48)  t0=3184   rollout=  0.4s  avg= 0.4s/seq  elapsed=  0.3m  eta=  0.0m
[run] meanflow  k=4/4 seq=6/12 (42/48)  t0=3980   rollout=  0.4s  avg= 0.4s/seq  elapsed=  0.3m  eta=  0.0m
[run] meanflow  k=4/4 seq=7/12 (43/48)  t0=4776   rollout=  0.4s  avg= 0.4s/seq  elapsed=  0.3m  eta=  0.0m
[run] meanflow  k=4/4 seq=8/12 (44/48)  t0=5572   rollout=  0.4s  avg= 0.4s/seq  elapsed=  0.3m  eta=  0.0m
[run] meanflow  k=4/4 seq=9/12 (45/48)  t0=6368   rollout=  0.4s  avg= 0.4s/seq  elapsed=  0.3m  eta=  0.0m
[run] meanflow  k=4/4 seq=10/12 (46/48)  t0=7164   rollout=  0.4s  avg= 0.4s/seq  elapsed=  0.3m  eta=  0.0m
[run] meanflow  k=4/4 seq=11/12 (47/48)  t0=7960   rollout=  0.4s  avg= 0.4s/seq  elapsed=  0.3m  eta=  0.0m
[run] meanflow  k=4/4 seq=12/12 (48/48)  t0=8757   rollout=  0.4s  avg= 0.4s/seq  elapsed=  0.3m  eta=  0.0m
[run] meanflow ensemble finished in 0.3m
[2026-06-12 07:33:40] [nfe_sweep] NFE=  8  t/seq= 0.42s  CRPS-qpepre=0.1185  CSI-M=0.2851  RMSE-qpepre=0.5624  NFE-elapsed=0.3m
| method | Time/Seq.(s) | CRPS↓ | CSI-M↑ | CSI-P16↑ | FSS-P16-M↑ | HSS-M↑ | FAR-M↓ | RMSE_u10↓ | RMSE_v10↓ | RMSE_t2m↓ | RMSE_qpepre↓ |
|---|---|---|---|---|---|---|---|---|---|---|---|
| meanflow | 0.415 | 0.2886 | 0.2851 | 0.1562 | 0.2492 | 0.3852 | 0.2865 | 0.8592 | 0.8922 | 0.4103 | 0.5624 |

================================================================
[2026-06-12 07:33:40] NFE = 10   (8/15)
================================================================
[run] meanflow ensemble starting: K=4 x S=12 x T=1 = 48 sequence-rollouts
[run] meanflow  k=1/4 seq=1/12 (1/48)  t0=0      rollout=  0.5s  avg= 0.5s/seq  elapsed=  0.0m  eta=  0.4m
[run] meanflow  k=1/4 seq=2/12 (2/48)  t0=796    rollout=  0.5s  avg= 0.5s/seq  elapsed=  0.0m  eta=  0.4m
[run] meanflow  k=1/4 seq=3/12 (3/48)  t0=1592   rollout=  0.5s  avg= 0.5s/seq  elapsed=  0.0m  eta=  0.4m
[run] meanflow  k=1/4 seq=4/12 (4/48)  t0=2388   rollout=  0.5s  avg= 0.5s/seq  elapsed=  0.0m  eta=  0.4m
[run] meanflow  k=1/4 seq=5/12 (5/48)  t0=3184   rollout=  0.5s  avg= 0.5s/seq  elapsed=  0.0m  eta=  0.3m
[run] meanflow  k=1/4 seq=6/12 (6/48)  t0=3980   rollout=  0.5s  avg= 0.5s/seq  elapsed=  0.0m  eta=  0.3m
[run] meanflow  k=1/4 seq=7/12 (7/48)  t0=4776   rollout=  0.5s  avg= 0.5s/seq  elapsed=  0.1m  eta=  0.3m
[run] meanflow  k=1/4 seq=8/12 (8/48)  t0=5572   rollout=  0.5s  avg= 0.5s/seq  elapsed=  0.1m  eta=  0.3m
[run] meanflow  k=1/4 seq=9/12 (9/48)  t0=6368   rollout=  0.5s  avg= 0.5s/seq  elapsed=  0.1m  eta=  0.3m
[run] meanflow  k=1/4 seq=10/12 (10/48)  t0=7164   rollout=  0.5s  avg= 0.5s/seq  elapsed=  0.1m  eta=  0.3m
[run] meanflow  k=1/4 seq=11/12 (11/48)  t0=7960   rollout=  0.5s  avg= 0.5s/seq  elapsed=  0.1m  eta=  0.3m
[run] meanflow  k=1/4 seq=12/12 (12/48)  t0=8757   rollout=  0.5s  avg= 0.5s/seq  elapsed=  0.1m  eta=  0.3m
[run] meanflow  k=2/4 seq=1/12 (13/48)  t0=0      rollout=  0.5s  avg= 0.5s/seq  elapsed=  0.1m  eta=  0.3m
[run] meanflow  k=2/4 seq=2/12 (14/48)  t0=796    rollout=  0.5s  avg= 0.5s/seq  elapsed=  0.1m  eta=  0.3m
[run] meanflow  k=2/4 seq=3/12 (15/48)  t0=1592   rollout=  0.5s  avg= 0.5s/seq  elapsed=  0.1m  eta=  0.3m
[run] meanflow  k=2/4 seq=4/12 (16/48)  t0=2388   rollout=  0.5s  avg= 0.5s/seq  elapsed=  0.1m  eta=  0.3m
[run] meanflow  k=2/4 seq=5/12 (17/48)  t0=3184   rollout=  0.5s  avg= 0.5s/seq  elapsed=  0.1m  eta=  0.3m
[run] meanflow  k=2/4 seq=6/12 (18/48)  t0=3980   rollout=  0.5s  avg= 0.5s/seq  elapsed=  0.1m  eta=  0.2m
[run] meanflow  k=2/4 seq=7/12 (19/48)  t0=4776   rollout=  0.5s  avg= 0.5s/seq  elapsed=  0.2m  eta=  0.2m
[run] meanflow  k=2/4 seq=8/12 (20/48)  t0=5572   rollout=  0.5s  avg= 0.5s/seq  elapsed=  0.2m  eta=  0.2m
[run] meanflow  k=2/4 seq=9/12 (21/48)  t0=6368   rollout=  0.5s  avg= 0.5s/seq  elapsed=  0.2m  eta=  0.2m
[run] meanflow  k=2/4 seq=10/12 (22/48)  t0=7164   rollout=  0.5s  avg= 0.5s/seq  elapsed=  0.2m  eta=  0.2m
[run] meanflow  k=2/4 seq=11/12 (23/48)  t0=7960   rollout=  0.5s  avg= 0.5s/seq  elapsed=  0.2m  eta=  0.2m
[run] meanflow  k=2/4 seq=12/12 (24/48)  t0=8757   rollout=  0.5s  avg= 0.5s/seq  elapsed=  0.2m  eta=  0.2m
[run] meanflow  k=3/4 seq=1/12 (25/48)  t0=0      rollout=  0.5s  avg= 0.5s/seq  elapsed=  0.2m  eta=  0.2m
[run] meanflow  k=3/4 seq=2/12 (26/48)  t0=796    rollout=  0.5s  avg= 0.5s/seq  elapsed=  0.2m  eta=  0.2m
[run] meanflow  k=3/4 seq=3/12 (27/48)  t0=1592   rollout=  0.5s  avg= 0.5s/seq  elapsed=  0.2m  eta=  0.2m
[run] meanflow  k=3/4 seq=4/12 (28/48)  t0=2388   rollout=  0.5s  avg= 0.5s/seq  elapsed=  0.2m  eta=  0.2m
[run] meanflow  k=3/4 seq=5/12 (29/48)  t0=3184   rollout=  0.5s  avg= 0.5s/seq  elapsed=  0.2m  eta=  0.2m
[run] meanflow  k=3/4 seq=6/12 (30/48)  t0=3980   rollout=  0.5s  avg= 0.5s/seq  elapsed=  0.2m  eta=  0.1m
[run] meanflow  k=3/4 seq=7/12 (31/48)  t0=4776   rollout=  0.5s  avg= 0.5s/seq  elapsed=  0.3m  eta=  0.1m
[run] meanflow  k=3/4 seq=8/12 (32/48)  t0=5572   rollout=  0.5s  avg= 0.5s/seq  elapsed=  0.3m  eta=  0.1m
[run] meanflow  k=3/4 seq=9/12 (33/48)  t0=6368   rollout=  0.5s  avg= 0.5s/seq  elapsed=  0.3m  eta=  0.1m
[run] meanflow  k=3/4 seq=10/12 (34/48)  t0=7164   rollout=  0.5s  avg= 0.5s/seq  elapsed=  0.3m  eta=  0.1m
[run] meanflow  k=3/4 seq=11/12 (35/48)  t0=7960   rollout=  0.5s  avg= 0.5s/seq  elapsed=  0.3m  eta=  0.1m
[run] meanflow  k=3/4 seq=12/12 (36/48)  t0=8757   rollout=  0.5s  avg= 0.5s/seq  elapsed=  0.3m  eta=  0.1m
[run] meanflow  k=4/4 seq=1/12 (37/48)  t0=0      rollout=  0.5s  avg= 0.5s/seq  elapsed=  0.3m  eta=  0.1m
[run] meanflow  k=4/4 seq=2/12 (38/48)  t0=796    rollout=  0.5s  avg= 0.5s/seq  elapsed=  0.3m  eta=  0.1m
[run] meanflow  k=4/4 seq=3/12 (39/48)  t0=1592   rollout=  0.5s  avg= 0.5s/seq  elapsed=  0.3m  eta=  0.1m
[run] meanflow  k=4/4 seq=4/12 (40/48)  t0=2388   rollout=  0.5s  avg= 0.5s/seq  elapsed=  0.3m  eta=  0.1m
[run] meanflow  k=4/4 seq=5/12 (41/48)  t0=3184   rollout=  0.5s  avg= 0.5s/seq  elapsed=  0.3m  eta=  0.1m
[run] meanflow  k=4/4 seq=6/12 (42/48)  t0=3980   rollout=  0.5s  avg= 0.5s/seq  elapsed=  0.3m  eta=  0.0m
[run] meanflow  k=4/4 seq=7/12 (43/48)  t0=4776   rollout=  0.5s  avg= 0.5s/seq  elapsed=  0.3m  eta=  0.0m
[run] meanflow  k=4/4 seq=8/12 (44/48)  t0=5572   rollout=  0.5s  avg= 0.5s/seq  elapsed=  0.4m  eta=  0.0m
[run] meanflow  k=4/4 seq=9/12 (45/48)  t0=6368   rollout=  0.5s  avg= 0.5s/seq  elapsed=  0.4m  eta=  0.0m
[run] meanflow  k=4/4 seq=10/12 (46/48)  t0=7164   rollout=  0.5s  avg= 0.5s/seq  elapsed=  0.4m  eta=  0.0m
[run] meanflow  k=4/4 seq=11/12 (47/48)  t0=7960   rollout=  0.5s  avg= 0.5s/seq  elapsed=  0.4m  eta=  0.0m
[run] meanflow  k=4/4 seq=12/12 (48/48)  t0=8757   rollout=  0.5s  avg= 0.5s/seq  elapsed=  0.4m  eta=  0.0m
[run] meanflow ensemble finished in 0.4m
[2026-06-12 07:34:03] [nfe_sweep] NFE= 10  t/seq= 0.49s  CRPS-qpepre=0.1174  CSI-M=0.2955  RMSE-qpepre=0.5639  NFE-elapsed=0.4m
| method | Time/Seq.(s) | CRPS↓ | CSI-M↑ | CSI-P16↑ | FSS-P16-M↑ | HSS-M↑ | FAR-M↓ | RMSE_u10↓ | RMSE_v10↓ | RMSE_t2m↓ | RMSE_qpepre↓ |
|---|---|---|---|---|---|---|---|---|---|---|---|
| meanflow | 0.487 | 0.2882 | 0.2955 | 0.1940 | 0.3590 | 0.4003 | 0.3236 | 0.8594 | 0.8953 | 0.4156 | 0.5639 |

================================================================
[2026-06-12 07:34:03] NFE = 12   (9/15)
================================================================
[run] meanflow ensemble starting: K=4 x S=12 x T=1 = 48 sequence-rollouts
[run] meanflow  k=1/4 seq=1/12 (1/48)  t0=0      rollout=  0.6s  avg= 0.6s/seq  elapsed=  0.0m  eta=  0.4m
[run] meanflow  k=1/4 seq=2/12 (2/48)  t0=796    rollout=  0.6s  avg= 0.6s/seq  elapsed=  0.0m  eta=  0.4m
[run] meanflow  k=1/4 seq=3/12 (3/48)  t0=1592   rollout=  0.6s  avg= 0.6s/seq  elapsed=  0.0m  eta=  0.4m
[run] meanflow  k=1/4 seq=4/12 (4/48)  t0=2388   rollout=  0.6s  avg= 0.6s/seq  elapsed=  0.0m  eta=  0.4m
[run] meanflow  k=1/4 seq=5/12 (5/48)  t0=3184   rollout=  0.6s  avg= 0.6s/seq  elapsed=  0.0m  eta=  0.4m
[run] meanflow  k=1/4 seq=6/12 (6/48)  t0=3980   rollout=  0.6s  avg= 0.6s/seq  elapsed=  0.1m  eta=  0.4m
[run] meanflow  k=1/4 seq=7/12 (7/48)  t0=4776   rollout=  0.6s  avg= 0.6s/seq  elapsed=  0.1m  eta=  0.4m
[run] meanflow  k=1/4 seq=8/12 (8/48)  t0=5572   rollout=  0.6s  avg= 0.6s/seq  elapsed=  0.1m  eta=  0.4m
[run] meanflow  k=1/4 seq=9/12 (9/48)  t0=6368   rollout=  0.6s  avg= 0.6s/seq  elapsed=  0.1m  eta=  0.4m
[run] meanflow  k=1/4 seq=10/12 (10/48)  t0=7164   rollout=  0.6s  avg= 0.6s/seq  elapsed=  0.1m  eta=  0.4m
[run] meanflow  k=1/4 seq=11/12 (11/48)  t0=7960   rollout=  0.6s  avg= 0.6s/seq  elapsed=  0.1m  eta=  0.4m
[run] meanflow  k=1/4 seq=12/12 (12/48)  t0=8757   rollout=  0.6s  avg= 0.6s/seq  elapsed=  0.1m  eta=  0.3m
[run] meanflow  k=2/4 seq=1/12 (13/48)  t0=0      rollout=  0.6s  avg= 0.6s/seq  elapsed=  0.1m  eta=  0.3m
[run] meanflow  k=2/4 seq=2/12 (14/48)  t0=796    rollout=  0.6s  avg= 0.6s/seq  elapsed=  0.1m  eta=  0.3m
[run] meanflow  k=2/4 seq=3/12 (15/48)  t0=1592   rollout=  0.6s  avg= 0.6s/seq  elapsed=  0.1m  eta=  0.3m
[run] meanflow  k=2/4 seq=4/12 (16/48)  t0=2388   rollout=  0.6s  avg= 0.6s/seq  elapsed=  0.2m  eta=  0.3m
[run] meanflow  k=2/4 seq=5/12 (17/48)  t0=3184   rollout=  0.6s  avg= 0.6s/seq  elapsed=  0.2m  eta=  0.3m
[run] meanflow  k=2/4 seq=6/12 (18/48)  t0=3980   rollout=  0.6s  avg= 0.6s/seq  elapsed=  0.2m  eta=  0.3m
[run] meanflow  k=2/4 seq=7/12 (19/48)  t0=4776   rollout=  0.6s  avg= 0.6s/seq  elapsed=  0.2m  eta=  0.3m
[run] meanflow  k=2/4 seq=8/12 (20/48)  t0=5572   rollout=  0.6s  avg= 0.6s/seq  elapsed=  0.2m  eta=  0.3m
[run] meanflow  k=2/4 seq=9/12 (21/48)  t0=6368   rollout=  0.6s  avg= 0.6s/seq  elapsed=  0.2m  eta=  0.3m
[run] meanflow  k=2/4 seq=10/12 (22/48)  t0=7164   rollout=  0.6s  avg= 0.6s/seq  elapsed=  0.2m  eta=  0.2m
[run] meanflow  k=2/4 seq=11/12 (23/48)  t0=7960   rollout=  0.6s  avg= 0.6s/seq  elapsed=  0.2m  eta=  0.2m
[run] meanflow  k=2/4 seq=12/12 (24/48)  t0=8757   rollout=  0.6s  avg= 0.6s/seq  elapsed=  0.2m  eta=  0.2m
[run] meanflow  k=3/4 seq=1/12 (25/48)  t0=0      rollout=  0.6s  avg= 0.6s/seq  elapsed=  0.2m  eta=  0.2m
[run] meanflow  k=3/4 seq=2/12 (26/48)  t0=796    rollout=  0.6s  avg= 0.6s/seq  elapsed=  0.2m  eta=  0.2m
[run] meanflow  k=3/4 seq=3/12 (27/48)  t0=1592   rollout=  0.6s  avg= 0.6s/seq  elapsed=  0.3m  eta=  0.2m
[run] meanflow  k=3/4 seq=4/12 (28/48)  t0=2388   rollout=  0.6s  avg= 0.6s/seq  elapsed=  0.3m  eta=  0.2m
[run] meanflow  k=3/4 seq=5/12 (29/48)  t0=3184   rollout=  0.6s  avg= 0.6s/seq  elapsed=  0.3m  eta=  0.2m
[run] meanflow  k=3/4 seq=6/12 (30/48)  t0=3980   rollout=  0.6s  avg= 0.6s/seq  elapsed=  0.3m  eta=  0.2m
[run] meanflow  k=3/4 seq=7/12 (31/48)  t0=4776   rollout=  0.6s  avg= 0.6s/seq  elapsed=  0.3m  eta=  0.2m
[run] meanflow  k=3/4 seq=8/12 (32/48)  t0=5572   rollout=  0.6s  avg= 0.6s/seq  elapsed=  0.3m  eta=  0.2m
[run] meanflow  k=3/4 seq=9/12 (33/48)  t0=6368   rollout=  0.6s  avg= 0.6s/seq  elapsed=  0.3m  eta=  0.1m
[run] meanflow  k=3/4 seq=10/12 (34/48)  t0=7164   rollout=  0.6s  avg= 0.6s/seq  elapsed=  0.3m  eta=  0.1m
[run] meanflow  k=3/4 seq=11/12 (35/48)  t0=7960   rollout=  0.6s  avg= 0.6s/seq  elapsed=  0.3m  eta=  0.1m
[run] meanflow  k=3/4 seq=12/12 (36/48)  t0=8757   rollout=  0.6s  avg= 0.6s/seq  elapsed=  0.3m  eta=  0.1m
[run] meanflow  k=4/4 seq=1/12 (37/48)  t0=0      rollout=  0.6s  avg= 0.6s/seq  elapsed=  0.4m  eta=  0.1m
[run] meanflow  k=4/4 seq=2/12 (38/48)  t0=796    rollout=  0.6s  avg= 0.6s/seq  elapsed=  0.4m  eta=  0.1m
[run] meanflow  k=4/4 seq=3/12 (39/48)  t0=1592   rollout=  0.6s  avg= 0.6s/seq  elapsed=  0.4m  eta=  0.1m
[run] meanflow  k=4/4 seq=4/12 (40/48)  t0=2388   rollout=  0.6s  avg= 0.6s/seq  elapsed=  0.4m  eta=  0.1m
[run] meanflow  k=4/4 seq=5/12 (41/48)  t0=3184   rollout=  0.6s  avg= 0.6s/seq  elapsed=  0.4m  eta=  0.1m
[run] meanflow  k=4/4 seq=6/12 (42/48)  t0=3980   rollout=  0.6s  avg= 0.6s/seq  elapsed=  0.4m  eta=  0.1m
[run] meanflow  k=4/4 seq=7/12 (43/48)  t0=4776   rollout=  0.6s  avg= 0.6s/seq  elapsed=  0.4m  eta=  0.0m
[run] meanflow  k=4/4 seq=8/12 (44/48)  t0=5572   rollout=  0.6s  avg= 0.6s/seq  elapsed=  0.4m  eta=  0.0m
[run] meanflow  k=4/4 seq=9/12 (45/48)  t0=6368   rollout=  0.6s  avg= 0.6s/seq  elapsed=  0.4m  eta=  0.0m
[run] meanflow  k=4/4 seq=10/12 (46/48)  t0=7164   rollout=  0.6s  avg= 0.6s/seq  elapsed=  0.4m  eta=  0.0m
[run] meanflow  k=4/4 seq=11/12 (47/48)  t0=7960   rollout=  0.6s  avg= 0.6s/seq  elapsed=  0.4m  eta=  0.0m
[run] meanflow  k=4/4 seq=12/12 (48/48)  t0=8757   rollout=  0.6s  avg= 0.6s/seq  elapsed=  0.5m  eta=  0.0m
[run] meanflow ensemble finished in 0.5m
[2026-06-12 07:34:31] [nfe_sweep] NFE= 12  t/seq= 0.57s  CRPS-qpepre=0.1164  CSI-M=0.2994  RMSE-qpepre=0.5680  NFE-elapsed=0.5m
| method | Time/Seq.(s) | CRPS↓ | CSI-M↑ | CSI-P16↑ | FSS-P16-M↑ | HSS-M↑ | FAR-M↓ | RMSE_u10↓ | RMSE_v10↓ | RMSE_t2m↓ | RMSE_qpepre↓ |
|---|---|---|---|---|---|---|---|---|---|---|---|
| meanflow | 0.572 | 0.2860 | 0.2994 | 0.2083 | 0.4613 | 0.4061 | 0.3675 | 0.8658 | 0.8837 | 0.4139 | 0.5680 |

================================================================
[2026-06-12 07:34:31] NFE = 16   (10/15)
================================================================
[run] meanflow ensemble starting: K=4 x S=12 x T=1 = 48 sequence-rollouts
[run] meanflow  k=1/4 seq=1/12 (1/48)  t0=0      rollout=  0.7s  avg= 0.7s/seq  elapsed=  0.0m  eta=  0.6m
[run] meanflow  k=1/4 seq=2/12 (2/48)  t0=796    rollout=  0.7s  avg= 0.7s/seq  elapsed=  0.0m  eta=  0.5m
[run] meanflow  k=1/4 seq=3/12 (3/48)  t0=1592   rollout=  0.7s  avg= 0.7s/seq  elapsed=  0.0m  eta=  0.5m
[run] meanflow  k=1/4 seq=4/12 (4/48)  t0=2388   rollout=  0.7s  avg= 0.7s/seq  elapsed=  0.0m  eta=  0.5m
[run] meanflow  k=1/4 seq=5/12 (5/48)  t0=3184   rollout=  0.7s  avg= 0.7s/seq  elapsed=  0.1m  eta=  0.5m
[run] meanflow  k=1/4 seq=6/12 (6/48)  t0=3980   rollout=  0.7s  avg= 0.7s/seq  elapsed=  0.1m  eta=  0.5m
[run] meanflow  k=1/4 seq=7/12 (7/48)  t0=4776   rollout=  0.7s  avg= 0.7s/seq  elapsed=  0.1m  eta=  0.5m
[run] meanflow  k=1/4 seq=8/12 (8/48)  t0=5572   rollout=  0.7s  avg= 0.7s/seq  elapsed=  0.1m  eta=  0.5m
[run] meanflow  k=1/4 seq=9/12 (9/48)  t0=6368   rollout=  0.7s  avg= 0.7s/seq  elapsed=  0.1m  eta=  0.5m
[run] meanflow  k=1/4 seq=10/12 (10/48)  t0=7164   rollout=  0.7s  avg= 0.7s/seq  elapsed=  0.1m  eta=  0.5m
[run] meanflow  k=1/4 seq=11/12 (11/48)  t0=7960   rollout=  0.7s  avg= 0.7s/seq  elapsed=  0.1m  eta=  0.4m
[run] meanflow  k=1/4 seq=12/12 (12/48)  t0=8757   rollout=  0.7s  avg= 0.7s/seq  elapsed=  0.1m  eta=  0.4m
[run] meanflow  k=2/4 seq=1/12 (13/48)  t0=0      rollout=  0.7s  avg= 0.7s/seq  elapsed=  0.2m  eta=  0.4m
[run] meanflow  k=2/4 seq=2/12 (14/48)  t0=796    rollout=  0.8s  avg= 0.7s/seq  elapsed=  0.2m  eta=  0.4m
[run] meanflow  k=2/4 seq=3/12 (15/48)  t0=1592   rollout=  0.8s  avg= 0.7s/seq  elapsed=  0.2m  eta=  0.4m
[run] meanflow  k=2/4 seq=4/12 (16/48)  t0=2388   rollout=  0.8s  avg= 0.7s/seq  elapsed=  0.2m  eta=  0.4m
[run] meanflow  k=2/4 seq=5/12 (17/48)  t0=3184   rollout=  0.8s  avg= 0.7s/seq  elapsed=  0.2m  eta=  0.4m
[run] meanflow  k=2/4 seq=6/12 (18/48)  t0=3980   rollout=  0.9s  avg= 0.7s/seq  elapsed=  0.2m  eta=  0.4m
[run] meanflow  k=2/4 seq=7/12 (19/48)  t0=4776   rollout=  0.9s  avg= 0.7s/seq  elapsed=  0.2m  eta=  0.4m
[run] meanflow  k=2/4 seq=8/12 (20/48)  t0=5572   rollout=  0.9s  avg= 0.8s/seq  elapsed=  0.3m  eta=  0.4m
[run] meanflow  k=2/4 seq=9/12 (21/48)  t0=6368   rollout=  0.9s  avg= 0.8s/seq  elapsed=  0.3m  eta=  0.3m
[run] meanflow  k=2/4 seq=10/12 (22/48)  t0=7164   rollout=  0.8s  avg= 0.8s/seq  elapsed=  0.3m  eta=  0.3m
[run] meanflow  k=2/4 seq=11/12 (23/48)  t0=7960   rollout=  0.7s  avg= 0.8s/seq  elapsed=  0.3m  eta=  0.3m
[run] meanflow  k=2/4 seq=12/12 (24/48)  t0=8757   rollout=  0.7s  avg= 0.8s/seq  elapsed=  0.3m  eta=  0.3m
[run] meanflow  k=3/4 seq=1/12 (25/48)  t0=0      rollout=  0.7s  avg= 0.8s/seq  elapsed=  0.3m  eta=  0.3m
[run] meanflow  k=3/4 seq=2/12 (26/48)  t0=796    rollout=  0.7s  avg= 0.8s/seq  elapsed=  0.3m  eta=  0.3m
[run] meanflow  k=3/4 seq=3/12 (27/48)  t0=1592   rollout=  0.7s  avg= 0.8s/seq  elapsed=  0.3m  eta=  0.3m
[run] meanflow  k=3/4 seq=4/12 (28/48)  t0=2388   rollout=  0.7s  avg= 0.8s/seq  elapsed=  0.4m  eta=  0.3m
[run] meanflow  k=3/4 seq=5/12 (29/48)  t0=3184   rollout=  0.7s  avg= 0.8s/seq  elapsed=  0.4m  eta=  0.2m
[run] meanflow  k=3/4 seq=6/12 (30/48)  t0=3980   rollout=  0.7s  avg= 0.8s/seq  elapsed=  0.4m  eta=  0.2m
[run] meanflow  k=3/4 seq=7/12 (31/48)  t0=4776   rollout=  0.7s  avg= 0.8s/seq  elapsed=  0.4m  eta=  0.2m
[run] meanflow  k=3/4 seq=8/12 (32/48)  t0=5572   rollout=  0.7s  avg= 0.8s/seq  elapsed=  0.4m  eta=  0.2m
[run] meanflow  k=3/4 seq=9/12 (33/48)  t0=6368   rollout=  0.7s  avg= 0.7s/seq  elapsed=  0.4m  eta=  0.2m
[run] meanflow  k=3/4 seq=10/12 (34/48)  t0=7164   rollout=  0.7s  avg= 0.7s/seq  elapsed=  0.4m  eta=  0.2m
[run] meanflow  k=3/4 seq=11/12 (35/48)  t0=7960   rollout=  0.7s  avg= 0.7s/seq  elapsed=  0.4m  eta=  0.2m
[run] meanflow  k=3/4 seq=12/12 (36/48)  t0=8757   rollout=  0.7s  avg= 0.7s/seq  elapsed=  0.4m  eta=  0.1m
[run] meanflow  k=4/4 seq=1/12 (37/48)  t0=0      rollout=  0.7s  avg= 0.7s/seq  elapsed=  0.5m  eta=  0.1m
[run] meanflow  k=4/4 seq=2/12 (38/48)  t0=796    rollout=  0.7s  avg= 0.7s/seq  elapsed=  0.5m  eta=  0.1m
[run] meanflow  k=4/4 seq=3/12 (39/48)  t0=1592   rollout=  0.7s  avg= 0.7s/seq  elapsed=  0.5m  eta=  0.1m
[run] meanflow  k=4/4 seq=4/12 (40/48)  t0=2388   rollout=  0.7s  avg= 0.7s/seq  elapsed=  0.5m  eta=  0.1m
[run] meanflow  k=4/4 seq=5/12 (41/48)  t0=3184   rollout=  0.7s  avg= 0.7s/seq  elapsed=  0.5m  eta=  0.1m
[run] meanflow  k=4/4 seq=6/12 (42/48)  t0=3980   rollout=  0.7s  avg= 0.7s/seq  elapsed=  0.5m  eta=  0.1m
[run] meanflow  k=4/4 seq=7/12 (43/48)  t0=4776   rollout=  0.7s  avg= 0.7s/seq  elapsed=  0.5m  eta=  0.1m
[run] meanflow  k=4/4 seq=8/12 (44/48)  t0=5572   rollout=  0.7s  avg= 0.7s/seq  elapsed=  0.5m  eta=  0.0m
[run] meanflow  k=4/4 seq=9/12 (45/48)  t0=6368   rollout=  0.7s  avg= 0.7s/seq  elapsed=  0.6m  eta=  0.0m
[run] meanflow  k=4/4 seq=10/12 (46/48)  t0=7164   rollout=  0.8s  avg= 0.7s/seq  elapsed=  0.6m  eta=  0.0m
[run] meanflow  k=4/4 seq=11/12 (47/48)  t0=7960   rollout=  0.7s  avg= 0.7s/seq  elapsed=  0.6m  eta=  0.0m
[run] meanflow  k=4/4 seq=12/12 (48/48)  t0=8757   rollout=  0.7s  avg= 0.7s/seq  elapsed=  0.6m  eta=  0.0m
[run] meanflow ensemble finished in 0.6m
[2026-06-12 07:35:06] [nfe_sweep] NFE= 16  t/seq= 0.72s  CRPS-qpepre=0.1163  CSI-M=0.2912  RMSE-qpepre=0.5701  NFE-elapsed=0.6m
| method | Time/Seq.(s) | CRPS↓ | CSI-M↑ | CSI-P16↑ | FSS-P16-M↑ | HSS-M↑ | FAR-M↓ | RMSE_u10↓ | RMSE_v10↓ | RMSE_t2m↓ | RMSE_qpepre↓ |
|---|---|---|---|---|---|---|---|---|---|---|---|
| meanflow | 0.721 | 0.2838 | 0.2912 | 0.1912 | 0.3699 | 0.3951 | 0.3470 | 0.8653 | 0.8893 | 0.4099 | 0.5701 |

================================================================
[2026-06-12 07:35:06] NFE = 20   (11/15)
================================================================
[run] meanflow ensemble starting: K=4 x S=12 x T=1 = 48 sequence-rollouts
[run] meanflow  k=1/4 seq=1/12 (1/48)  t0=0      rollout=  0.9s  avg= 0.9s/seq  elapsed=  0.0m  eta=  0.7m
[run] meanflow  k=1/4 seq=2/12 (2/48)  t0=796    rollout=  0.9s  avg= 0.9s/seq  elapsed=  0.0m  eta=  0.7m
[run] meanflow  k=1/4 seq=3/12 (3/48)  t0=1592   rollout=  0.9s  avg= 0.9s/seq  elapsed=  0.0m  eta=  0.7m
[run] meanflow  k=1/4 seq=4/12 (4/48)  t0=2388   rollout=  0.9s  avg= 0.9s/seq  elapsed=  0.1m  eta=  0.6m
[run] meanflow  k=1/4 seq=5/12 (5/48)  t0=3184   rollout=  0.9s  avg= 0.9s/seq  elapsed=  0.1m  eta=  0.6m
[run] meanflow  k=1/4 seq=6/12 (6/48)  t0=3980   rollout=  0.9s  avg= 0.9s/seq  elapsed=  0.1m  eta=  0.6m
[run] meanflow  k=1/4 seq=7/12 (7/48)  t0=4776   rollout=  0.9s  avg= 0.9s/seq  elapsed=  0.1m  eta=  0.6m
[run] meanflow  k=1/4 seq=8/12 (8/48)  t0=5572   rollout=  0.9s  avg= 0.9s/seq  elapsed=  0.1m  eta=  0.6m
[run] meanflow  k=1/4 seq=9/12 (9/48)  t0=6368   rollout=  0.9s  avg= 0.9s/seq  elapsed=  0.1m  eta=  0.6m
[run] meanflow  k=1/4 seq=10/12 (10/48)  t0=7164   rollout=  0.9s  avg= 0.9s/seq  elapsed=  0.1m  eta=  0.6m
[run] meanflow  k=1/4 seq=11/12 (11/48)  t0=7960   rollout=  0.9s  avg= 0.9s/seq  elapsed=  0.2m  eta=  0.5m
[run] meanflow  k=1/4 seq=12/12 (12/48)  t0=8757   rollout=  0.9s  avg= 0.9s/seq  elapsed=  0.2m  eta=  0.5m
[run] meanflow  k=2/4 seq=1/12 (13/48)  t0=0      rollout=  0.9s  avg= 0.9s/seq  elapsed=  0.2m  eta=  0.5m
[run] meanflow  k=2/4 seq=2/12 (14/48)  t0=796    rollout=  0.9s  avg= 0.9s/seq  elapsed=  0.2m  eta=  0.5m
[run] meanflow  k=2/4 seq=3/12 (15/48)  t0=1592   rollout=  0.9s  avg= 0.9s/seq  elapsed=  0.2m  eta=  0.5m
[run] meanflow  k=2/4 seq=4/12 (16/48)  t0=2388   rollout=  0.9s  avg= 0.9s/seq  elapsed=  0.2m  eta=  0.5m
[run] meanflow  k=2/4 seq=5/12 (17/48)  t0=3184   rollout=  0.9s  avg= 0.9s/seq  elapsed=  0.2m  eta=  0.5m
[run] meanflow  k=2/4 seq=6/12 (18/48)  t0=3980   rollout=  0.9s  avg= 0.9s/seq  elapsed=  0.3m  eta=  0.4m
[run] meanflow  k=2/4 seq=7/12 (19/48)  t0=4776   rollout=  0.9s  avg= 0.9s/seq  elapsed=  0.3m  eta=  0.4m
[run] meanflow  k=2/4 seq=8/12 (20/48)  t0=5572   rollout=  0.9s  avg= 0.9s/seq  elapsed=  0.3m  eta=  0.4m
[run] meanflow  k=2/4 seq=9/12 (21/48)  t0=6368   rollout=  0.9s  avg= 0.9s/seq  elapsed=  0.3m  eta=  0.4m
[run] meanflow  k=2/4 seq=10/12 (22/48)  t0=7164   rollout=  0.9s  avg= 0.9s/seq  elapsed=  0.3m  eta=  0.4m
[run] meanflow  k=2/4 seq=11/12 (23/48)  t0=7960   rollout=  0.9s  avg= 0.9s/seq  elapsed=  0.3m  eta=  0.4m
[run] meanflow  k=2/4 seq=12/12 (24/48)  t0=8757   rollout=  0.9s  avg= 0.9s/seq  elapsed=  0.4m  eta=  0.4m
[run] meanflow  k=3/4 seq=1/12 (25/48)  t0=0      rollout=  0.9s  avg= 0.9s/seq  elapsed=  0.4m  eta=  0.3m
[run] meanflow  k=3/4 seq=2/12 (26/48)  t0=796    rollout=  0.9s  avg= 0.9s/seq  elapsed=  0.4m  eta=  0.3m
[run] meanflow  k=3/4 seq=3/12 (27/48)  t0=1592   rollout=  0.9s  avg= 0.9s/seq  elapsed=  0.4m  eta=  0.3m
[run] meanflow  k=3/4 seq=4/12 (28/48)  t0=2388   rollout=  0.9s  avg= 0.9s/seq  elapsed=  0.4m  eta=  0.3m
[run] meanflow  k=3/4 seq=5/12 (29/48)  t0=3184   rollout=  0.9s  avg= 0.9s/seq  elapsed=  0.4m  eta=  0.3m
[run] meanflow  k=3/4 seq=6/12 (30/48)  t0=3980   rollout=  0.9s  avg= 0.9s/seq  elapsed=  0.4m  eta=  0.3m
[run] meanflow  k=3/4 seq=7/12 (31/48)  t0=4776   rollout=  0.9s  avg= 0.9s/seq  elapsed=  0.5m  eta=  0.2m
[run] meanflow  k=3/4 seq=8/12 (32/48)  t0=5572   rollout=  0.9s  avg= 0.9s/seq  elapsed=  0.5m  eta=  0.2m
[run] meanflow  k=3/4 seq=9/12 (33/48)  t0=6368   rollout=  0.9s  avg= 0.9s/seq  elapsed=  0.5m  eta=  0.2m
[run] meanflow  k=3/4 seq=10/12 (34/48)  t0=7164   rollout=  0.9s  avg= 0.9s/seq  elapsed=  0.5m  eta=  0.2m
[run] meanflow  k=3/4 seq=11/12 (35/48)  t0=7960   rollout=  0.9s  avg= 0.9s/seq  elapsed=  0.5m  eta=  0.2m
[run] meanflow  k=3/4 seq=12/12 (36/48)  t0=8757   rollout=  0.9s  avg= 0.9s/seq  elapsed=  0.5m  eta=  0.2m
[run] meanflow  k=4/4 seq=1/12 (37/48)  t0=0      rollout=  0.9s  avg= 0.9s/seq  elapsed=  0.5m  eta=  0.2m
[run] meanflow  k=4/4 seq=2/12 (38/48)  t0=796    rollout=  0.9s  avg= 0.9s/seq  elapsed=  0.6m  eta=  0.1m
[run] meanflow  k=4/4 seq=3/12 (39/48)  t0=1592   rollout=  0.9s  avg= 0.9s/seq  elapsed=  0.6m  eta=  0.1m
[run] meanflow  k=4/4 seq=4/12 (40/48)  t0=2388   rollout=  0.9s  avg= 0.9s/seq  elapsed=  0.6m  eta=  0.1m
[run] meanflow  k=4/4 seq=5/12 (41/48)  t0=3184   rollout=  0.9s  avg= 0.9s/seq  elapsed=  0.6m  eta=  0.1m
[run] meanflow  k=4/4 seq=6/12 (42/48)  t0=3980   rollout=  0.9s  avg= 0.9s/seq  elapsed=  0.6m  eta=  0.1m
[run] meanflow  k=4/4 seq=7/12 (43/48)  t0=4776   rollout=  0.9s  avg= 0.9s/seq  elapsed=  0.6m  eta=  0.1m
[run] meanflow  k=4/4 seq=8/12 (44/48)  t0=5572   rollout=  0.9s  avg= 0.9s/seq  elapsed=  0.6m  eta=  0.1m
[run] meanflow  k=4/4 seq=9/12 (45/48)  t0=6368   rollout=  0.9s  avg= 0.9s/seq  elapsed=  0.7m  eta=  0.0m
[run] meanflow  k=4/4 seq=10/12 (46/48)  t0=7164   rollout=  0.9s  avg= 0.9s/seq  elapsed=  0.7m  eta=  0.0m
[run] meanflow  k=4/4 seq=11/12 (47/48)  t0=7960   rollout=  0.9s  avg= 0.9s/seq  elapsed=  0.7m  eta=  0.0m
[run] meanflow  k=4/4 seq=12/12 (48/48)  t0=8757   rollout=  0.9s  avg= 0.9s/seq  elapsed=  0.7m  eta=  0.0m
[run] meanflow ensemble finished in 0.7m
[2026-06-12 07:35:48] [nfe_sweep] NFE= 20  t/seq= 0.88s  CRPS-qpepre=0.1172  CSI-M=0.2908  RMSE-qpepre=0.5681  NFE-elapsed=0.7m
| method | Time/Seq.(s) | CRPS↓ | CSI-M↑ | CSI-P16↑ | FSS-P16-M↑ | HSS-M↑ | FAR-M↓ | RMSE_u10↓ | RMSE_v10↓ | RMSE_t2m↓ | RMSE_qpepre↓ |
|---|---|---|---|---|---|---|---|---|---|---|---|
| meanflow | 0.876 | 0.2834 | 0.2908 | 0.2000 | 0.3325 | 0.3948 | 0.3060 | 0.8680 | 0.8869 | 0.4115 | 0.5681 |

================================================================
[2026-06-12 07:35:48] NFE = 25   (12/15)
================================================================
[run] meanflow ensemble starting: K=4 x S=12 x T=1 = 48 sequence-rollouts
[run] meanflow  k=1/4 seq=1/12 (1/48)  t0=0      rollout=  1.1s  avg= 1.1s/seq  elapsed=  0.0m  eta=  0.8m
[run] meanflow  k=1/4 seq=2/12 (2/48)  t0=796    rollout=  1.1s  avg= 1.1s/seq  elapsed=  0.0m  eta=  0.8m
[run] meanflow  k=1/4 seq=3/12 (3/48)  t0=1592   rollout=  1.1s  avg= 1.1s/seq  elapsed=  0.1m  eta=  0.8m
[run] meanflow  k=1/4 seq=4/12 (4/48)  t0=2388   rollout=  1.1s  avg= 1.1s/seq  elapsed=  0.1m  eta=  0.8m
[run] meanflow  k=1/4 seq=5/12 (5/48)  t0=3184   rollout=  1.1s  avg= 1.1s/seq  elapsed=  0.1m  eta=  0.8m
[run] meanflow  k=1/4 seq=6/12 (6/48)  t0=3980   rollout=  1.1s  avg= 1.1s/seq  elapsed=  0.1m  eta=  0.7m
[run] meanflow  k=1/4 seq=7/12 (7/48)  t0=4776   rollout=  1.1s  avg= 1.1s/seq  elapsed=  0.1m  eta=  0.7m
[run] meanflow  k=1/4 seq=8/12 (8/48)  t0=5572   rollout=  1.0s  avg= 1.1s/seq  elapsed=  0.1m  eta=  0.7m
[run] meanflow  k=1/4 seq=9/12 (9/48)  t0=6368   rollout=  1.1s  avg= 1.1s/seq  elapsed=  0.2m  eta=  0.7m
[run] meanflow  k=1/4 seq=10/12 (10/48)  t0=7164   rollout=  1.1s  avg= 1.1s/seq  elapsed=  0.2m  eta=  0.7m
[run] meanflow  k=1/4 seq=11/12 (11/48)  t0=7960   rollout=  1.1s  avg= 1.1s/seq  elapsed=  0.2m  eta=  0.7m
[run] meanflow  k=1/4 seq=12/12 (12/48)  t0=8757   rollout=  1.0s  avg= 1.1s/seq  elapsed=  0.2m  eta=  0.6m
[run] meanflow  k=2/4 seq=1/12 (13/48)  t0=0      rollout=  1.1s  avg= 1.1s/seq  elapsed=  0.2m  eta=  0.6m
[run] meanflow  k=2/4 seq=2/12 (14/48)  t0=796    rollout=  1.1s  avg= 1.1s/seq  elapsed=  0.2m  eta=  0.6m
[run] meanflow  k=2/4 seq=3/12 (15/48)  t0=1592   rollout=  1.1s  avg= 1.1s/seq  elapsed=  0.3m  eta=  0.6m
[run] meanflow  k=2/4 seq=4/12 (16/48)  t0=2388   rollout=  1.1s  avg= 1.1s/seq  elapsed=  0.3m  eta=  0.6m
[run] meanflow  k=2/4 seq=5/12 (17/48)  t0=3184   rollout=  1.1s  avg= 1.1s/seq  elapsed=  0.3m  eta=  0.5m
[run] meanflow  k=2/4 seq=6/12 (18/48)  t0=3980   rollout=  1.1s  avg= 1.1s/seq  elapsed=  0.3m  eta=  0.5m
[run] meanflow  k=2/4 seq=7/12 (19/48)  t0=4776   rollout=  1.1s  avg= 1.1s/seq  elapsed=  0.3m  eta=  0.5m
[run] meanflow  k=2/4 seq=8/12 (20/48)  t0=5572   rollout=  1.1s  avg= 1.1s/seq  elapsed=  0.4m  eta=  0.5m
[run] meanflow  k=2/4 seq=9/12 (21/48)  t0=6368   rollout=  1.1s  avg= 1.1s/seq  elapsed=  0.4m  eta=  0.5m
[run] meanflow  k=2/4 seq=10/12 (22/48)  t0=7164   rollout=  1.1s  avg= 1.1s/seq  elapsed=  0.4m  eta=  0.5m
[run] meanflow  k=2/4 seq=11/12 (23/48)  t0=7960   rollout=  1.1s  avg= 1.1s/seq  elapsed=  0.4m  eta=  0.4m
[run] meanflow  k=2/4 seq=12/12 (24/48)  t0=8757   rollout=  1.1s  avg= 1.1s/seq  elapsed=  0.4m  eta=  0.4m
[run] meanflow  k=3/4 seq=1/12 (25/48)  t0=0      rollout=  1.1s  avg= 1.1s/seq  elapsed=  0.4m  eta=  0.4m
[run] meanflow  k=3/4 seq=2/12 (26/48)  t0=796    rollout=  1.1s  avg= 1.1s/seq  elapsed=  0.5m  eta=  0.4m
[run] meanflow  k=3/4 seq=3/12 (27/48)  t0=1592   rollout=  1.1s  avg= 1.1s/seq  elapsed=  0.5m  eta=  0.4m
[run] meanflow  k=3/4 seq=4/12 (28/48)  t0=2388   rollout=  1.1s  avg= 1.1s/seq  elapsed=  0.5m  eta=  0.4m
[run] meanflow  k=3/4 seq=5/12 (29/48)  t0=3184   rollout=  1.1s  avg= 1.1s/seq  elapsed=  0.5m  eta=  0.3m
[run] meanflow  k=3/4 seq=6/12 (30/48)  t0=3980   rollout=  1.1s  avg= 1.1s/seq  elapsed=  0.5m  eta=  0.3m
[run] meanflow  k=3/4 seq=7/12 (31/48)  t0=4776   rollout=  1.1s  avg= 1.1s/seq  elapsed=  0.5m  eta=  0.3m
[run] meanflow  k=3/4 seq=8/12 (32/48)  t0=5572   rollout=  1.1s  avg= 1.1s/seq  elapsed=  0.6m  eta=  0.3m
[run] meanflow  k=3/4 seq=9/12 (33/48)  t0=6368   rollout=  1.1s  avg= 1.1s/seq  elapsed=  0.6m  eta=  0.3m
[run] meanflow  k=3/4 seq=10/12 (34/48)  t0=7164   rollout=  1.1s  avg= 1.1s/seq  elapsed=  0.6m  eta=  0.2m
[run] meanflow  k=3/4 seq=11/12 (35/48)  t0=7960   rollout=  1.1s  avg= 1.1s/seq  elapsed=  0.6m  eta=  0.2m
[run] meanflow  k=3/4 seq=12/12 (36/48)  t0=8757   rollout=  1.1s  avg= 1.1s/seq  elapsed=  0.6m  eta=  0.2m
[run] meanflow  k=4/4 seq=1/12 (37/48)  t0=0      rollout=  1.1s  avg= 1.1s/seq  elapsed=  0.7m  eta=  0.2m
[run] meanflow  k=4/4 seq=2/12 (38/48)  t0=796    rollout=  1.1s  avg= 1.1s/seq  elapsed=  0.7m  eta=  0.2m
[run] meanflow  k=4/4 seq=3/12 (39/48)  t0=1592   rollout=  1.3s  avg= 1.1s/seq  elapsed=  0.7m  eta=  0.2m
[run] meanflow  k=4/4 seq=4/12 (40/48)  t0=2388   rollout=  1.3s  avg= 1.1s/seq  elapsed=  0.7m  eta=  0.1m
[run] meanflow  k=4/4 seq=5/12 (41/48)  t0=3184   rollout=  1.3s  avg= 1.1s/seq  elapsed=  0.7m  eta=  0.1m
[run] meanflow  k=4/4 seq=6/12 (42/48)  t0=3980   rollout=  1.3s  avg= 1.1s/seq  elapsed=  0.8m  eta=  0.1m
[run] meanflow  k=4/4 seq=7/12 (43/48)  t0=4776   rollout=  1.3s  avg= 1.1s/seq  elapsed=  0.8m  eta=  0.1m
[run] meanflow  k=4/4 seq=8/12 (44/48)  t0=5572   rollout=  1.3s  avg= 1.1s/seq  elapsed=  0.8m  eta=  0.1m
[run] meanflow  k=4/4 seq=9/12 (45/48)  t0=6368   rollout=  1.3s  avg= 1.1s/seq  elapsed=  0.8m  eta=  0.1m
[run] meanflow  k=4/4 seq=10/12 (46/48)  t0=7164   rollout=  1.3s  avg= 1.1s/seq  elapsed=  0.8m  eta=  0.0m
[run] meanflow  k=4/4 seq=11/12 (47/48)  t0=7960   rollout=  1.3s  avg= 1.1s/seq  elapsed=  0.9m  eta=  0.0m
[run] meanflow  k=4/4 seq=12/12 (48/48)  t0=8757   rollout=  1.1s  avg= 1.1s/seq  elapsed=  0.9m  eta=  0.0m
[run] meanflow ensemble finished in 0.9m
[2026-06-12 07:36:42] [nfe_sweep] NFE= 25  t/seq= 1.06s  CRPS-qpepre=0.1163  CSI-M=0.2922  RMSE-qpepre=0.5691  NFE-elapsed=0.9m
| method | Time/Seq.(s) | CRPS↓ | CSI-M↑ | CSI-P16↑ | FSS-P16-M↑ | HSS-M↑ | FAR-M↓ | RMSE_u10↓ | RMSE_v10↓ | RMSE_t2m↓ | RMSE_qpepre↓ |
|---|---|---|---|---|---|---|---|---|---|---|---|
| meanflow | 1.059 | 0.2830 | 0.2922 | 0.1912 | 0.3699 | 0.3966 | 0.3426 | 0.8690 | 0.8850 | 0.4131 | 0.5691 |

================================================================
[2026-06-12 07:36:42] NFE = 32   (13/15)
================================================================
[run] meanflow ensemble starting: K=4 x S=12 x T=1 = 48 sequence-rollouts
[run] meanflow  k=1/4 seq=1/12 (1/48)  t0=0      rollout=  1.3s  avg= 1.3s/seq  elapsed=  0.0m  eta=  1.0m
[run] meanflow  k=1/4 seq=2/12 (2/48)  t0=796    rollout=  1.3s  avg= 1.3s/seq  elapsed=  0.0m  eta=  1.0m
[run] meanflow  k=1/4 seq=3/12 (3/48)  t0=1592   rollout=  1.3s  avg= 1.3s/seq  elapsed=  0.1m  eta=  1.0m
[run] meanflow  k=1/4 seq=4/12 (4/48)  t0=2388   rollout=  1.3s  avg= 1.3s/seq  elapsed=  0.1m  eta=  1.0m
[run] meanflow  k=1/4 seq=5/12 (5/48)  t0=3184   rollout=  1.3s  avg= 1.3s/seq  elapsed=  0.1m  eta=  1.0m
[run] meanflow  k=1/4 seq=6/12 (6/48)  t0=3980   rollout=  1.3s  avg= 1.3s/seq  elapsed=  0.1m  eta=  0.9m
[run] meanflow  k=1/4 seq=7/12 (7/48)  t0=4776   rollout=  1.3s  avg= 1.3s/seq  elapsed=  0.2m  eta=  0.9m
[run] meanflow  k=1/4 seq=8/12 (8/48)  t0=5572   rollout=  1.3s  avg= 1.3s/seq  elapsed=  0.2m  eta=  0.9m
[run] meanflow  k=1/4 seq=9/12 (9/48)  t0=6368   rollout=  1.3s  avg= 1.3s/seq  elapsed=  0.2m  eta=  0.9m
[run] meanflow  k=1/4 seq=10/12 (10/48)  t0=7164   rollout=  1.3s  avg= 1.3s/seq  elapsed=  0.2m  eta=  0.8m
[run] meanflow  k=1/4 seq=11/12 (11/48)  t0=7960   rollout=  1.3s  avg= 1.3s/seq  elapsed=  0.2m  eta=  0.8m
[run] meanflow  k=1/4 seq=12/12 (12/48)  t0=8757   rollout=  1.3s  avg= 1.3s/seq  elapsed=  0.3m  eta=  0.8m
[run] meanflow  k=2/4 seq=1/12 (13/48)  t0=0      rollout=  1.3s  avg= 1.3s/seq  elapsed=  0.3m  eta=  0.8m
[run] meanflow  k=2/4 seq=2/12 (14/48)  t0=796    rollout=  1.3s  avg= 1.3s/seq  elapsed=  0.3m  eta=  0.8m
[run] meanflow  k=2/4 seq=3/12 (15/48)  t0=1592   rollout=  1.3s  avg= 1.3s/seq  elapsed=  0.3m  eta=  0.7m
[run] meanflow  k=2/4 seq=4/12 (16/48)  t0=2388   rollout=  1.3s  avg= 1.3s/seq  elapsed=  0.4m  eta=  0.7m
[run] meanflow  k=2/4 seq=5/12 (17/48)  t0=3184   rollout=  1.3s  avg= 1.3s/seq  elapsed=  0.4m  eta=  0.7m
[run] meanflow  k=2/4 seq=6/12 (18/48)  t0=3980   rollout=  1.3s  avg= 1.3s/seq  elapsed=  0.4m  eta=  0.7m
[run] meanflow  k=2/4 seq=7/12 (19/48)  t0=4776   rollout=  1.3s  avg= 1.3s/seq  elapsed=  0.4m  eta=  0.6m
[run] meanflow  k=2/4 seq=8/12 (20/48)  t0=5572   rollout=  1.3s  avg= 1.3s/seq  elapsed=  0.4m  eta=  0.6m
[run] meanflow  k=2/4 seq=9/12 (21/48)  t0=6368   rollout=  1.3s  avg= 1.3s/seq  elapsed=  0.5m  eta=  0.6m
[run] meanflow  k=2/4 seq=10/12 (22/48)  t0=7164   rollout=  1.3s  avg= 1.3s/seq  elapsed=  0.5m  eta=  0.6m
[run] meanflow  k=2/4 seq=11/12 (23/48)  t0=7960   rollout=  1.3s  avg= 1.3s/seq  elapsed=  0.5m  eta=  0.6m
[run] meanflow  k=2/4 seq=12/12 (24/48)  t0=8757   rollout=  1.3s  avg= 1.3s/seq  elapsed=  0.5m  eta=  0.5m
[run] meanflow  k=3/4 seq=1/12 (25/48)  t0=0      rollout=  1.3s  avg= 1.3s/seq  elapsed=  0.6m  eta=  0.5m
[run] meanflow  k=3/4 seq=2/12 (26/48)  t0=796    rollout=  1.3s  avg= 1.3s/seq  elapsed=  0.6m  eta=  0.5m
[run] meanflow  k=3/4 seq=3/12 (27/48)  t0=1592   rollout=  1.3s  avg= 1.3s/seq  elapsed=  0.6m  eta=  0.5m
[run] meanflow  k=3/4 seq=4/12 (28/48)  t0=2388   rollout=  1.3s  avg= 1.3s/seq  elapsed=  0.6m  eta=  0.4m
[run] meanflow  k=3/4 seq=5/12 (29/48)  t0=3184   rollout=  1.3s  avg= 1.3s/seq  elapsed=  0.6m  eta=  0.4m
[run] meanflow  k=3/4 seq=6/12 (30/48)  t0=3980   rollout=  1.3s  avg= 1.3s/seq  elapsed=  0.7m  eta=  0.4m
[run] meanflow  k=3/4 seq=7/12 (31/48)  t0=4776   rollout=  1.3s  avg= 1.3s/seq  elapsed=  0.7m  eta=  0.4m
[run] meanflow  k=3/4 seq=8/12 (32/48)  t0=5572   rollout=  1.3s  avg= 1.3s/seq  elapsed=  0.7m  eta=  0.4m
[run] meanflow  k=3/4 seq=9/12 (33/48)  t0=6368   rollout=  1.3s  avg= 1.3s/seq  elapsed=  0.7m  eta=  0.3m
[run] meanflow  k=3/4 seq=10/12 (34/48)  t0=7164   rollout=  1.3s  avg= 1.3s/seq  elapsed=  0.8m  eta=  0.3m
[run] meanflow  k=3/4 seq=11/12 (35/48)  t0=7960   rollout=  1.3s  avg= 1.3s/seq  elapsed=  0.8m  eta=  0.3m
[run] meanflow  k=3/4 seq=12/12 (36/48)  t0=8757   rollout=  1.3s  avg= 1.3s/seq  elapsed=  0.8m  eta=  0.3m
[run] meanflow  k=4/4 seq=1/12 (37/48)  t0=0      rollout=  1.3s  avg= 1.3s/seq  elapsed=  0.8m  eta=  0.2m
[run] meanflow  k=4/4 seq=2/12 (38/48)  t0=796    rollout=  1.3s  avg= 1.3s/seq  elapsed=  0.8m  eta=  0.2m
[run] meanflow  k=4/4 seq=3/12 (39/48)  t0=1592   rollout=  1.3s  avg= 1.3s/seq  elapsed=  0.9m  eta=  0.2m
[run] meanflow  k=4/4 seq=4/12 (40/48)  t0=2388   rollout=  1.3s  avg= 1.3s/seq  elapsed=  0.9m  eta=  0.2m
[run] meanflow  k=4/4 seq=5/12 (41/48)  t0=3184   rollout=  1.3s  avg= 1.3s/seq  elapsed=  0.9m  eta=  0.2m
[run] meanflow  k=4/4 seq=6/12 (42/48)  t0=3980   rollout=  1.3s  avg= 1.3s/seq  elapsed=  0.9m  eta=  0.1m
[run] meanflow  k=4/4 seq=7/12 (43/48)  t0=4776   rollout=  1.3s  avg= 1.3s/seq  elapsed=  1.0m  eta=  0.1m
[run] meanflow  k=4/4 seq=8/12 (44/48)  t0=5572   rollout=  1.3s  avg= 1.3s/seq  elapsed=  1.0m  eta=  0.1m
[run] meanflow  k=4/4 seq=9/12 (45/48)  t0=6368   rollout=  1.3s  avg= 1.3s/seq  elapsed=  1.0m  eta=  0.1m
[run] meanflow  k=4/4 seq=10/12 (46/48)  t0=7164   rollout=  1.3s  avg= 1.3s/seq  elapsed=  1.0m  eta=  0.0m
[run] meanflow  k=4/4 seq=11/12 (47/48)  t0=7960   rollout=  1.3s  avg= 1.3s/seq  elapsed=  1.0m  eta=  0.0m
[run] meanflow  k=4/4 seq=12/12 (48/48)  t0=8757   rollout=  1.3s  avg= 1.3s/seq  elapsed=  1.1m  eta=  0.0m
[run] meanflow ensemble finished in 1.1m
[2026-06-12 07:37:46] [nfe_sweep] NFE= 32  t/seq= 1.33s  CRPS-qpepre=0.1157  CSI-M=0.3004  RMSE-qpepre=0.5701  NFE-elapsed=1.1m
| method | Time/Seq.(s) | CRPS↓ | CSI-M↑ | CSI-P16↑ | FSS-P16-M↑ | HSS-M↑ | FAR-M↓ | RMSE_u10↓ | RMSE_v10↓ | RMSE_t2m↓ | RMSE_qpepre↓ |
|---|---|---|---|---|---|---|---|---|---|---|---|
| meanflow | 1.327 | 0.2840 | 0.3004 | 0.2254 | 0.4658 | 0.4079 | 0.3593 | 0.8673 | 0.8810 | 0.4166 | 0.5701 |

================================================================
[2026-06-12 07:37:46] NFE = 40   (14/15)
================================================================
[run] meanflow ensemble starting: K=4 x S=12 x T=1 = 48 sequence-rollouts
[run] meanflow  k=1/4 seq=1/12 (1/48)  t0=0      rollout=  1.6s  avg= 1.6s/seq  elapsed=  0.0m  eta=  1.3m
[run] meanflow  k=1/4 seq=2/12 (2/48)  t0=796    rollout=  1.6s  avg= 1.6s/seq  elapsed=  0.1m  eta=  1.3m
[run] meanflow  k=1/4 seq=3/12 (3/48)  t0=1592   rollout=  1.6s  avg= 1.6s/seq  elapsed=  0.1m  eta=  1.2m
[run] meanflow  k=1/4 seq=4/12 (4/48)  t0=2388   rollout=  1.7s  avg= 1.6s/seq  elapsed=  0.1m  eta=  1.2m
[run] meanflow  k=1/4 seq=5/12 (5/48)  t0=3184   rollout=  1.6s  avg= 1.6s/seq  elapsed=  0.1m  eta=  1.2m
[run] meanflow  k=1/4 seq=6/12 (6/48)  t0=3980   rollout=  1.6s  avg= 1.6s/seq  elapsed=  0.2m  eta=  1.1m
[run] meanflow  k=1/4 seq=7/12 (7/48)  t0=4776   rollout=  1.6s  avg= 1.6s/seq  elapsed=  0.2m  eta=  1.1m
[run] meanflow  k=1/4 seq=8/12 (8/48)  t0=5572   rollout=  1.6s  avg= 1.6s/seq  elapsed=  0.2m  eta=  1.1m
[run] meanflow  k=1/4 seq=9/12 (9/48)  t0=6368   rollout=  1.6s  avg= 1.6s/seq  elapsed=  0.2m  eta=  1.1m
[run] meanflow  k=1/4 seq=10/12 (10/48)  t0=7164   rollout=  1.6s  avg= 1.6s/seq  elapsed=  0.3m  eta=  1.0m
[run] meanflow  k=1/4 seq=11/12 (11/48)  t0=7960   rollout=  1.6s  avg= 1.6s/seq  elapsed=  0.3m  eta=  1.0m
[run] meanflow  k=1/4 seq=12/12 (12/48)  t0=8757   rollout=  1.6s  avg= 1.6s/seq  elapsed=  0.3m  eta=  1.0m
[run] meanflow  k=2/4 seq=1/12 (13/48)  t0=0      rollout=  1.6s  avg= 1.6s/seq  elapsed=  0.4m  eta=  1.0m
[run] meanflow  k=2/4 seq=2/12 (14/48)  t0=796    rollout=  1.6s  avg= 1.6s/seq  elapsed=  0.4m  eta=  0.9m
[run] meanflow  k=2/4 seq=3/12 (15/48)  t0=1592   rollout=  1.6s  avg= 1.6s/seq  elapsed=  0.4m  eta=  0.9m
[run] meanflow  k=2/4 seq=4/12 (16/48)  t0=2388   rollout=  1.6s  avg= 1.6s/seq  elapsed=  0.4m  eta=  0.9m
[run] meanflow  k=2/4 seq=5/12 (17/48)  t0=3184   rollout=  1.6s  avg= 1.6s/seq  elapsed=  0.5m  eta=  0.8m
[run] meanflow  k=2/4 seq=6/12 (18/48)  t0=3980   rollout=  1.6s  avg= 1.6s/seq  elapsed=  0.5m  eta=  0.8m
[run] meanflow  k=2/4 seq=7/12 (19/48)  t0=4776   rollout=  1.7s  avg= 1.6s/seq  elapsed=  0.5m  eta=  0.8m
[run] meanflow  k=2/4 seq=8/12 (20/48)  t0=5572   rollout=  2.0s  avg= 1.7s/seq  elapsed=  0.6m  eta=  0.8m
[run] meanflow  k=2/4 seq=9/12 (21/48)  t0=6368   rollout=  1.9s  avg= 1.7s/seq  elapsed=  0.6m  eta=  0.7m
[run] meanflow  k=2/4 seq=10/12 (22/48)  t0=7164   rollout=  1.6s  avg= 1.7s/seq  elapsed=  0.6m  eta=  0.7m
[run] meanflow  k=2/4 seq=11/12 (23/48)  t0=7960   rollout=  1.6s  avg= 1.7s/seq  elapsed=  0.6m  eta=  0.7m
[run] meanflow  k=2/4 seq=12/12 (24/48)  t0=8757   rollout=  1.6s  avg= 1.7s/seq  elapsed=  0.7m  eta=  0.7m
[run] meanflow  k=3/4 seq=1/12 (25/48)  t0=0      rollout=  1.6s  avg= 1.7s/seq  elapsed=  0.7m  eta=  0.6m
[run] meanflow  k=3/4 seq=2/12 (26/48)  t0=796    rollout=  1.6s  avg= 1.7s/seq  elapsed=  0.7m  eta=  0.6m
[run] meanflow  k=3/4 seq=3/12 (27/48)  t0=1592   rollout=  1.6s  avg= 1.7s/seq  elapsed=  0.7m  eta=  0.6m
[run] meanflow  k=3/4 seq=4/12 (28/48)  t0=2388   rollout=  1.6s  avg= 1.7s/seq  elapsed=  0.8m  eta=  0.6m
[run] meanflow  k=3/4 seq=5/12 (29/48)  t0=3184   rollout=  1.6s  avg= 1.7s/seq  elapsed=  0.8m  eta=  0.5m
[run] meanflow  k=3/4 seq=6/12 (30/48)  t0=3980   rollout=  1.6s  avg= 1.7s/seq  elapsed=  0.8m  eta=  0.5m
[run] meanflow  k=3/4 seq=7/12 (31/48)  t0=4776   rollout=  1.6s  avg= 1.7s/seq  elapsed=  0.9m  eta=  0.5m
[run] meanflow  k=3/4 seq=8/12 (32/48)  t0=5572   rollout=  1.6s  avg= 1.7s/seq  elapsed=  0.9m  eta=  0.4m
[run] meanflow  k=3/4 seq=9/12 (33/48)  t0=6368   rollout=  1.6s  avg= 1.7s/seq  elapsed=  0.9m  eta=  0.4m
[run] meanflow  k=3/4 seq=10/12 (34/48)  t0=7164   rollout=  1.6s  avg= 1.7s/seq  elapsed=  0.9m  eta=  0.4m
[run] meanflow  k=3/4 seq=11/12 (35/48)  t0=7960   rollout=  1.6s  avg= 1.7s/seq  elapsed=  1.0m  eta=  0.4m
[run] meanflow  k=3/4 seq=12/12 (36/48)  t0=8757   rollout=  1.6s  avg= 1.6s/seq  elapsed=  1.0m  eta=  0.3m
[run] meanflow  k=4/4 seq=1/12 (37/48)  t0=0      rollout=  1.6s  avg= 1.6s/seq  elapsed=  1.0m  eta=  0.3m
[run] meanflow  k=4/4 seq=2/12 (38/48)  t0=796    rollout=  1.6s  avg= 1.6s/seq  elapsed=  1.0m  eta=  0.3m
[run] meanflow  k=4/4 seq=3/12 (39/48)  t0=1592   rollout=  1.6s  avg= 1.6s/seq  elapsed=  1.1m  eta=  0.2m
[run] meanflow  k=4/4 seq=4/12 (40/48)  t0=2388   rollout=  1.6s  avg= 1.6s/seq  elapsed=  1.1m  eta=  0.2m
[run] meanflow  k=4/4 seq=5/12 (41/48)  t0=3184   rollout=  1.6s  avg= 1.6s/seq  elapsed=  1.1m  eta=  0.2m
[run] meanflow  k=4/4 seq=6/12 (42/48)  t0=3980   rollout=  1.6s  avg= 1.6s/seq  elapsed=  1.2m  eta=  0.2m
[run] meanflow  k=4/4 seq=7/12 (43/48)  t0=4776   rollout=  1.6s  avg= 1.6s/seq  elapsed=  1.2m  eta=  0.1m
[run] meanflow  k=4/4 seq=8/12 (44/48)  t0=5572   rollout=  1.6s  avg= 1.6s/seq  elapsed=  1.2m  eta=  0.1m
[run] meanflow  k=4/4 seq=9/12 (45/48)  t0=6368   rollout=  1.6s  avg= 1.6s/seq  elapsed=  1.2m  eta=  0.1m
[run] meanflow  k=4/4 seq=10/12 (46/48)  t0=7164   rollout=  1.6s  avg= 1.6s/seq  elapsed=  1.3m  eta=  0.1m
[run] meanflow  k=4/4 seq=11/12 (47/48)  t0=7960   rollout=  1.6s  avg= 1.6s/seq  elapsed=  1.3m  eta=  0.0m
[run] meanflow  k=4/4 seq=12/12 (48/48)  t0=8757   rollout=  1.6s  avg= 1.6s/seq  elapsed=  1.3m  eta=  0.0m
[run] meanflow ensemble finished in 1.3m
[2026-06-12 07:39:05] [nfe_sweep] NFE= 40  t/seq= 1.63s  CRPS-qpepre=0.1154  CSI-M=0.2929  RMSE-qpepre=0.5754  NFE-elapsed=1.3m
| method | Time/Seq.(s) | CRPS↓ | CSI-M↑ | CSI-P16↑ | FSS-P16-M↑ | HSS-M↑ | FAR-M↓ | RMSE_u10↓ | RMSE_v10↓ | RMSE_t2m↓ | RMSE_qpepre↓ |
|---|---|---|---|---|---|---|---|---|---|---|---|
| meanflow | 1.634 | 0.2836 | 0.2929 | 0.1972 | 0.4217 | 0.3983 | 0.3710 | 0.8746 | 0.8938 | 0.4194 | 0.5754 |

================================================================
[2026-06-12 07:39:05] NFE = 50   (15/15)
================================================================
[run] meanflow ensemble starting: K=4 x S=12 x T=1 = 48 sequence-rollouts
[run] meanflow  k=1/4 seq=1/12 (1/48)  t0=0      rollout=  2.0s  avg= 2.0s/seq  elapsed=  0.0m  eta=  1.6m
[run] meanflow  k=1/4 seq=2/12 (2/48)  t0=796    rollout=  2.0s  avg= 2.0s/seq  elapsed=  0.1m  eta=  1.5m
[run] meanflow  k=1/4 seq=3/12 (3/48)  t0=1592   rollout=  2.0s  avg= 2.0s/seq  elapsed=  0.1m  eta=  1.5m
[run] meanflow  k=1/4 seq=4/12 (4/48)  t0=2388   rollout=  2.0s  avg= 2.0s/seq  elapsed=  0.1m  eta=  1.5m
[run] meanflow  k=1/4 seq=5/12 (5/48)  t0=3184   rollout=  2.0s  avg= 2.0s/seq  elapsed=  0.2m  eta=  1.4m
[run] meanflow  k=1/4 seq=6/12 (6/48)  t0=3980   rollout=  2.0s  avg= 2.0s/seq  elapsed=  0.2m  eta=  1.4m
[run] meanflow  k=1/4 seq=7/12 (7/48)  t0=4776   rollout=  2.0s  avg= 2.0s/seq  elapsed=  0.2m  eta=  1.4m
[run] meanflow  k=1/4 seq=8/12 (8/48)  t0=5572   rollout=  2.0s  avg= 2.0s/seq  elapsed=  0.3m  eta=  1.3m
[run] meanflow  k=1/4 seq=9/12 (9/48)  t0=6368   rollout=  2.0s  avg= 2.0s/seq  elapsed=  0.3m  eta=  1.3m
[run] meanflow  k=1/4 seq=10/12 (10/48)  t0=7164   rollout=  2.0s  avg= 2.0s/seq  elapsed=  0.3m  eta=  1.3m
[run] meanflow  k=1/4 seq=11/12 (11/48)  t0=7960   rollout=  2.0s  avg= 2.0s/seq  elapsed=  0.4m  eta=  1.2m
[run] meanflow  k=1/4 seq=12/12 (12/48)  t0=8757   rollout=  2.0s  avg= 2.0s/seq  elapsed=  0.4m  eta=  1.2m
[run] meanflow  k=2/4 seq=1/12 (13/48)  t0=0      rollout=  2.0s  avg= 2.0s/seq  elapsed=  0.4m  eta=  1.2m
[run] meanflow  k=2/4 seq=2/12 (14/48)  t0=796    rollout=  2.0s  avg= 2.0s/seq  elapsed=  0.5m  eta=  1.1m
[run] meanflow  k=2/4 seq=3/12 (15/48)  t0=1592   rollout=  2.0s  avg= 2.0s/seq  elapsed=  0.5m  eta=  1.1m
[run] meanflow  k=2/4 seq=4/12 (16/48)  t0=2388   rollout=  2.0s  avg= 2.0s/seq  elapsed=  0.5m  eta=  1.1m
[run] meanflow  k=2/4 seq=5/12 (17/48)  t0=3184   rollout=  2.0s  avg= 2.0s/seq  elapsed=  0.6m  eta=  1.0m
[run] meanflow  k=2/4 seq=6/12 (18/48)  t0=3980   rollout=  2.0s  avg= 2.0s/seq  elapsed=  0.6m  eta=  1.0m
[run] meanflow  k=2/4 seq=7/12 (19/48)  t0=4776   rollout=  2.0s  avg= 2.0s/seq  elapsed=  0.6m  eta=  1.0m
[run] meanflow  k=2/4 seq=8/12 (20/48)  t0=5572   rollout=  2.0s  avg= 2.0s/seq  elapsed=  0.7m  eta=  0.9m
[run] meanflow  k=2/4 seq=9/12 (21/48)  t0=6368   rollout=  2.0s  avg= 2.0s/seq  elapsed=  0.7m  eta=  0.9m
[run] meanflow  k=2/4 seq=10/12 (22/48)  t0=7164   rollout=  2.0s  avg= 2.0s/seq  elapsed=  0.7m  eta=  0.9m
[run] meanflow  k=2/4 seq=11/12 (23/48)  t0=7960   rollout=  2.0s  avg= 2.0s/seq  elapsed=  0.8m  eta=  0.8m
[run] meanflow  k=2/4 seq=12/12 (24/48)  t0=8757   rollout=  2.0s  avg= 2.0s/seq  elapsed=  0.8m  eta=  0.8m
[run] meanflow  k=3/4 seq=1/12 (25/48)  t0=0      rollout=  2.0s  avg= 2.0s/seq  elapsed=  0.8m  eta=  0.8m
[run] meanflow  k=3/4 seq=2/12 (26/48)  t0=796    rollout=  2.0s  avg= 2.0s/seq  elapsed=  0.9m  eta=  0.7m
[run] meanflow  k=3/4 seq=3/12 (27/48)  t0=1592   rollout=  2.0s  avg= 2.0s/seq  elapsed=  0.9m  eta=  0.7m
[run] meanflow  k=3/4 seq=4/12 (28/48)  t0=2388   rollout=  2.0s  avg= 2.0s/seq  elapsed=  0.9m  eta=  0.7m
[run] meanflow  k=3/4 seq=5/12 (29/48)  t0=3184   rollout=  2.0s  avg= 2.0s/seq  elapsed=  1.0m  eta=  0.6m
[run] meanflow  k=3/4 seq=6/12 (30/48)  t0=3980   rollout=  2.0s  avg= 2.0s/seq  elapsed=  1.0m  eta=  0.6m
[run] meanflow  k=3/4 seq=7/12 (31/48)  t0=4776   rollout=  2.0s  avg= 2.0s/seq  elapsed=  1.0m  eta=  0.6m
[run] meanflow  k=3/4 seq=8/12 (32/48)  t0=5572   rollout=  2.0s  avg= 2.0s/seq  elapsed=  1.1m  eta=  0.5m
[run] meanflow  k=3/4 seq=9/12 (33/48)  t0=6368   rollout=  2.0s  avg= 2.0s/seq  elapsed=  1.1m  eta=  0.5m
[run] meanflow  k=3/4 seq=10/12 (34/48)  t0=7164   rollout=  2.0s  avg= 2.0s/seq  elapsed=  1.1m  eta=  0.5m
[run] meanflow  k=3/4 seq=11/12 (35/48)  t0=7960   rollout=  2.0s  avg= 2.0s/seq  elapsed=  1.2m  eta=  0.4m
[run] meanflow  k=3/4 seq=12/12 (36/48)  t0=8757   rollout=  2.0s  avg= 2.0s/seq  elapsed=  1.2m  eta=  0.4m
[run] meanflow  k=4/4 seq=1/12 (37/48)  t0=0      rollout=  2.0s  avg= 2.0s/seq  elapsed=  1.2m  eta=  0.4m
[run] meanflow  k=4/4 seq=2/12 (38/48)  t0=796    rollout=  2.0s  avg= 2.0s/seq  elapsed=  1.3m  eta=  0.3m
[run] meanflow  k=4/4 seq=3/12 (39/48)  t0=1592   rollout=  2.0s  avg= 2.0s/seq  elapsed=  1.3m  eta=  0.3m
[run] meanflow  k=4/4 seq=4/12 (40/48)  t0=2388   rollout=  2.0s  avg= 2.0s/seq  elapsed=  1.3m  eta=  0.3m
[run] meanflow  k=4/4 seq=5/12 (41/48)  t0=3184   rollout=  2.0s  avg= 2.0s/seq  elapsed=  1.4m  eta=  0.2m
[run] meanflow  k=4/4 seq=6/12 (42/48)  t0=3980   rollout=  2.0s  avg= 2.0s/seq  elapsed=  1.4m  eta=  0.2m
[run] meanflow  k=4/4 seq=7/12 (43/48)  t0=4776   rollout=  2.0s  avg= 2.0s/seq  elapsed=  1.4m  eta=  0.2m
[run] meanflow  k=4/4 seq=8/12 (44/48)  t0=5572   rollout=  2.0s  avg= 2.0s/seq  elapsed=  1.5m  eta=  0.1m
[run] meanflow  k=4/4 seq=9/12 (45/48)  t0=6368   rollout=  2.0s  avg= 2.0s/seq  elapsed=  1.5m  eta=  0.1m
[run] meanflow  k=4/4 seq=10/12 (46/48)  t0=7164   rollout=  2.0s  avg= 2.0s/seq  elapsed=  1.5m  eta=  0.1m
[run] meanflow  k=4/4 seq=11/12 (47/48)  t0=7960   rollout=  2.0s  avg= 2.0s/seq  elapsed=  1.6m  eta=  0.0m
[run] meanflow  k=4/4 seq=12/12 (48/48)  t0=8757   rollout=  2.0s  avg= 2.0s/seq  elapsed=  1.6m  eta=  0.0m
[run] meanflow ensemble finished in 1.6m
[2026-06-12 07:40:41] [nfe_sweep] NFE= 50  t/seq= 2.01s  CRPS-qpepre=0.1156  CSI-M=0.3036  RMSE-qpepre=0.5716  NFE-elapsed=1.6m
| method | Time/Seq.(s) | CRPS↓ | CSI-M↑ | CSI-P16↑ | FSS-P16-M↑ | HSS-M↑ | FAR-M↓ | RMSE_u10↓ | RMSE_v10↓ | RMSE_t2m↓ | RMSE_qpepre↓ |
|---|---|---|---|---|---|---|---|---|---|---|---|
| meanflow | 2.012 | 0.2841 | 0.3036 | 0.2361 | 0.4913 | 0.4123 | 0.3630 | 0.8693 | 0.8806 | 0.4160 | 0.5716 |

================================================================
[2026-06-12 07:40:41] sweep finished in 8.5 min
================================================================
[2026-06-12 07:40:41] [nfe_sweep] rendering plots ...
[2026-06-12 07:40:42] [nfe_sweep] done -- outputs under /home3/davidlcs/Econ-Rag/Local_LLM/test_meeting/Stormcast-Distilation/experiment_scripts/results/meanflow_nfe_sweep
[2026-06-12 07:40:42] [nfe_sweep]   table : nfe_sweep.{csv,md}
[2026-06-12 07:40:42] [nfe_sweep]   plots : plot_quality_vs_nfe.png  plot_time_vs_nfe.png  plot_pareto.png
[2026-06-12 07:40:42] [nfe_sweep]   detail: nfe_<NFE>/scoreboard.{md,csv} + per_threshold.csv + rmse_per_channel.csv
[2026-06-12 07:40:45] [nfe_sweep] meanflow sweep done in 538s
[2026-06-12 07:40:45] [nfe_sweep] preview of meanflow nfe_sweep.md:
[nfe_sweep]     | # MeanFlow NFE Pareto sweep
[nfe_sweep]     | 
[nfe_sweep]     | Per-NFE single-step validation skill, qpepre in mm/h after `denormalize_state`.
[nfe_sweep]     | 
[nfe_sweep]     | | nfe | time_per_seq_s | rmse_u10 | rmse_v10 | rmse_t2m | rmse_qpepre | crps_u10 | crps_v10 | crps_t2m | crps_qpepre | csi_m | csi_p16 | fss_p16_m | hss_m | far_m |
[nfe_sweep]     | |---:|---:|---:|---:|---:|---:|---:|---:|---:|---:|---:|---:|---:|---:|---:|
[nfe_sweep]     | | 1 | 0.2128 | 0.8430 | 0.8760 | 0.4121 | 0.5529 | 0.4811 | 0.5045 | 0.2185 | 0.1342 | 0.2711 | 0.0794 | 0.1265 | 0.3584 | 0.1929 |
[nfe_sweep]     | | 2 | 0.1938 | 0.8217 | 0.8383 | 0.3834 | 0.5532 | 0.4515 | 0.4673 | 0.2031 | 0.1259 | 0.2874 | 0.1429 | 0.2159 | 0.3843 | 0.2275 |
[nfe_sweep]     | | 3 | 0.2265 | 0.8464 | 0.8788 | 0.4004 | 0.5579 | 0.4215 | 0.4493 | 0.1930 | 0.1234 | 0.2678 | 0.0794 | 0.1265 | 0.3560 | 0.2291 |
[nfe_sweep]     | | 4 | 0.2582 | 0.9194 | 1.0660 | 0.4755 | 0.5626 | 0.4281 | 0.5239 | 0.2246 | 0.1224 | 0.2552 | 0.0159 | 0.0254 | 0.3363 | 0.2529 |
[nfe_sweep]     | | 5 | 0.2976 | 0.8462 | 0.8915 | 0.4093 | 0.5562 | 0.4207 | 0.4503 | 0.1964 | 0.1212 | 0.2947 | 0.1719 | 0.2754 | 0.3974 | 0.2563 |
[nfe_sweep]     | | 6 | 0.3351 | 0.8658 | 0.8955 | 0.4242 | 0.5623 | 0.4128 | 0.4320 | 0.2026 | 0.1182 | 0.2893 | 0.1562 | 0.2492 | 0.3911 | 0.2860 |
[nfe_sweep]     | | 8 | 0.4152 | 0.8592 | 0.8922 | 0.4103 | 0.5624 | 0.4082 | 0.4326 | 0.1949 | 0.1185 | 0.2851 | 0.1562 | 0.2492 | 0.3852 | 0.2865 |
[nfe_sweep]     | | 10 | 0.4874 | 0.8594 | 0.8953 | 0.4156 | 0.5639 | 0.4084 | 0.4315 | 0.1953 | 0.1174 | 0.2955 | 0.1940 | 0.3590 | 0.4003 | 0.3236 |
[nfe_sweep]     | | 12 | 0.5721 | 0.8658 | 0.8837 | 0.4139 | 0.5680 | 0.4087 | 0.4262 | 0.1929 | 0.1164 | 0.2994 | 0.2083 | 0.4613 | 0.4061 | 0.3675 |
[nfe_sweep]     | | 16 | 0.7210 | 0.8653 | 0.8893 | 0.4099 | 0.5701 | 0.4053 | 0.4233 | 0.1903 | 0.1163 | 0.2912 | 0.1912 | 0.3699 | 0.3951 | 0.3470 |
[nfe_sweep]     | | 20 | 0.8764 | 0.8680 | 0.8869 | 0.4115 | 0.5681 | 0.4048 | 0.4210 | 0.1905 | 0.1172 | 0.2908 | 0.2000 | 0.3325 | 0.3948 | 0.3060 |
[nfe_sweep]     | | 25 | 1.0586 | 0.8690 | 0.8850 | 0.4131 | 0.5691 | 0.4054 | 0.4200 | 0.1903 | 0.1163 | 0.2922 | 0.1912 | 0.3699 | 0.3966 | 0.3426 |
[nfe_sweep]     | | 32 | 1.3266 | 0.8673 | 0.8810 | 0.4166 | 0.5701 | 0.4076 | 0.4199 | 0.1929 | 0.1157 | 0.3004 | 0.2254 | 0.4658 | 0.4079 | 0.3593 |
[nfe_sweep]     | | 40 | 1.6340 | 0.8746 | 0.8938 | 0.4194 | 0.5754 | 0.4054 | 0.4203 | 0.1933 | 0.1154 | 0.2929 | 0.1972 | 0.4217 | 0.3983 | 0.3710 |
[nfe_sweep]     | | 50 | 2.0125 | 0.8693 | 0.8806 | 0.4160 | 0.5716 | 0.4086 | 0.4203 | 0.1919 | 0.1156 | 0.3036 | 0.2361 | 0.4913 | 0.4123 | 0.3630 |

================================================================
[2026-06-12 07:40:45] All done -- total elapsed 1119s
================================================================
[2026-06-12 07:40:45] [nfe_sweep] outputs (per method):
[2026-06-12 07:40:45] [nfe_sweep]   flowcast: /home3/davidlcs/Econ-Rag/Local_LLM/test_meeting/Stormcast-Distilation/experiment_scripts/results/flowcast_nfe_sweep/nfe_sweep.{csv,md} + plot_{quality_vs_nfe,time_vs_nfe,pareto}.png
[2026-06-12 07:40:45] [nfe_sweep]   meanflow: /home3/davidlcs/Econ-Rag/Local_LLM/test_meeting/Stormcast-Distilation/experiment_scripts/results/meanflow_nfe_sweep/nfe_sweep.{csv,md} + plot_{quality_vs_nfe,time_vs_nfe,pareto}.png
