
================================================================
[2026-06-12 11:23:27] FlowCast NFE Pareto sweep
================================================================
[2026-06-12 11:23:27] [nfe_sweep] skipping conda activation (in 'base' / SKIP_CONDA=1)
[2026-06-12 11:23:27] [nfe_sweep] python : /home3/davidlcs/Econ-Rag/Local_LLM/test_meeting/Stormcast-Distilation/stormcast_env/bin/python
[2026-06-12 11:23:27] [nfe_sweep] version: Python 3.10.12
[2026-06-12 11:23:27] [nfe_sweep] host   : gpu03  user=davidlcs  pid=3404867

================================================================
[2026-06-12 11:23:27] Configuration
================================================================
[2026-06-12 11:23:27] [nfe_sweep] REPO_ROOT   = /home3/davidlcs/Econ-Rag/Local_LLM/test_meeting/Stormcast-Distilation
[2026-06-12 11:23:27] [nfe_sweep] METHODS     = flowcast meanflow
[2026-06-12 11:23:27] [nfe_sweep] NFES        = 1 2 3 4 5 6 8 10 12 16 20 25 32 40 50
[2026-06-12 11:23:27] [nfe_sweep] N_SEQUENCES = 12    N_STEPS = 1    ENSEMBLE = 10
[2026-06-12 11:23:27] [nfe_sweep] SOLVER      = euler    SEED = 0
[2026-06-12 11:23:27] [nfe_sweep] DATA        = /home3/davidlcs/Econ-Rag/Local_LLM/test_meeting/Stormcast-Distilation/exp_3_train_2_5_yrs_val_1yr_tp1/zarr_exp3_L_24_H_24_train_2_5_years_full_cleaned_4_27_2026
[2026-06-12 11:23:27] [nfe_sweep] REG         = /home3/davidlcs/Econ-Rag/Local_LLM/test_meeting/Stormcast-Distilation/runs/regression_zettabyte_v1_cleaned_4_27_2026/regression_zettabyte_cleaned_4_27_2026/run_0/checkpoints_regression/StormCastUNet.0.8000.mdlus
[2026-06-12 11:23:27] [nfe_sweep] FLOW        = /home3/davidlcs/Econ-Rag/Local_LLM/test_meeting/Stormcast-Distilation/runs/flowcast_zettabyte_v1_cleaned_4_27_2026/flowcast_zettabyte_cleaned_4_27_2026/run_0/checkpoints_flowcast/FlowCastPrecond.0.20000.mdlus
[2026-06-12 11:23:27] [nfe_sweep] MEANFLOW    = /home3/davidlcs/Econ-Rag/Local_LLM/test_meeting/Stormcast-Distilation/runs/meanflow_zettabyte_v1_cleaned_4_27_2026/meanflow_zettabyte_cleaned_4_27_2026/run_0/checkpoints_meanflow/MeanFlowPrecond.0.20000.mdlus

================================================================
[2026-06-12 11:23:27] Pre-flight
================================================================
[2026-06-12 11:23:27] [nfe_sweep]   OK     DATA=/home3/davidlcs/Econ-Rag/Local_LLM/test_meeting/Stormcast-Distilation/exp_3_train_2_5_yrs_val_1yr_tp1/zarr_exp3_L_24_H_24_train_2_5_years_full_cleaned_4_27_2026
[2026-06-12 11:23:27] [nfe_sweep]   OK     REG=/home3/davidlcs/Econ-Rag/Local_LLM/test_meeting/Stormcast-Distilation/runs/regression_zettabyte_v1_cleaned_4_27_2026/regression_zettabyte_cleaned_4_27_2026/run_0/checkpoints_regression/StormCastUNet.0.8000.mdlus
[2026-06-12 11:23:27] [nfe_sweep]   OK     FLOW=/home3/davidlcs/Econ-Rag/Local_LLM/test_meeting/Stormcast-Distilation/runs/flowcast_zettabyte_v1_cleaned_4_27_2026/flowcast_zettabyte_cleaned_4_27_2026/run_0/checkpoints_flowcast/FlowCastPrecond.0.20000.mdlus
[2026-06-12 11:23:27] [nfe_sweep]   OK     MEANFLOW=/home3/davidlcs/Econ-Rag/Local_LLM/test_meeting/Stormcast-Distilation/runs/meanflow_zettabyte_v1_cleaned_4_27_2026/meanflow_zettabyte_cleaned_4_27_2026/run_0/checkpoints_meanflow/MeanFlowPrecond.0.20000.mdlus

================================================================
[2026-06-12 11:23:27] Running flowcast sweep across NFEs: 1 2 3 4 5 6 8 10 12 16 20 25 32 40 50
================================================================
[2026-06-12 11:23:27] [nfe_sweep] log -> /home3/davidlcs/Econ-Rag/Local_LLM/test_meeting/Stormcast-Distilation/experiment_scripts/results/flowcast_nfe_sweep/run.log
/home3/davidlcs/Econ-Rag/Local_LLM/test_meeting/Stormcast-Distilation/physicsnemo/distributed/manager.py:415: UserWarning: Could not initialize using ENV, SLURM or OPENMPI methods. Assuming this is a single process job
  warn(

================================================================
[2026-06-12 11:24:00] FlowCast NFE Pareto sweep
================================================================
[2026-06-12 11:24:00] [nfe_sweep] device     = cuda:0
[2026-06-12 11:24:00] [nfe_sweep] method     = flowcast
[2026-06-12 11:24:00] [nfe_sweep] data       = /home3/davidlcs/Econ-Rag/Local_LLM/test_meeting/Stormcast-Distilation/exp_3_train_2_5_yrs_val_1yr_tp1/zarr_exp3_L_24_H_24_train_2_5_years_full_cleaned_4_27_2026
[2026-06-12 11:24:00] [nfe_sweep] regression = /home3/davidlcs/Econ-Rag/Local_LLM/test_meeting/Stormcast-Distilation/runs/regression_zettabyte_v1_cleaned_4_27_2026/regression_zettabyte_cleaned_4_27_2026/run_0/checkpoints_regression/StormCastUNet.0.8000.mdlus
[2026-06-12 11:24:00] [nfe_sweep] flowcast   = /home3/davidlcs/Econ-Rag/Local_LLM/test_meeting/Stormcast-Distilation/runs/flowcast_zettabyte_v1_cleaned_4_27_2026/flowcast_zettabyte_cleaned_4_27_2026/run_0/checkpoints_flowcast/FlowCastPrecond.0.20000.mdlus
[2026-06-12 11:24:00] [nfe_sweep] NFE list   = [1, 2, 3, 4, 5, 6, 8, 10, 12, 16, 20, 25, 32, 40, 50]  (15 values)
[2026-06-12 11:24:00] [nfe_sweep] solver     = euler  sigma_data = 0.5
[2026-06-12 11:24:00] [nfe_sweep] S=12 sequences x T=1 steps x K=10 members
[2026-06-12 11:24:00] [nfe_sweep] output     = /home3/davidlcs/Econ-Rag/Local_LLM/test_meeting/Stormcast-Distilation/experiment_scripts/results/flowcast_nfe_sweep
[2026-06-12 11:24:00] [nfe_sweep] loading dataset ...
[2026-06-12 11:24:07] [nfe_sweep] dataset    : usable pairs = 8759  channels = ['u10', 'v10', 't2m', 'qpepre']
[2026-06-12 11:24:07] [nfe_sweep] sequences  : 12 t0 indices (0 ... 8757)
[2026-06-12 11:24:07] [nfe_sweep] loading regression /home3/davidlcs/Econ-Rag/Local_LLM/test_meeting/Stormcast-Distilation/runs/regression_zettabyte_v1_cleaned_4_27_2026/regression_zettabyte_cleaned_4_27_2026/run_0/checkpoints_regression/StormCastUNet.0.8000.mdlus
[2026-06-12 11:24:12] [nfe_sweep] loading flowcast   /home3/davidlcs/Econ-Rag/Local_LLM/test_meeting/Stormcast-Distilation/runs/flowcast_zettabyte_v1_cleaned_4_27_2026/flowcast_zettabyte_cleaned_4_27_2026/run_0/checkpoints_flowcast/FlowCastPrecond.0.20000.mdlus

================================================================
[2026-06-12 11:24:18] NFE = 1   (1/15)
================================================================
[run] flowcast ensemble starting: K=10 x S=12 x T=1 = 120 sequence-rollouts
[run] flowcast  k=1/10 seq=1/12 (1/120)  t0=0      rollout=  1.9s  avg= 1.9s/seq  elapsed=  0.0m  eta=  3.8m
[run] flowcast  k=1/10 seq=2/12 (2/120)  t0=796    rollout=  0.4s  avg= 1.2s/seq  elapsed=  0.0m  eta=  2.3m
[run] flowcast  k=1/10 seq=3/12 (3/120)  t0=1592   rollout=  0.3s  avg= 0.9s/seq  elapsed=  0.0m  eta=  1.7m
[run] flowcast  k=1/10 seq=4/12 (4/120)  t0=2388   rollout=  0.2s  avg= 0.7s/seq  elapsed=  0.0m  eta=  1.4m
[run] flowcast  k=1/10 seq=5/12 (5/120)  t0=3184   rollout=  0.4s  avg= 0.6s/seq  elapsed=  0.1m  eta=  1.2m
[run] flowcast  k=1/10 seq=6/12 (6/120)  t0=3980   rollout=  0.3s  avg= 0.6s/seq  elapsed=  0.1m  eta=  1.1m
[run] flowcast  k=1/10 seq=7/12 (7/120)  t0=4776   rollout=  0.4s  avg= 0.6s/seq  elapsed=  0.1m  eta=  1.1m
[run] flowcast  k=1/10 seq=8/12 (8/120)  t0=5572   rollout=  0.5s  avg= 0.6s/seq  elapsed=  0.1m  eta=  1.0m
[run] flowcast  k=1/10 seq=9/12 (9/120)  t0=6368   rollout=  0.4s  avg= 0.5s/seq  elapsed=  0.1m  eta=  1.0m
[run] flowcast  k=1/10 seq=10/12 (10/120)  t0=7164   rollout=  0.4s  avg= 0.5s/seq  elapsed=  0.1m  eta=  1.0m
[run] flowcast  k=1/10 seq=11/12 (11/120)  t0=7960   rollout=  0.4s  avg= 0.5s/seq  elapsed=  0.1m  eta=  0.9m
[run] flowcast  k=1/10 seq=12/12 (12/120)  t0=8757   rollout=  0.2s  avg= 0.5s/seq  elapsed=  0.1m  eta=  0.9m
[run] flowcast  k=2/10 seq=1/12 (13/120)  t0=0      rollout=  0.2s  avg= 0.5s/seq  elapsed=  0.1m  eta=  0.8m
[run] flowcast  k=2/10 seq=2/12 (14/120)  t0=796    rollout=  0.1s  avg= 0.4s/seq  elapsed=  0.1m  eta=  0.8m
[run] flowcast  k=2/10 seq=3/12 (15/120)  t0=1592   rollout=  0.2s  avg= 0.4s/seq  elapsed=  0.1m  eta=  0.7m
[run] flowcast  k=2/10 seq=4/12 (16/120)  t0=2388   rollout=  0.2s  avg= 0.4s/seq  elapsed=  0.1m  eta=  0.7m
[run] flowcast  k=2/10 seq=5/12 (17/120)  t0=3184   rollout=  0.2s  avg= 0.4s/seq  elapsed=  0.1m  eta=  0.7m
[run] flowcast  k=2/10 seq=6/12 (18/120)  t0=3980   rollout=  0.2s  avg= 0.4s/seq  elapsed=  0.1m  eta=  0.6m
[run] flowcast  k=2/10 seq=7/12 (19/120)  t0=4776   rollout=  0.1s  avg= 0.4s/seq  elapsed=  0.1m  eta=  0.6m
[run] flowcast  k=2/10 seq=8/12 (20/120)  t0=5572   rollout=  0.1s  avg= 0.4s/seq  elapsed=  0.1m  eta=  0.6m
[run] flowcast  k=2/10 seq=9/12 (21/120)  t0=6368   rollout=  0.2s  avg= 0.3s/seq  elapsed=  0.1m  eta=  0.6m
[run] flowcast  k=2/10 seq=10/12 (22/120)  t0=7164   rollout=  0.2s  avg= 0.3s/seq  elapsed=  0.1m  eta=  0.5m
[run] flowcast  k=2/10 seq=11/12 (23/120)  t0=7960   rollout=  0.1s  avg= 0.3s/seq  elapsed=  0.1m  eta=  0.5m
[run] flowcast  k=2/10 seq=12/12 (24/120)  t0=8757   rollout=  0.2s  avg= 0.3s/seq  elapsed=  0.1m  eta=  0.5m
[run] flowcast  k=3/10 seq=1/12 (25/120)  t0=0      rollout=  0.1s  avg= 0.3s/seq  elapsed=  0.1m  eta=  0.5m
[run] flowcast  k=3/10 seq=2/12 (26/120)  t0=796    rollout=  0.2s  avg= 0.3s/seq  elapsed=  0.1m  eta=  0.5m
[run] flowcast  k=3/10 seq=3/12 (27/120)  t0=1592   rollout=  0.2s  avg= 0.3s/seq  elapsed=  0.1m  eta=  0.5m
[run] flowcast  k=3/10 seq=4/12 (28/120)  t0=2388   rollout=  0.2s  avg= 0.3s/seq  elapsed=  0.1m  eta=  0.5m
[run] flowcast  k=3/10 seq=5/12 (29/120)  t0=3184   rollout=  0.2s  avg= 0.3s/seq  elapsed=  0.1m  eta=  0.4m
[run] flowcast  k=3/10 seq=6/12 (30/120)  t0=3980   rollout=  0.1s  avg= 0.3s/seq  elapsed=  0.1m  eta=  0.4m
[run] flowcast  k=3/10 seq=7/12 (31/120)  t0=4776   rollout=  0.2s  avg= 0.3s/seq  elapsed=  0.1m  eta=  0.4m
[run] flowcast  k=3/10 seq=8/12 (32/120)  t0=5572   rollout=  0.2s  avg= 0.3s/seq  elapsed=  0.1m  eta=  0.4m
[run] flowcast  k=3/10 seq=9/12 (33/120)  t0=6368   rollout=  0.2s  avg= 0.3s/seq  elapsed=  0.2m  eta=  0.4m
[run] flowcast  k=3/10 seq=10/12 (34/120)  t0=7164   rollout=  0.3s  avg= 0.3s/seq  elapsed=  0.2m  eta=  0.4m
[run] flowcast  k=3/10 seq=11/12 (35/120)  t0=7960   rollout=  0.4s  avg= 0.3s/seq  elapsed=  0.2m  eta=  0.4m
[run] flowcast  k=3/10 seq=12/12 (36/120)  t0=8757   rollout=  0.2s  avg= 0.3s/seq  elapsed=  0.2m  eta=  0.4m
[run] flowcast  k=4/10 seq=1/12 (37/120)  t0=0      rollout=  0.2s  avg= 0.3s/seq  elapsed=  0.2m  eta=  0.4m
[run] flowcast  k=4/10 seq=2/12 (38/120)  t0=796    rollout=  0.2s  avg= 0.3s/seq  elapsed=  0.2m  eta=  0.4m
[run] flowcast  k=4/10 seq=3/12 (39/120)  t0=1592   rollout=  0.1s  avg= 0.3s/seq  elapsed=  0.2m  eta=  0.4m
[run] flowcast  k=4/10 seq=4/12 (40/120)  t0=2388   rollout=  0.2s  avg= 0.3s/seq  elapsed=  0.2m  eta=  0.3m
[run] flowcast  k=4/10 seq=5/12 (41/120)  t0=3184   rollout=  0.2s  avg= 0.3s/seq  elapsed=  0.2m  eta=  0.3m
[run] flowcast  k=4/10 seq=6/12 (42/120)  t0=3980   rollout=  0.2s  avg= 0.3s/seq  elapsed=  0.2m  eta=  0.3m
[run] flowcast  k=4/10 seq=7/12 (43/120)  t0=4776   rollout=  0.2s  avg= 0.3s/seq  elapsed=  0.2m  eta=  0.3m
[run] flowcast  k=4/10 seq=8/12 (44/120)  t0=5572   rollout=  0.2s  avg= 0.3s/seq  elapsed=  0.2m  eta=  0.3m
[run] flowcast  k=4/10 seq=9/12 (45/120)  t0=6368   rollout=  0.2s  avg= 0.3s/seq  elapsed=  0.2m  eta=  0.3m
[run] flowcast  k=4/10 seq=10/12 (46/120)  t0=7164   rollout=  0.1s  avg= 0.2s/seq  elapsed=  0.2m  eta=  0.3m
[run] flowcast  k=4/10 seq=11/12 (47/120)  t0=7960   rollout=  0.1s  avg= 0.2s/seq  elapsed=  0.2m  eta=  0.3m
[run] flowcast  k=4/10 seq=12/12 (48/120)  t0=8757   rollout=  0.2s  avg= 0.2s/seq  elapsed=  0.2m  eta=  0.3m
[run] flowcast  k=5/10 seq=1/12 (49/120)  t0=0      rollout=  0.1s  avg= 0.2s/seq  elapsed=  0.2m  eta=  0.3m
[run] flowcast  k=5/10 seq=2/12 (50/120)  t0=796    rollout=  0.2s  avg= 0.2s/seq  elapsed=  0.2m  eta=  0.3m
[run] flowcast  k=5/10 seq=3/12 (51/120)  t0=1592   rollout=  0.2s  avg= 0.2s/seq  elapsed=  0.2m  eta=  0.3m
[run] flowcast  k=5/10 seq=4/12 (52/120)  t0=2388   rollout=  0.2s  avg= 0.2s/seq  elapsed=  0.2m  eta=  0.3m
[run] flowcast  k=5/10 seq=5/12 (53/120)  t0=3184   rollout=  0.1s  avg= 0.2s/seq  elapsed=  0.2m  eta=  0.3m
[run] flowcast  k=5/10 seq=6/12 (54/120)  t0=3980   rollout=  0.1s  avg= 0.2s/seq  elapsed=  0.2m  eta=  0.3m
[run] flowcast  k=5/10 seq=7/12 (55/120)  t0=4776   rollout=  0.1s  avg= 0.2s/seq  elapsed=  0.2m  eta=  0.3m
[run] flowcast  k=5/10 seq=8/12 (56/120)  t0=5572   rollout=  0.1s  avg= 0.2s/seq  elapsed=  0.2m  eta=  0.2m
[run] flowcast  k=5/10 seq=9/12 (57/120)  t0=6368   rollout=  0.2s  avg= 0.2s/seq  elapsed=  0.2m  eta=  0.2m
[run] flowcast  k=5/10 seq=10/12 (58/120)  t0=7164   rollout=  0.2s  avg= 0.2s/seq  elapsed=  0.2m  eta=  0.2m
[run] flowcast  k=5/10 seq=11/12 (59/120)  t0=7960   rollout=  0.2s  avg= 0.2s/seq  elapsed=  0.2m  eta=  0.2m
[run] flowcast  k=5/10 seq=12/12 (60/120)  t0=8757   rollout=  0.2s  avg= 0.2s/seq  elapsed=  0.2m  eta=  0.2m
[run] flowcast  k=6/10 seq=1/12 (61/120)  t0=0      rollout=  0.2s  avg= 0.2s/seq  elapsed=  0.2m  eta=  0.2m
[run] flowcast  k=6/10 seq=2/12 (62/120)  t0=796    rollout=  0.2s  avg= 0.2s/seq  elapsed=  0.2m  eta=  0.2m
[run] flowcast  k=6/10 seq=3/12 (63/120)  t0=1592   rollout=  0.2s  avg= 0.2s/seq  elapsed=  0.2m  eta=  0.2m
[run] flowcast  k=6/10 seq=4/12 (64/120)  t0=2388   rollout=  0.1s  avg= 0.2s/seq  elapsed=  0.2m  eta=  0.2m
[run] flowcast  k=6/10 seq=5/12 (65/120)  t0=3184   rollout=  0.1s  avg= 0.2s/seq  elapsed=  0.2m  eta=  0.2m
[run] flowcast  k=6/10 seq=6/12 (66/120)  t0=3980   rollout=  0.2s  avg= 0.2s/seq  elapsed=  0.2m  eta=  0.2m
[run] flowcast  k=6/10 seq=7/12 (67/120)  t0=4776   rollout=  0.1s  avg= 0.2s/seq  elapsed=  0.2m  eta=  0.2m
[run] flowcast  k=6/10 seq=8/12 (68/120)  t0=5572   rollout=  0.1s  avg= 0.2s/seq  elapsed=  0.2m  eta=  0.2m
[run] flowcast  k=6/10 seq=9/12 (69/120)  t0=6368   rollout=  0.1s  avg= 0.2s/seq  elapsed=  0.2m  eta=  0.2m
[run] flowcast  k=6/10 seq=10/12 (70/120)  t0=7164   rollout=  0.2s  avg= 0.2s/seq  elapsed=  0.3m  eta=  0.2m
[run] flowcast  k=6/10 seq=11/12 (71/120)  t0=7960   rollout=  0.1s  avg= 0.2s/seq  elapsed=  0.3m  eta=  0.2m
[run] flowcast  k=6/10 seq=12/12 (72/120)  t0=8757   rollout=  0.2s  avg= 0.2s/seq  elapsed=  0.3m  eta=  0.2m
[run] flowcast  k=7/10 seq=1/12 (73/120)  t0=0      rollout=  0.2s  avg= 0.2s/seq  elapsed=  0.3m  eta=  0.2m
[run] flowcast  k=7/10 seq=2/12 (74/120)  t0=796    rollout=  0.2s  avg= 0.2s/seq  elapsed=  0.3m  eta=  0.2m
[run] flowcast  k=7/10 seq=3/12 (75/120)  t0=1592   rollout=  0.1s  avg= 0.2s/seq  elapsed=  0.3m  eta=  0.2m
[run] flowcast  k=7/10 seq=4/12 (76/120)  t0=2388   rollout=  0.1s  avg= 0.2s/seq  elapsed=  0.3m  eta=  0.2m
[run] flowcast  k=7/10 seq=5/12 (77/120)  t0=3184   rollout=  0.2s  avg= 0.2s/seq  elapsed=  0.3m  eta=  0.1m
[run] flowcast  k=7/10 seq=6/12 (78/120)  t0=3980   rollout=  0.1s  avg= 0.2s/seq  elapsed=  0.3m  eta=  0.1m
[run] flowcast  k=7/10 seq=7/12 (79/120)  t0=4776   rollout=  0.2s  avg= 0.2s/seq  elapsed=  0.3m  eta=  0.1m
[run] flowcast  k=7/10 seq=8/12 (80/120)  t0=5572   rollout=  0.1s  avg= 0.2s/seq  elapsed=  0.3m  eta=  0.1m
[run] flowcast  k=7/10 seq=9/12 (81/120)  t0=6368   rollout=  0.1s  avg= 0.2s/seq  elapsed=  0.3m  eta=  0.1m
[run] flowcast  k=7/10 seq=10/12 (82/120)  t0=7164   rollout=  0.1s  avg= 0.2s/seq  elapsed=  0.3m  eta=  0.1m
[run] flowcast  k=7/10 seq=11/12 (83/120)  t0=7960   rollout=  0.1s  avg= 0.2s/seq  elapsed=  0.3m  eta=  0.1m
[run] flowcast  k=7/10 seq=12/12 (84/120)  t0=8757   rollout=  0.1s  avg= 0.2s/seq  elapsed=  0.3m  eta=  0.1m
[run] flowcast  k=8/10 seq=1/12 (85/120)  t0=0      rollout=  0.1s  avg= 0.2s/seq  elapsed=  0.3m  eta=  0.1m
[run] flowcast  k=8/10 seq=2/12 (86/120)  t0=796    rollout=  0.2s  avg= 0.2s/seq  elapsed=  0.3m  eta=  0.1m
[run] flowcast  k=8/10 seq=3/12 (87/120)  t0=1592   rollout=  0.1s  avg= 0.2s/seq  elapsed=  0.3m  eta=  0.1m
[run] flowcast  k=8/10 seq=4/12 (88/120)  t0=2388   rollout=  0.1s  avg= 0.2s/seq  elapsed=  0.3m  eta=  0.1m
[run] flowcast  k=8/10 seq=5/12 (89/120)  t0=3184   rollout=  0.1s  avg= 0.2s/seq  elapsed=  0.3m  eta=  0.1m
[run] flowcast  k=8/10 seq=6/12 (90/120)  t0=3980   rollout=  0.1s  avg= 0.2s/seq  elapsed=  0.3m  eta=  0.1m
[run] flowcast  k=8/10 seq=7/12 (91/120)  t0=4776   rollout=  0.1s  avg= 0.2s/seq  elapsed=  0.3m  eta=  0.1m
[run] flowcast  k=8/10 seq=8/12 (92/120)  t0=5572   rollout=  0.1s  avg= 0.2s/seq  elapsed=  0.3m  eta=  0.1m
[run] flowcast  k=8/10 seq=9/12 (93/120)  t0=6368   rollout=  0.1s  avg= 0.2s/seq  elapsed=  0.3m  eta=  0.1m
[run] flowcast  k=8/10 seq=10/12 (94/120)  t0=7164   rollout=  0.1s  avg= 0.2s/seq  elapsed=  0.3m  eta=  0.1m
[run] flowcast  k=8/10 seq=11/12 (95/120)  t0=7960   rollout=  0.1s  avg= 0.2s/seq  elapsed=  0.3m  eta=  0.1m
[run] flowcast  k=8/10 seq=12/12 (96/120)  t0=8757   rollout=  0.1s  avg= 0.2s/seq  elapsed=  0.3m  eta=  0.1m
[run] flowcast  k=9/10 seq=1/12 (97/120)  t0=0      rollout=  0.1s  avg= 0.2s/seq  elapsed=  0.3m  eta=  0.1m
[run] flowcast  k=9/10 seq=2/12 (98/120)  t0=796    rollout=  0.1s  avg= 0.2s/seq  elapsed=  0.3m  eta=  0.1m
[run] flowcast  k=9/10 seq=3/12 (99/120)  t0=1592   rollout=  0.1s  avg= 0.2s/seq  elapsed=  0.3m  eta=  0.1m
[run] flowcast  k=9/10 seq=4/12 (100/120)  t0=2388   rollout=  0.1s  avg= 0.2s/seq  elapsed=  0.3m  eta=  0.1m
[run] flowcast  k=9/10 seq=5/12 (101/120)  t0=3184   rollout=  0.1s  avg= 0.2s/seq  elapsed=  0.3m  eta=  0.1m
[run] flowcast  k=9/10 seq=6/12 (102/120)  t0=3980   rollout=  0.1s  avg= 0.2s/seq  elapsed=  0.3m  eta=  0.1m
[run] flowcast  k=9/10 seq=7/12 (103/120)  t0=4776   rollout=  0.2s  avg= 0.2s/seq  elapsed=  0.3m  eta=  0.1m
[run] flowcast  k=9/10 seq=8/12 (104/120)  t0=5572   rollout=  0.2s  avg= 0.2s/seq  elapsed=  0.3m  eta=  0.1m
[run] flowcast  k=9/10 seq=9/12 (105/120)  t0=6368   rollout=  0.2s  avg= 0.2s/seq  elapsed=  0.3m  eta=  0.0m
[run] flowcast  k=9/10 seq=10/12 (106/120)  t0=7164   rollout=  0.2s  avg= 0.2s/seq  elapsed=  0.3m  eta=  0.0m
[run] flowcast  k=9/10 seq=11/12 (107/120)  t0=7960   rollout=  0.2s  avg= 0.2s/seq  elapsed=  0.3m  eta=  0.0m
[run] flowcast  k=9/10 seq=12/12 (108/120)  t0=8757   rollout=  0.1s  avg= 0.2s/seq  elapsed=  0.3m  eta=  0.0m
[run] flowcast  k=10/10 seq=1/12 (109/120)  t0=0      rollout=  0.1s  avg= 0.2s/seq  elapsed=  0.3m  eta=  0.0m
[run] flowcast  k=10/10 seq=2/12 (110/120)  t0=796    rollout=  0.2s  avg= 0.2s/seq  elapsed=  0.3m  eta=  0.0m
[run] flowcast  k=10/10 seq=3/12 (111/120)  t0=1592   rollout=  0.1s  avg= 0.2s/seq  elapsed=  0.4m  eta=  0.0m
[run] flowcast  k=10/10 seq=4/12 (112/120)  t0=2388   rollout=  0.2s  avg= 0.2s/seq  elapsed=  0.4m  eta=  0.0m
[run] flowcast  k=10/10 seq=5/12 (113/120)  t0=3184   rollout=  0.1s  avg= 0.2s/seq  elapsed=  0.4m  eta=  0.0m
[run] flowcast  k=10/10 seq=6/12 (114/120)  t0=3980   rollout=  0.2s  avg= 0.2s/seq  elapsed=  0.4m  eta=  0.0m
[run] flowcast  k=10/10 seq=7/12 (115/120)  t0=4776   rollout=  0.2s  avg= 0.2s/seq  elapsed=  0.4m  eta=  0.0m
[run] flowcast  k=10/10 seq=8/12 (116/120)  t0=5572   rollout=  0.1s  avg= 0.2s/seq  elapsed=  0.4m  eta=  0.0m
[run] flowcast  k=10/10 seq=9/12 (117/120)  t0=6368   rollout=  0.1s  avg= 0.2s/seq  elapsed=  0.4m  eta=  0.0m
[run] flowcast  k=10/10 seq=10/12 (118/120)  t0=7164   rollout=  0.2s  avg= 0.2s/seq  elapsed=  0.4m  eta=  0.0m
[run] flowcast  k=10/10 seq=11/12 (119/120)  t0=7960   rollout=  0.1s  avg= 0.2s/seq  elapsed=  0.4m  eta=  0.0m
[run] flowcast  k=10/10 seq=12/12 (120/120)  t0=8757   rollout=  0.1s  avg= 0.2s/seq  elapsed=  0.4m  eta=  0.0m
[run] flowcast ensemble finished in 0.4m
[2026-06-12 11:24:40] [nfe_sweep] NFE=  1  t/seq= 0.48s  CRPS-qpepre=0.1588  CSI-M=0.2499  RMSE-qpepre=0.5637  NFE-elapsed=0.4m
| method | Time/Seq.(s) | CRPS↓ | CSI-M↑ | CSI-P16↑ | FSS-P16-M↑ | HSS-M↑ | FAR-M↓ | RMSE_u10↓ | RMSE_v10↓ | RMSE_t2m↓ | RMSE_qpepre↓ |
|---|---|---|---|---|---|---|---|---|---|---|---|
| flowcast | 0.479 | 0.3815 | 0.2499 | 0.0476 | 0.0775 | 0.3314 | 0.1206 | 0.8501 | 0.8518 | 0.4200 | 0.5637 |

================================================================
[2026-06-12 11:24:40] NFE = 2   (2/15)
================================================================
[run] flowcast ensemble starting: K=10 x S=12 x T=1 = 120 sequence-rollouts
[run] flowcast  k=1/10 seq=1/12 (1/120)  t0=0      rollout=  0.2s  avg= 0.2s/seq  elapsed=  0.0m  eta=  0.4m
[run] flowcast  k=1/10 seq=2/12 (2/120)  t0=796    rollout=  0.2s  avg= 0.2s/seq  elapsed=  0.0m  eta=  0.4m
[run] flowcast  k=1/10 seq=3/12 (3/120)  t0=1592   rollout=  0.2s  avg= 0.2s/seq  elapsed=  0.0m  eta=  0.4m
[run] flowcast  k=1/10 seq=4/12 (4/120)  t0=2388   rollout=  0.2s  avg= 0.2s/seq  elapsed=  0.0m  eta=  0.4m
[run] flowcast  k=1/10 seq=5/12 (5/120)  t0=3184   rollout=  0.2s  avg= 0.2s/seq  elapsed=  0.0m  eta=  0.4m
[run] flowcast  k=1/10 seq=6/12 (6/120)  t0=3980   rollout=  0.2s  avg= 0.2s/seq  elapsed=  0.0m  eta=  0.4m
[run] flowcast  k=1/10 seq=7/12 (7/120)  t0=4776   rollout=  0.2s  avg= 0.2s/seq  elapsed=  0.0m  eta=  0.4m
[run] flowcast  k=1/10 seq=8/12 (8/120)  t0=5572   rollout=  0.2s  avg= 0.2s/seq  elapsed=  0.0m  eta=  0.4m
[run] flowcast  k=1/10 seq=9/12 (9/120)  t0=6368   rollout=  0.2s  avg= 0.2s/seq  elapsed=  0.0m  eta=  0.4m
[run] flowcast  k=1/10 seq=10/12 (10/120)  t0=7164   rollout=  0.2s  avg= 0.2s/seq  elapsed=  0.0m  eta=  0.3m
[run] flowcast  k=1/10 seq=11/12 (11/120)  t0=7960   rollout=  0.2s  avg= 0.2s/seq  elapsed=  0.0m  eta=  0.3m
[run] flowcast  k=1/10 seq=12/12 (12/120)  t0=8757   rollout=  0.2s  avg= 0.2s/seq  elapsed=  0.0m  eta=  0.3m
[run] flowcast  k=2/10 seq=1/12 (13/120)  t0=0      rollout=  0.2s  avg= 0.2s/seq  elapsed=  0.0m  eta=  0.3m
[run] flowcast  k=2/10 seq=2/12 (14/120)  t0=796    rollout=  0.2s  avg= 0.2s/seq  elapsed=  0.0m  eta=  0.3m
[run] flowcast  k=2/10 seq=3/12 (15/120)  t0=1592   rollout=  0.2s  avg= 0.2s/seq  elapsed=  0.0m  eta=  0.3m
[run] flowcast  k=2/10 seq=4/12 (16/120)  t0=2388   rollout=  0.2s  avg= 0.2s/seq  elapsed=  0.1m  eta=  0.3m
[run] flowcast  k=2/10 seq=5/12 (17/120)  t0=3184   rollout=  0.2s  avg= 0.2s/seq  elapsed=  0.1m  eta=  0.3m
[run] flowcast  k=2/10 seq=6/12 (18/120)  t0=3980   rollout=  0.2s  avg= 0.2s/seq  elapsed=  0.1m  eta=  0.3m
[run] flowcast  k=2/10 seq=7/12 (19/120)  t0=4776   rollout=  0.2s  avg= 0.2s/seq  elapsed=  0.1m  eta=  0.3m
[run] flowcast  k=2/10 seq=8/12 (20/120)  t0=5572   rollout=  0.2s  avg= 0.2s/seq  elapsed=  0.1m  eta=  0.3m
[run] flowcast  k=2/10 seq=9/12 (21/120)  t0=6368   rollout=  0.2s  avg= 0.2s/seq  elapsed=  0.1m  eta=  0.3m
[run] flowcast  k=2/10 seq=10/12 (22/120)  t0=7164   rollout=  0.2s  avg= 0.2s/seq  elapsed=  0.1m  eta=  0.3m
[run] flowcast  k=2/10 seq=11/12 (23/120)  t0=7960   rollout=  0.2s  avg= 0.2s/seq  elapsed=  0.1m  eta=  0.3m
[run] flowcast  k=2/10 seq=12/12 (24/120)  t0=8757   rollout=  0.2s  avg= 0.2s/seq  elapsed=  0.1m  eta=  0.3m
[run] flowcast  k=3/10 seq=1/12 (25/120)  t0=0      rollout=  0.2s  avg= 0.2s/seq  elapsed=  0.1m  eta=  0.3m
[run] flowcast  k=3/10 seq=2/12 (26/120)  t0=796    rollout=  0.2s  avg= 0.2s/seq  elapsed=  0.1m  eta=  0.3m
[run] flowcast  k=3/10 seq=3/12 (27/120)  t0=1592   rollout=  0.2s  avg= 0.2s/seq  elapsed=  0.1m  eta=  0.3m
[run] flowcast  k=3/10 seq=4/12 (28/120)  t0=2388   rollout=  0.2s  avg= 0.2s/seq  elapsed=  0.1m  eta=  0.3m
[run] flowcast  k=3/10 seq=5/12 (29/120)  t0=3184   rollout=  0.2s  avg= 0.2s/seq  elapsed=  0.1m  eta=  0.3m
[run] flowcast  k=3/10 seq=6/12 (30/120)  t0=3980   rollout=  0.2s  avg= 0.2s/seq  elapsed=  0.1m  eta=  0.3m
[run] flowcast  k=3/10 seq=7/12 (31/120)  t0=4776   rollout=  0.2s  avg= 0.2s/seq  elapsed=  0.1m  eta=  0.3m
[run] flowcast  k=3/10 seq=8/12 (32/120)  t0=5572   rollout=  0.2s  avg= 0.2s/seq  elapsed=  0.1m  eta=  0.3m
[run] flowcast  k=3/10 seq=9/12 (33/120)  t0=6368   rollout=  0.2s  avg= 0.2s/seq  elapsed=  0.1m  eta=  0.3m
[run] flowcast  k=3/10 seq=10/12 (34/120)  t0=7164   rollout=  0.2s  avg= 0.2s/seq  elapsed=  0.1m  eta=  0.3m
[run] flowcast  k=3/10 seq=11/12 (35/120)  t0=7960   rollout=  0.2s  avg= 0.2s/seq  elapsed=  0.1m  eta=  0.3m
[run] flowcast  k=3/10 seq=12/12 (36/120)  t0=8757   rollout=  0.2s  avg= 0.2s/seq  elapsed=  0.1m  eta=  0.3m
[run] flowcast  k=4/10 seq=1/12 (37/120)  t0=0      rollout=  0.2s  avg= 0.2s/seq  elapsed=  0.1m  eta=  0.3m
[run] flowcast  k=4/10 seq=2/12 (38/120)  t0=796    rollout=  0.2s  avg= 0.2s/seq  elapsed=  0.1m  eta=  0.3m
[run] flowcast  k=4/10 seq=3/12 (39/120)  t0=1592   rollout=  0.2s  avg= 0.2s/seq  elapsed=  0.1m  eta=  0.3m
[run] flowcast  k=4/10 seq=4/12 (40/120)  t0=2388   rollout=  0.2s  avg= 0.2s/seq  elapsed=  0.1m  eta=  0.3m
[run] flowcast  k=4/10 seq=5/12 (41/120)  t0=3184   rollout=  0.2s  avg= 0.2s/seq  elapsed=  0.1m  eta=  0.3m
[run] flowcast  k=4/10 seq=6/12 (42/120)  t0=3980   rollout=  0.2s  avg= 0.2s/seq  elapsed=  0.1m  eta=  0.2m
[run] flowcast  k=4/10 seq=7/12 (43/120)  t0=4776   rollout=  0.2s  avg= 0.2s/seq  elapsed=  0.1m  eta=  0.2m
[run] flowcast  k=4/10 seq=8/12 (44/120)  t0=5572   rollout=  0.2s  avg= 0.2s/seq  elapsed=  0.1m  eta=  0.2m
[run] flowcast  k=4/10 seq=9/12 (45/120)  t0=6368   rollout=  0.2s  avg= 0.2s/seq  elapsed=  0.1m  eta=  0.2m
[run] flowcast  k=4/10 seq=10/12 (46/120)  t0=7164   rollout=  0.2s  avg= 0.2s/seq  elapsed=  0.1m  eta=  0.2m
[run] flowcast  k=4/10 seq=11/12 (47/120)  t0=7960   rollout=  0.2s  avg= 0.2s/seq  elapsed=  0.2m  eta=  0.2m
[run] flowcast  k=4/10 seq=12/12 (48/120)  t0=8757   rollout=  0.2s  avg= 0.2s/seq  elapsed=  0.2m  eta=  0.2m
[run] flowcast  k=5/10 seq=1/12 (49/120)  t0=0      rollout=  0.2s  avg= 0.2s/seq  elapsed=  0.2m  eta=  0.2m
[run] flowcast  k=5/10 seq=2/12 (50/120)  t0=796    rollout=  0.2s  avg= 0.2s/seq  elapsed=  0.2m  eta=  0.2m
[run] flowcast  k=5/10 seq=3/12 (51/120)  t0=1592   rollout=  0.2s  avg= 0.2s/seq  elapsed=  0.2m  eta=  0.2m
[run] flowcast  k=5/10 seq=4/12 (52/120)  t0=2388   rollout=  0.2s  avg= 0.2s/seq  elapsed=  0.2m  eta=  0.2m
[run] flowcast  k=5/10 seq=5/12 (53/120)  t0=3184   rollout=  0.2s  avg= 0.2s/seq  elapsed=  0.2m  eta=  0.2m
[run] flowcast  k=5/10 seq=6/12 (54/120)  t0=3980   rollout=  0.2s  avg= 0.2s/seq  elapsed=  0.2m  eta=  0.2m
[run] flowcast  k=5/10 seq=7/12 (55/120)  t0=4776   rollout=  0.2s  avg= 0.2s/seq  elapsed=  0.2m  eta=  0.2m
[run] flowcast  k=5/10 seq=8/12 (56/120)  t0=5572   rollout=  0.2s  avg= 0.2s/seq  elapsed=  0.2m  eta=  0.2m
[run] flowcast  k=5/10 seq=9/12 (57/120)  t0=6368   rollout=  0.2s  avg= 0.2s/seq  elapsed=  0.2m  eta=  0.2m
[run] flowcast  k=5/10 seq=10/12 (58/120)  t0=7164   rollout=  0.2s  avg= 0.2s/seq  elapsed=  0.2m  eta=  0.2m
[run] flowcast  k=5/10 seq=11/12 (59/120)  t0=7960   rollout=  0.2s  avg= 0.2s/seq  elapsed=  0.2m  eta=  0.2m
[run] flowcast  k=5/10 seq=12/12 (60/120)  t0=8757   rollout=  0.2s  avg= 0.2s/seq  elapsed=  0.2m  eta=  0.2m
[run] flowcast  k=6/10 seq=1/12 (61/120)  t0=0      rollout=  0.2s  avg= 0.2s/seq  elapsed=  0.2m  eta=  0.2m
[run] flowcast  k=6/10 seq=2/12 (62/120)  t0=796    rollout=  0.2s  avg= 0.2s/seq  elapsed=  0.2m  eta=  0.2m
[run] flowcast  k=6/10 seq=3/12 (63/120)  t0=1592   rollout=  0.2s  avg= 0.2s/seq  elapsed=  0.2m  eta=  0.2m
[run] flowcast  k=6/10 seq=4/12 (64/120)  t0=2388   rollout=  0.2s  avg= 0.2s/seq  elapsed=  0.2m  eta=  0.2m
[run] flowcast  k=6/10 seq=5/12 (65/120)  t0=3184   rollout=  0.2s  avg= 0.2s/seq  elapsed=  0.2m  eta=  0.2m
[run] flowcast  k=6/10 seq=6/12 (66/120)  t0=3980   rollout=  0.2s  avg= 0.2s/seq  elapsed=  0.2m  eta=  0.2m
[run] flowcast  k=6/10 seq=7/12 (67/120)  t0=4776   rollout=  0.2s  avg= 0.2s/seq  elapsed=  0.2m  eta=  0.2m
[run] flowcast  k=6/10 seq=8/12 (68/120)  t0=5572   rollout=  0.2s  avg= 0.2s/seq  elapsed=  0.2m  eta=  0.2m
[run] flowcast  k=6/10 seq=9/12 (69/120)  t0=6368   rollout=  0.2s  avg= 0.2s/seq  elapsed=  0.2m  eta=  0.2m
[run] flowcast  k=6/10 seq=10/12 (70/120)  t0=7164   rollout=  0.2s  avg= 0.2s/seq  elapsed=  0.2m  eta=  0.2m
[run] flowcast  k=6/10 seq=11/12 (71/120)  t0=7960   rollout=  0.2s  avg= 0.2s/seq  elapsed=  0.2m  eta=  0.2m
[run] flowcast  k=6/10 seq=12/12 (72/120)  t0=8757   rollout=  0.2s  avg= 0.2s/seq  elapsed=  0.2m  eta=  0.2m
[run] flowcast  k=7/10 seq=1/12 (73/120)  t0=0      rollout=  0.2s  avg= 0.2s/seq  elapsed=  0.2m  eta=  0.1m
[run] flowcast  k=7/10 seq=2/12 (74/120)  t0=796    rollout=  0.2s  avg= 0.2s/seq  elapsed=  0.2m  eta=  0.1m
[run] flowcast  k=7/10 seq=3/12 (75/120)  t0=1592   rollout=  0.2s  avg= 0.2s/seq  elapsed=  0.2m  eta=  0.1m
[run] flowcast  k=7/10 seq=4/12 (76/120)  t0=2388   rollout=  0.2s  avg= 0.2s/seq  elapsed=  0.2m  eta=  0.1m
[run] flowcast  k=7/10 seq=5/12 (77/120)  t0=3184   rollout=  0.2s  avg= 0.2s/seq  elapsed=  0.2m  eta=  0.1m
[run] flowcast  k=7/10 seq=6/12 (78/120)  t0=3980   rollout=  0.2s  avg= 0.2s/seq  elapsed=  0.2m  eta=  0.1m
[run] flowcast  k=7/10 seq=7/12 (79/120)  t0=4776   rollout=  0.2s  avg= 0.2s/seq  elapsed=  0.3m  eta=  0.1m
[run] flowcast  k=7/10 seq=8/12 (80/120)  t0=5572   rollout=  0.2s  avg= 0.2s/seq  elapsed=  0.3m  eta=  0.1m
[run] flowcast  k=7/10 seq=9/12 (81/120)  t0=6368   rollout=  0.2s  avg= 0.2s/seq  elapsed=  0.3m  eta=  0.1m
[run] flowcast  k=7/10 seq=10/12 (82/120)  t0=7164   rollout=  0.2s  avg= 0.2s/seq  elapsed=  0.3m  eta=  0.1m
[run] flowcast  k=7/10 seq=11/12 (83/120)  t0=7960   rollout=  0.2s  avg= 0.2s/seq  elapsed=  0.3m  eta=  0.1m
[run] flowcast  k=7/10 seq=12/12 (84/120)  t0=8757   rollout=  0.2s  avg= 0.2s/seq  elapsed=  0.3m  eta=  0.1m
[run] flowcast  k=8/10 seq=1/12 (85/120)  t0=0      rollout=  0.2s  avg= 0.2s/seq  elapsed=  0.3m  eta=  0.1m
[run] flowcast  k=8/10 seq=2/12 (86/120)  t0=796    rollout=  0.2s  avg= 0.2s/seq  elapsed=  0.3m  eta=  0.1m
[run] flowcast  k=8/10 seq=3/12 (87/120)  t0=1592   rollout=  0.2s  avg= 0.2s/seq  elapsed=  0.3m  eta=  0.1m
[run] flowcast  k=8/10 seq=4/12 (88/120)  t0=2388   rollout=  0.2s  avg= 0.2s/seq  elapsed=  0.3m  eta=  0.1m
[run] flowcast  k=8/10 seq=5/12 (89/120)  t0=3184   rollout=  0.2s  avg= 0.2s/seq  elapsed=  0.3m  eta=  0.1m
[run] flowcast  k=8/10 seq=6/12 (90/120)  t0=3980   rollout=  0.2s  avg= 0.2s/seq  elapsed=  0.3m  eta=  0.1m
[run] flowcast  k=8/10 seq=7/12 (91/120)  t0=4776   rollout=  0.2s  avg= 0.2s/seq  elapsed=  0.3m  eta=  0.1m
[run] flowcast  k=8/10 seq=8/12 (92/120)  t0=5572   rollout=  0.2s  avg= 0.2s/seq  elapsed=  0.3m  eta=  0.1m
[run] flowcast  k=8/10 seq=9/12 (93/120)  t0=6368   rollout=  0.2s  avg= 0.2s/seq  elapsed=  0.3m  eta=  0.1m
[run] flowcast  k=8/10 seq=10/12 (94/120)  t0=7164   rollout=  0.2s  avg= 0.2s/seq  elapsed=  0.3m  eta=  0.1m
[run] flowcast  k=8/10 seq=11/12 (95/120)  t0=7960   rollout=  0.2s  avg= 0.2s/seq  elapsed=  0.3m  eta=  0.1m
[run] flowcast  k=8/10 seq=12/12 (96/120)  t0=8757   rollout=  0.2s  avg= 0.2s/seq  elapsed=  0.3m  eta=  0.1m
[run] flowcast  k=9/10 seq=1/12 (97/120)  t0=0      rollout=  0.2s  avg= 0.2s/seq  elapsed=  0.3m  eta=  0.1m
[run] flowcast  k=9/10 seq=2/12 (98/120)  t0=796    rollout=  0.2s  avg= 0.2s/seq  elapsed=  0.3m  eta=  0.1m
[run] flowcast  k=9/10 seq=3/12 (99/120)  t0=1592   rollout=  0.2s  avg= 0.2s/seq  elapsed=  0.3m  eta=  0.1m
[run] flowcast  k=9/10 seq=4/12 (100/120)  t0=2388   rollout=  0.2s  avg= 0.2s/seq  elapsed=  0.3m  eta=  0.1m
[run] flowcast  k=9/10 seq=5/12 (101/120)  t0=3184   rollout=  0.2s  avg= 0.2s/seq  elapsed=  0.3m  eta=  0.1m
[run] flowcast  k=9/10 seq=6/12 (102/120)  t0=3980   rollout=  0.2s  avg= 0.2s/seq  elapsed=  0.3m  eta=  0.1m
[run] flowcast  k=9/10 seq=7/12 (103/120)  t0=4776   rollout=  0.2s  avg= 0.2s/seq  elapsed=  0.3m  eta=  0.1m
[run] flowcast  k=9/10 seq=8/12 (104/120)  t0=5572   rollout=  0.2s  avg= 0.2s/seq  elapsed=  0.3m  eta=  0.1m
[run] flowcast  k=9/10 seq=9/12 (105/120)  t0=6368   rollout=  0.2s  avg= 0.2s/seq  elapsed=  0.3m  eta=  0.0m
[run] flowcast  k=9/10 seq=10/12 (106/120)  t0=7164   rollout=  0.2s  avg= 0.2s/seq  elapsed=  0.3m  eta=  0.0m
[run] flowcast  k=9/10 seq=11/12 (107/120)  t0=7960   rollout=  0.2s  avg= 0.2s/seq  elapsed=  0.3m  eta=  0.0m
[run] flowcast  k=9/10 seq=12/12 (108/120)  t0=8757   rollout=  0.2s  avg= 0.2s/seq  elapsed=  0.3m  eta=  0.0m
[run] flowcast  k=10/10 seq=1/12 (109/120)  t0=0      rollout=  0.2s  avg= 0.2s/seq  elapsed=  0.3m  eta=  0.0m
[run] flowcast  k=10/10 seq=2/12 (110/120)  t0=796    rollout=  0.2s  avg= 0.2s/seq  elapsed=  0.3m  eta=  0.0m
[run] flowcast  k=10/10 seq=3/12 (111/120)  t0=1592   rollout=  0.2s  avg= 0.2s/seq  elapsed=  0.4m  eta=  0.0m
[run] flowcast  k=10/10 seq=4/12 (112/120)  t0=2388   rollout=  0.2s  avg= 0.2s/seq  elapsed=  0.4m  eta=  0.0m
[run] flowcast  k=10/10 seq=5/12 (113/120)  t0=3184   rollout=  0.2s  avg= 0.2s/seq  elapsed=  0.4m  eta=  0.0m
[run] flowcast  k=10/10 seq=6/12 (114/120)  t0=3980   rollout=  0.2s  avg= 0.2s/seq  elapsed=  0.4m  eta=  0.0m
[run] flowcast  k=10/10 seq=7/12 (115/120)  t0=4776   rollout=  0.2s  avg= 0.2s/seq  elapsed=  0.4m  eta=  0.0m
[run] flowcast  k=10/10 seq=8/12 (116/120)  t0=5572   rollout=  0.2s  avg= 0.2s/seq  elapsed=  0.4m  eta=  0.0m
[run] flowcast  k=10/10 seq=9/12 (117/120)  t0=6368   rollout=  0.2s  avg= 0.2s/seq  elapsed=  0.4m  eta=  0.0m
[run] flowcast  k=10/10 seq=10/12 (118/120)  t0=7164   rollout=  0.2s  avg= 0.2s/seq  elapsed=  0.4m  eta=  0.0m
[run] flowcast  k=10/10 seq=11/12 (119/120)  t0=7960   rollout=  0.2s  avg= 0.2s/seq  elapsed=  0.4m  eta=  0.0m
[run] flowcast  k=10/10 seq=12/12 (120/120)  t0=8757   rollout=  0.2s  avg= 0.2s/seq  elapsed=  0.4m  eta=  0.0m
[run] flowcast ensemble finished in 0.4m
[2026-06-12 11:25:03] [nfe_sweep] NFE=  2  t/seq= 0.19s  CRPS-qpepre=0.1486  CSI-M=0.2509  RMSE-qpepre=0.5643  NFE-elapsed=0.4m
| method | Time/Seq.(s) | CRPS↓ | CSI-M↑ | CSI-P16↑ | FSS-P16-M↑ | HSS-M↑ | FAR-M↓ | RMSE_u10↓ | RMSE_v10↓ | RMSE_t2m↓ | RMSE_qpepre↓ |
|---|---|---|---|---|---|---|---|---|---|---|---|
| flowcast | 0.189 | 0.3510 | 0.2509 | 0.0476 | 0.0775 | 0.3322 | 0.1105 | 0.8476 | 0.8505 | 0.4168 | 0.5643 |

================================================================
[2026-06-12 11:25:03] NFE = 3   (3/15)
================================================================
[run] flowcast ensemble starting: K=10 x S=12 x T=1 = 120 sequence-rollouts
[run] flowcast  k=1/10 seq=1/12 (1/120)  t0=0      rollout=  0.2s  avg= 0.2s/seq  elapsed=  0.0m  eta=  0.5m
[run] flowcast  k=1/10 seq=2/12 (2/120)  t0=796    rollout=  0.2s  avg= 0.2s/seq  elapsed=  0.0m  eta=  0.4m
[run] flowcast  k=1/10 seq=3/12 (3/120)  t0=1592   rollout=  0.2s  avg= 0.2s/seq  elapsed=  0.0m  eta=  0.4m
[run] flowcast  k=1/10 seq=4/12 (4/120)  t0=2388   rollout=  0.2s  avg= 0.2s/seq  elapsed=  0.0m  eta=  0.4m
[run] flowcast  k=1/10 seq=5/12 (5/120)  t0=3184   rollout=  0.2s  avg= 0.2s/seq  elapsed=  0.0m  eta=  0.4m
[run] flowcast  k=1/10 seq=6/12 (6/120)  t0=3980   rollout=  0.2s  avg= 0.2s/seq  elapsed=  0.0m  eta=  0.4m
[run] flowcast  k=1/10 seq=7/12 (7/120)  t0=4776   rollout=  0.2s  avg= 0.2s/seq  elapsed=  0.0m  eta=  0.4m
[run] flowcast  k=1/10 seq=8/12 (8/120)  t0=5572   rollout=  0.2s  avg= 0.2s/seq  elapsed=  0.0m  eta=  0.4m
[run] flowcast  k=1/10 seq=9/12 (9/120)  t0=6368   rollout=  0.2s  avg= 0.2s/seq  elapsed=  0.0m  eta=  0.4m
[run] flowcast  k=1/10 seq=10/12 (10/120)  t0=7164   rollout=  0.2s  avg= 0.2s/seq  elapsed=  0.0m  eta=  0.4m
[run] flowcast  k=1/10 seq=11/12 (11/120)  t0=7960   rollout=  0.2s  avg= 0.2s/seq  elapsed=  0.0m  eta=  0.4m
[run] flowcast  k=1/10 seq=12/12 (12/120)  t0=8757   rollout=  0.2s  avg= 0.2s/seq  elapsed=  0.0m  eta=  0.4m
[run] flowcast  k=2/10 seq=1/12 (13/120)  t0=0      rollout=  0.2s  avg= 0.2s/seq  elapsed=  0.0m  eta=  0.4m
[run] flowcast  k=2/10 seq=2/12 (14/120)  t0=796    rollout=  0.2s  avg= 0.2s/seq  elapsed=  0.1m  eta=  0.4m
[run] flowcast  k=2/10 seq=3/12 (15/120)  t0=1592   rollout=  0.2s  avg= 0.2s/seq  elapsed=  0.1m  eta=  0.4m
[run] flowcast  k=2/10 seq=4/12 (16/120)  t0=2388   rollout=  0.2s  avg= 0.2s/seq  elapsed=  0.1m  eta=  0.4m
[run] flowcast  k=2/10 seq=5/12 (17/120)  t0=3184   rollout=  0.2s  avg= 0.2s/seq  elapsed=  0.1m  eta=  0.4m
[run] flowcast  k=2/10 seq=6/12 (18/120)  t0=3980   rollout=  0.2s  avg= 0.2s/seq  elapsed=  0.1m  eta=  0.4m
[run] flowcast  k=2/10 seq=7/12 (19/120)  t0=4776   rollout=  0.2s  avg= 0.2s/seq  elapsed=  0.1m  eta=  0.4m
[run] flowcast  k=2/10 seq=8/12 (20/120)  t0=5572   rollout=  0.2s  avg= 0.2s/seq  elapsed=  0.1m  eta=  0.4m
[run] flowcast  k=2/10 seq=9/12 (21/120)  t0=6368   rollout=  0.2s  avg= 0.2s/seq  elapsed=  0.1m  eta=  0.4m
[run] flowcast  k=2/10 seq=10/12 (22/120)  t0=7164   rollout=  0.2s  avg= 0.2s/seq  elapsed=  0.1m  eta=  0.4m
[run] flowcast  k=2/10 seq=11/12 (23/120)  t0=7960   rollout=  0.2s  avg= 0.2s/seq  elapsed=  0.1m  eta=  0.4m
[run] flowcast  k=2/10 seq=12/12 (24/120)  t0=8757   rollout=  0.2s  avg= 0.2s/seq  elapsed=  0.1m  eta=  0.4m
[run] flowcast  k=3/10 seq=1/12 (25/120)  t0=0      rollout=  0.2s  avg= 0.2s/seq  elapsed=  0.1m  eta=  0.4m
[run] flowcast  k=3/10 seq=2/12 (26/120)  t0=796    rollout=  0.2s  avg= 0.2s/seq  elapsed=  0.1m  eta=  0.4m
[run] flowcast  k=3/10 seq=3/12 (27/120)  t0=1592   rollout=  0.2s  avg= 0.2s/seq  elapsed=  0.1m  eta=  0.4m
[run] flowcast  k=3/10 seq=4/12 (28/120)  t0=2388   rollout=  0.3s  avg= 0.2s/seq  elapsed=  0.1m  eta=  0.4m
[run] flowcast  k=3/10 seq=5/12 (29/120)  t0=3184   rollout=  0.2s  avg= 0.2s/seq  elapsed=  0.1m  eta=  0.4m
[run] flowcast  k=3/10 seq=6/12 (30/120)  t0=3980   rollout=  0.2s  avg= 0.2s/seq  elapsed=  0.1m  eta=  0.3m
[run] flowcast  k=3/10 seq=7/12 (31/120)  t0=4776   rollout=  0.2s  avg= 0.2s/seq  elapsed=  0.1m  eta=  0.3m
[run] flowcast  k=3/10 seq=8/12 (32/120)  t0=5572   rollout=  0.2s  avg= 0.2s/seq  elapsed=  0.1m  eta=  0.3m
[run] flowcast  k=3/10 seq=9/12 (33/120)  t0=6368   rollout=  0.2s  avg= 0.2s/seq  elapsed=  0.1m  eta=  0.3m
[run] flowcast  k=3/10 seq=10/12 (34/120)  t0=7164   rollout=  0.2s  avg= 0.2s/seq  elapsed=  0.1m  eta=  0.3m
[run] flowcast  k=3/10 seq=11/12 (35/120)  t0=7960   rollout=  0.2s  avg= 0.2s/seq  elapsed=  0.1m  eta=  0.3m
[run] flowcast  k=3/10 seq=12/12 (36/120)  t0=8757   rollout=  0.2s  avg= 0.2s/seq  elapsed=  0.1m  eta=  0.3m
[run] flowcast  k=4/10 seq=1/12 (37/120)  t0=0      rollout=  0.2s  avg= 0.2s/seq  elapsed=  0.1m  eta=  0.3m
[run] flowcast  k=4/10 seq=2/12 (38/120)  t0=796    rollout=  0.2s  avg= 0.2s/seq  elapsed=  0.1m  eta=  0.3m
[run] flowcast  k=4/10 seq=3/12 (39/120)  t0=1592   rollout=  0.2s  avg= 0.2s/seq  elapsed=  0.2m  eta=  0.3m
[run] flowcast  k=4/10 seq=4/12 (40/120)  t0=2388   rollout=  0.2s  avg= 0.2s/seq  elapsed=  0.2m  eta=  0.3m
[run] flowcast  k=4/10 seq=5/12 (41/120)  t0=3184   rollout=  0.2s  avg= 0.2s/seq  elapsed=  0.2m  eta=  0.3m
[run] flowcast  k=4/10 seq=6/12 (42/120)  t0=3980   rollout=  0.2s  avg= 0.2s/seq  elapsed=  0.2m  eta=  0.3m
[run] flowcast  k=4/10 seq=7/12 (43/120)  t0=4776   rollout=  0.2s  avg= 0.2s/seq  elapsed=  0.2m  eta=  0.3m
[run] flowcast  k=4/10 seq=8/12 (44/120)  t0=5572   rollout=  0.2s  avg= 0.2s/seq  elapsed=  0.2m  eta=  0.3m
[run] flowcast  k=4/10 seq=9/12 (45/120)  t0=6368   rollout=  0.2s  avg= 0.2s/seq  elapsed=  0.2m  eta=  0.3m
[run] flowcast  k=4/10 seq=10/12 (46/120)  t0=7164   rollout=  0.2s  avg= 0.2s/seq  elapsed=  0.2m  eta=  0.3m
[run] flowcast  k=4/10 seq=11/12 (47/120)  t0=7960   rollout=  0.2s  avg= 0.2s/seq  elapsed=  0.2m  eta=  0.3m
[run] flowcast  k=4/10 seq=12/12 (48/120)  t0=8757   rollout=  0.2s  avg= 0.2s/seq  elapsed=  0.2m  eta=  0.3m
[run] flowcast  k=5/10 seq=1/12 (49/120)  t0=0      rollout=  0.2s  avg= 0.2s/seq  elapsed=  0.2m  eta=  0.3m
[run] flowcast  k=5/10 seq=2/12 (50/120)  t0=796    rollout=  0.2s  avg= 0.2s/seq  elapsed=  0.2m  eta=  0.3m
[run] flowcast  k=5/10 seq=3/12 (51/120)  t0=1592   rollout=  0.2s  avg= 0.2s/seq  elapsed=  0.2m  eta=  0.3m
[run] flowcast  k=5/10 seq=4/12 (52/120)  t0=2388   rollout=  0.2s  avg= 0.2s/seq  elapsed=  0.2m  eta=  0.3m
[run] flowcast  k=5/10 seq=5/12 (53/120)  t0=3184   rollout=  0.2s  avg= 0.2s/seq  elapsed=  0.2m  eta=  0.3m
[run] flowcast  k=5/10 seq=6/12 (54/120)  t0=3980   rollout=  0.2s  avg= 0.2s/seq  elapsed=  0.2m  eta=  0.3m
[run] flowcast  k=5/10 seq=7/12 (55/120)  t0=4776   rollout=  0.2s  avg= 0.2s/seq  elapsed=  0.2m  eta=  0.2m
[run] flowcast  k=5/10 seq=8/12 (56/120)  t0=5572   rollout=  0.2s  avg= 0.2s/seq  elapsed=  0.2m  eta=  0.2m
[run] flowcast  k=5/10 seq=9/12 (57/120)  t0=6368   rollout=  0.2s  avg= 0.2s/seq  elapsed=  0.2m  eta=  0.2m
[run] flowcast  k=5/10 seq=10/12 (58/120)  t0=7164   rollout=  0.2s  avg= 0.2s/seq  elapsed=  0.2m  eta=  0.2m
[run] flowcast  k=5/10 seq=11/12 (59/120)  t0=7960   rollout=  0.2s  avg= 0.2s/seq  elapsed=  0.2m  eta=  0.2m
[run] flowcast  k=5/10 seq=12/12 (60/120)  t0=8757   rollout=  0.2s  avg= 0.2s/seq  elapsed=  0.2m  eta=  0.2m
[run] flowcast  k=6/10 seq=1/12 (61/120)  t0=0      rollout=  0.2s  avg= 0.2s/seq  elapsed=  0.2m  eta=  0.2m
[run] flowcast  k=6/10 seq=2/12 (62/120)  t0=796    rollout=  0.2s  avg= 0.2s/seq  elapsed=  0.2m  eta=  0.2m
[run] flowcast  k=6/10 seq=3/12 (63/120)  t0=1592   rollout=  0.2s  avg= 0.2s/seq  elapsed=  0.2m  eta=  0.2m
[run] flowcast  k=6/10 seq=4/12 (64/120)  t0=2388   rollout=  0.2s  avg= 0.2s/seq  elapsed=  0.2m  eta=  0.2m
[run] flowcast  k=6/10 seq=5/12 (65/120)  t0=3184   rollout=  0.2s  avg= 0.2s/seq  elapsed=  0.2m  eta=  0.2m
[run] flowcast  k=6/10 seq=6/12 (66/120)  t0=3980   rollout=  0.2s  avg= 0.2s/seq  elapsed=  0.3m  eta=  0.2m
[run] flowcast  k=6/10 seq=7/12 (67/120)  t0=4776   rollout=  0.2s  avg= 0.2s/seq  elapsed=  0.3m  eta=  0.2m
[run] flowcast  k=6/10 seq=8/12 (68/120)  t0=5572   rollout=  0.2s  avg= 0.2s/seq  elapsed=  0.3m  eta=  0.2m
[run] flowcast  k=6/10 seq=9/12 (69/120)  t0=6368   rollout=  0.2s  avg= 0.2s/seq  elapsed=  0.3m  eta=  0.2m
[run] flowcast  k=6/10 seq=10/12 (70/120)  t0=7164   rollout=  0.2s  avg= 0.2s/seq  elapsed=  0.3m  eta=  0.2m
[run] flowcast  k=6/10 seq=11/12 (71/120)  t0=7960   rollout=  0.2s  avg= 0.2s/seq  elapsed=  0.3m  eta=  0.2m
[run] flowcast  k=6/10 seq=12/12 (72/120)  t0=8757   rollout=  0.2s  avg= 0.2s/seq  elapsed=  0.3m  eta=  0.2m
[run] flowcast  k=7/10 seq=1/12 (73/120)  t0=0      rollout=  0.2s  avg= 0.2s/seq  elapsed=  0.3m  eta=  0.2m
[run] flowcast  k=7/10 seq=2/12 (74/120)  t0=796    rollout=  0.2s  avg= 0.2s/seq  elapsed=  0.3m  eta=  0.2m
[run] flowcast  k=7/10 seq=3/12 (75/120)  t0=1592   rollout=  0.2s  avg= 0.2s/seq  elapsed=  0.3m  eta=  0.2m
[run] flowcast  k=7/10 seq=4/12 (76/120)  t0=2388   rollout=  0.2s  avg= 0.2s/seq  elapsed=  0.3m  eta=  0.2m
[run] flowcast  k=7/10 seq=5/12 (77/120)  t0=3184   rollout=  0.2s  avg= 0.2s/seq  elapsed=  0.3m  eta=  0.2m
[run] flowcast  k=7/10 seq=6/12 (78/120)  t0=3980   rollout=  0.2s  avg= 0.2s/seq  elapsed=  0.3m  eta=  0.2m
[run] flowcast  k=7/10 seq=7/12 (79/120)  t0=4776   rollout=  0.2s  avg= 0.2s/seq  elapsed=  0.3m  eta=  0.2m
[run] flowcast  k=7/10 seq=8/12 (80/120)  t0=5572   rollout=  0.2s  avg= 0.2s/seq  elapsed=  0.3m  eta=  0.2m
[run] flowcast  k=7/10 seq=9/12 (81/120)  t0=6368   rollout=  0.2s  avg= 0.2s/seq  elapsed=  0.3m  eta=  0.1m
[run] flowcast  k=7/10 seq=10/12 (82/120)  t0=7164   rollout=  0.2s  avg= 0.2s/seq  elapsed=  0.3m  eta=  0.1m
[run] flowcast  k=7/10 seq=11/12 (83/120)  t0=7960   rollout=  0.2s  avg= 0.2s/seq  elapsed=  0.3m  eta=  0.1m
[run] flowcast  k=7/10 seq=12/12 (84/120)  t0=8757   rollout=  0.2s  avg= 0.2s/seq  elapsed=  0.3m  eta=  0.1m
[run] flowcast  k=8/10 seq=1/12 (85/120)  t0=0      rollout=  0.2s  avg= 0.2s/seq  elapsed=  0.3m  eta=  0.1m
[run] flowcast  k=8/10 seq=2/12 (86/120)  t0=796    rollout=  0.2s  avg= 0.2s/seq  elapsed=  0.3m  eta=  0.1m
[run] flowcast  k=8/10 seq=3/12 (87/120)  t0=1592   rollout=  0.2s  avg= 0.2s/seq  elapsed=  0.3m  eta=  0.1m
[run] flowcast  k=8/10 seq=4/12 (88/120)  t0=2388   rollout=  0.2s  avg= 0.2s/seq  elapsed=  0.3m  eta=  0.1m
[run] flowcast  k=8/10 seq=5/12 (89/120)  t0=3184   rollout=  0.2s  avg= 0.2s/seq  elapsed=  0.3m  eta=  0.1m
[run] flowcast  k=8/10 seq=6/12 (90/120)  t0=3980   rollout=  0.2s  avg= 0.2s/seq  elapsed=  0.3m  eta=  0.1m
[run] flowcast  k=8/10 seq=7/12 (91/120)  t0=4776   rollout=  0.2s  avg= 0.2s/seq  elapsed=  0.3m  eta=  0.1m
[run] flowcast  k=8/10 seq=8/12 (92/120)  t0=5572   rollout=  0.2s  avg= 0.2s/seq  elapsed=  0.4m  eta=  0.1m
[run] flowcast  k=8/10 seq=9/12 (93/120)  t0=6368   rollout=  0.2s  avg= 0.2s/seq  elapsed=  0.4m  eta=  0.1m
[run] flowcast  k=8/10 seq=10/12 (94/120)  t0=7164   rollout=  0.2s  avg= 0.2s/seq  elapsed=  0.4m  eta=  0.1m
[run] flowcast  k=8/10 seq=11/12 (95/120)  t0=7960   rollout=  0.2s  avg= 0.2s/seq  elapsed=  0.4m  eta=  0.1m
[run] flowcast  k=8/10 seq=12/12 (96/120)  t0=8757   rollout=  0.2s  avg= 0.2s/seq  elapsed=  0.4m  eta=  0.1m
[run] flowcast  k=9/10 seq=1/12 (97/120)  t0=0      rollout=  0.2s  avg= 0.2s/seq  elapsed=  0.4m  eta=  0.1m
[run] flowcast  k=9/10 seq=2/12 (98/120)  t0=796    rollout=  0.2s  avg= 0.2s/seq  elapsed=  0.4m  eta=  0.1m
[run] flowcast  k=9/10 seq=3/12 (99/120)  t0=1592   rollout=  0.2s  avg= 0.2s/seq  elapsed=  0.4m  eta=  0.1m
[run] flowcast  k=9/10 seq=4/12 (100/120)  t0=2388   rollout=  0.2s  avg= 0.2s/seq  elapsed=  0.4m  eta=  0.1m
[run] flowcast  k=9/10 seq=5/12 (101/120)  t0=3184   rollout=  0.2s  avg= 0.2s/seq  elapsed=  0.4m  eta=  0.1m
[run] flowcast  k=9/10 seq=6/12 (102/120)  t0=3980   rollout=  0.2s  avg= 0.2s/seq  elapsed=  0.4m  eta=  0.1m
[run] flowcast  k=9/10 seq=7/12 (103/120)  t0=4776   rollout=  0.2s  avg= 0.2s/seq  elapsed=  0.4m  eta=  0.1m
[run] flowcast  k=9/10 seq=8/12 (104/120)  t0=5572   rollout=  0.2s  avg= 0.2s/seq  elapsed=  0.4m  eta=  0.1m
[run] flowcast  k=9/10 seq=9/12 (105/120)  t0=6368   rollout=  0.2s  avg= 0.2s/seq  elapsed=  0.4m  eta=  0.1m
[run] flowcast  k=9/10 seq=10/12 (106/120)  t0=7164   rollout=  0.2s  avg= 0.2s/seq  elapsed=  0.4m  eta=  0.1m
[run] flowcast  k=9/10 seq=11/12 (107/120)  t0=7960   rollout=  0.2s  avg= 0.2s/seq  elapsed=  0.4m  eta=  0.0m
[run] flowcast  k=9/10 seq=12/12 (108/120)  t0=8757   rollout=  0.2s  avg= 0.2s/seq  elapsed=  0.4m  eta=  0.0m
[run] flowcast  k=10/10 seq=1/12 (109/120)  t0=0      rollout=  0.2s  avg= 0.2s/seq  elapsed=  0.4m  eta=  0.0m
[run] flowcast  k=10/10 seq=2/12 (110/120)  t0=796    rollout=  0.2s  avg= 0.2s/seq  elapsed=  0.4m  eta=  0.0m
[run] flowcast  k=10/10 seq=3/12 (111/120)  t0=1592   rollout=  0.2s  avg= 0.2s/seq  elapsed=  0.4m  eta=  0.0m
[run] flowcast  k=10/10 seq=4/12 (112/120)  t0=2388   rollout=  0.2s  avg= 0.2s/seq  elapsed=  0.4m  eta=  0.0m
[run] flowcast  k=10/10 seq=5/12 (113/120)  t0=3184   rollout=  0.2s  avg= 0.2s/seq  elapsed=  0.4m  eta=  0.0m
[run] flowcast  k=10/10 seq=6/12 (114/120)  t0=3980   rollout=  0.2s  avg= 0.2s/seq  elapsed=  0.4m  eta=  0.0m
[run] flowcast  k=10/10 seq=7/12 (115/120)  t0=4776   rollout=  0.2s  avg= 0.2s/seq  elapsed=  0.4m  eta=  0.0m
[run] flowcast  k=10/10 seq=8/12 (116/120)  t0=5572   rollout=  0.2s  avg= 0.2s/seq  elapsed=  0.4m  eta=  0.0m
[run] flowcast  k=10/10 seq=9/12 (117/120)  t0=6368   rollout=  0.2s  avg= 0.2s/seq  elapsed=  0.5m  eta=  0.0m
[run] flowcast  k=10/10 seq=10/12 (118/120)  t0=7164   rollout=  0.2s  avg= 0.2s/seq  elapsed=  0.5m  eta=  0.0m
[run] flowcast  k=10/10 seq=11/12 (119/120)  t0=7960   rollout=  0.2s  avg= 0.2s/seq  elapsed=  0.5m  eta=  0.0m
[run] flowcast  k=10/10 seq=12/12 (120/120)  t0=8757   rollout=  0.2s  avg= 0.2s/seq  elapsed=  0.5m  eta=  0.0m
[run] flowcast ensemble finished in 0.5m
[2026-06-12 11:25:31] [nfe_sweep] NFE=  3  t/seq= 0.23s  CRPS-qpepre=0.1438  CSI-M=0.2519  RMSE-qpepre=0.5649  NFE-elapsed=0.5m
| method | Time/Seq.(s) | CRPS↓ | CSI-M↑ | CSI-P16↑ | FSS-P16-M↑ | HSS-M↑ | FAR-M↓ | RMSE_u10↓ | RMSE_v10↓ | RMSE_t2m↓ | RMSE_qpepre↓ |
|---|---|---|---|---|---|---|---|---|---|---|---|
| flowcast | 0.228 | 0.3359 | 0.2519 | 0.0476 | 0.0775 | 0.3333 | 0.1108 | 0.8482 | 0.8531 | 0.4217 | 0.5649 |

================================================================
[2026-06-12 11:25:31] NFE = 4   (4/15)
================================================================
[run] flowcast ensemble starting: K=10 x S=12 x T=1 = 120 sequence-rollouts
[run] flowcast  k=1/10 seq=1/12 (1/120)  t0=0      rollout=  0.3s  avg= 0.3s/seq  elapsed=  0.0m  eta=  0.5m
[run] flowcast  k=1/10 seq=2/12 (2/120)  t0=796    rollout=  0.3s  avg= 0.3s/seq  elapsed=  0.0m  eta=  0.5m
[run] flowcast  k=1/10 seq=3/12 (3/120)  t0=1592   rollout=  0.3s  avg= 0.3s/seq  elapsed=  0.0m  eta=  0.5m
[run] flowcast  k=1/10 seq=4/12 (4/120)  t0=2388   rollout=  0.3s  avg= 0.3s/seq  elapsed=  0.0m  eta=  0.5m
[run] flowcast  k=1/10 seq=5/12 (5/120)  t0=3184   rollout=  0.3s  avg= 0.3s/seq  elapsed=  0.0m  eta=  0.5m
[run] flowcast  k=1/10 seq=6/12 (6/120)  t0=3980   rollout=  0.3s  avg= 0.3s/seq  elapsed=  0.0m  eta=  0.5m
[run] flowcast  k=1/10 seq=7/12 (7/120)  t0=4776   rollout=  0.3s  avg= 0.3s/seq  elapsed=  0.0m  eta=  0.5m
[run] flowcast  k=1/10 seq=8/12 (8/120)  t0=5572   rollout=  0.3s  avg= 0.3s/seq  elapsed=  0.0m  eta=  0.5m
[run] flowcast  k=1/10 seq=9/12 (9/120)  t0=6368   rollout=  0.3s  avg= 0.3s/seq  elapsed=  0.0m  eta=  0.5m
[run] flowcast  k=1/10 seq=10/12 (10/120)  t0=7164   rollout=  0.3s  avg= 0.3s/seq  elapsed=  0.0m  eta=  0.5m
[run] flowcast  k=1/10 seq=11/12 (11/120)  t0=7960   rollout=  0.3s  avg= 0.3s/seq  elapsed=  0.0m  eta=  0.5m
[run] flowcast  k=1/10 seq=12/12 (12/120)  t0=8757   rollout=  0.3s  avg= 0.3s/seq  elapsed=  0.1m  eta=  0.5m
[run] flowcast  k=2/10 seq=1/12 (13/120)  t0=0      rollout=  0.3s  avg= 0.3s/seq  elapsed=  0.1m  eta=  0.5m
[run] flowcast  k=2/10 seq=2/12 (14/120)  t0=796    rollout=  0.3s  avg= 0.3s/seq  elapsed=  0.1m  eta=  0.5m
[run] flowcast  k=2/10 seq=3/12 (15/120)  t0=1592   rollout=  0.3s  avg= 0.3s/seq  elapsed=  0.1m  eta=  0.5m
[run] flowcast  k=2/10 seq=4/12 (16/120)  t0=2388   rollout=  0.3s  avg= 0.3s/seq  elapsed=  0.1m  eta=  0.5m
[run] flowcast  k=2/10 seq=5/12 (17/120)  t0=3184   rollout=  0.3s  avg= 0.3s/seq  elapsed=  0.1m  eta=  0.5m
[run] flowcast  k=2/10 seq=6/12 (18/120)  t0=3980   rollout=  0.3s  avg= 0.3s/seq  elapsed=  0.1m  eta=  0.5m
[run] flowcast  k=2/10 seq=7/12 (19/120)  t0=4776   rollout=  0.3s  avg= 0.3s/seq  elapsed=  0.1m  eta=  0.5m
[run] flowcast  k=2/10 seq=8/12 (20/120)  t0=5572   rollout=  0.3s  avg= 0.3s/seq  elapsed=  0.1m  eta=  0.4m
[run] flowcast  k=2/10 seq=9/12 (21/120)  t0=6368   rollout=  0.3s  avg= 0.3s/seq  elapsed=  0.1m  eta=  0.4m
[run] flowcast  k=2/10 seq=10/12 (22/120)  t0=7164   rollout=  0.3s  avg= 0.3s/seq  elapsed=  0.1m  eta=  0.4m
[run] flowcast  k=2/10 seq=11/12 (23/120)  t0=7960   rollout=  0.3s  avg= 0.3s/seq  elapsed=  0.1m  eta=  0.4m
[run] flowcast  k=2/10 seq=12/12 (24/120)  t0=8757   rollout=  0.3s  avg= 0.3s/seq  elapsed=  0.1m  eta=  0.4m
[run] flowcast  k=3/10 seq=1/12 (25/120)  t0=0      rollout=  0.3s  avg= 0.3s/seq  elapsed=  0.1m  eta=  0.4m
[run] flowcast  k=3/10 seq=2/12 (26/120)  t0=796    rollout=  0.3s  avg= 0.3s/seq  elapsed=  0.1m  eta=  0.4m
[run] flowcast  k=3/10 seq=3/12 (27/120)  t0=1592   rollout=  0.3s  avg= 0.3s/seq  elapsed=  0.1m  eta=  0.4m
[run] flowcast  k=3/10 seq=4/12 (28/120)  t0=2388   rollout=  0.3s  avg= 0.3s/seq  elapsed=  0.1m  eta=  0.4m
[run] flowcast  k=3/10 seq=5/12 (29/120)  t0=3184   rollout=  0.3s  avg= 0.3s/seq  elapsed=  0.1m  eta=  0.4m
[run] flowcast  k=3/10 seq=6/12 (30/120)  t0=3980   rollout=  0.3s  avg= 0.3s/seq  elapsed=  0.1m  eta=  0.4m
[run] flowcast  k=3/10 seq=7/12 (31/120)  t0=4776   rollout=  0.3s  avg= 0.3s/seq  elapsed=  0.1m  eta=  0.4m
[run] flowcast  k=3/10 seq=8/12 (32/120)  t0=5572   rollout=  0.3s  avg= 0.3s/seq  elapsed=  0.1m  eta=  0.4m
[run] flowcast  k=3/10 seq=9/12 (33/120)  t0=6368   rollout=  0.3s  avg= 0.3s/seq  elapsed=  0.1m  eta=  0.4m
[run] flowcast  k=3/10 seq=10/12 (34/120)  t0=7164   rollout=  0.3s  avg= 0.3s/seq  elapsed=  0.2m  eta=  0.4m
[run] flowcast  k=3/10 seq=11/12 (35/120)  t0=7960   rollout=  0.3s  avg= 0.3s/seq  elapsed=  0.2m  eta=  0.4m
[run] flowcast  k=3/10 seq=12/12 (36/120)  t0=8757   rollout=  0.3s  avg= 0.3s/seq  elapsed=  0.2m  eta=  0.4m
[run] flowcast  k=4/10 seq=1/12 (37/120)  t0=0      rollout=  0.3s  avg= 0.3s/seq  elapsed=  0.2m  eta=  0.4m
[run] flowcast  k=4/10 seq=2/12 (38/120)  t0=796    rollout=  0.3s  avg= 0.3s/seq  elapsed=  0.2m  eta=  0.4m
[run] flowcast  k=4/10 seq=3/12 (39/120)  t0=1592   rollout=  0.3s  avg= 0.3s/seq  elapsed=  0.2m  eta=  0.4m
[run] flowcast  k=4/10 seq=4/12 (40/120)  t0=2388   rollout=  0.3s  avg= 0.3s/seq  elapsed=  0.2m  eta=  0.4m
[run] flowcast  k=4/10 seq=5/12 (41/120)  t0=3184   rollout=  0.3s  avg= 0.3s/seq  elapsed=  0.2m  eta=  0.4m
[run] flowcast  k=4/10 seq=6/12 (42/120)  t0=3980   rollout=  0.3s  avg= 0.3s/seq  elapsed=  0.2m  eta=  0.4m
[run] flowcast  k=4/10 seq=7/12 (43/120)  t0=4776   rollout=  0.3s  avg= 0.3s/seq  elapsed=  0.2m  eta=  0.3m
[run] flowcast  k=4/10 seq=8/12 (44/120)  t0=5572   rollout=  0.3s  avg= 0.3s/seq  elapsed=  0.2m  eta=  0.3m
[run] flowcast  k=4/10 seq=9/12 (45/120)  t0=6368   rollout=  0.3s  avg= 0.3s/seq  elapsed=  0.2m  eta=  0.3m
[run] flowcast  k=4/10 seq=10/12 (46/120)  t0=7164   rollout=  0.3s  avg= 0.3s/seq  elapsed=  0.2m  eta=  0.3m
[run] flowcast  k=4/10 seq=11/12 (47/120)  t0=7960   rollout=  0.3s  avg= 0.3s/seq  elapsed=  0.2m  eta=  0.3m
[run] flowcast  k=4/10 seq=12/12 (48/120)  t0=8757   rollout=  0.3s  avg= 0.3s/seq  elapsed=  0.2m  eta=  0.3m
[run] flowcast  k=5/10 seq=1/12 (49/120)  t0=0      rollout=  0.3s  avg= 0.3s/seq  elapsed=  0.2m  eta=  0.3m
[run] flowcast  k=5/10 seq=2/12 (50/120)  t0=796    rollout=  0.3s  avg= 0.3s/seq  elapsed=  0.2m  eta=  0.3m
[run] flowcast  k=5/10 seq=3/12 (51/120)  t0=1592   rollout=  0.3s  avg= 0.3s/seq  elapsed=  0.2m  eta=  0.3m
[run] flowcast  k=5/10 seq=4/12 (52/120)  t0=2388   rollout=  0.3s  avg= 0.3s/seq  elapsed=  0.2m  eta=  0.3m
[run] flowcast  k=5/10 seq=5/12 (53/120)  t0=3184   rollout=  0.3s  avg= 0.3s/seq  elapsed=  0.2m  eta=  0.3m
[run] flowcast  k=5/10 seq=6/12 (54/120)  t0=3980   rollout=  0.3s  avg= 0.3s/seq  elapsed=  0.2m  eta=  0.3m
[run] flowcast  k=5/10 seq=7/12 (55/120)  t0=4776   rollout=  0.3s  avg= 0.3s/seq  elapsed=  0.2m  eta=  0.3m
[run] flowcast  k=5/10 seq=8/12 (56/120)  t0=5572   rollout=  0.3s  avg= 0.3s/seq  elapsed=  0.3m  eta=  0.3m
[run] flowcast  k=5/10 seq=9/12 (57/120)  t0=6368   rollout=  0.3s  avg= 0.3s/seq  elapsed=  0.3m  eta=  0.3m
[run] flowcast  k=5/10 seq=10/12 (58/120)  t0=7164   rollout=  0.3s  avg= 0.3s/seq  elapsed=  0.3m  eta=  0.3m
[run] flowcast  k=5/10 seq=11/12 (59/120)  t0=7960   rollout=  0.3s  avg= 0.3s/seq  elapsed=  0.3m  eta=  0.3m
[run] flowcast  k=5/10 seq=12/12 (60/120)  t0=8757   rollout=  0.3s  avg= 0.3s/seq  elapsed=  0.3m  eta=  0.3m
[run] flowcast  k=6/10 seq=1/12 (61/120)  t0=0      rollout=  0.3s  avg= 0.3s/seq  elapsed=  0.3m  eta=  0.3m
[run] flowcast  k=6/10 seq=2/12 (62/120)  t0=796    rollout=  0.3s  avg= 0.3s/seq  elapsed=  0.3m  eta=  0.3m
[run] flowcast  k=6/10 seq=3/12 (63/120)  t0=1592   rollout=  0.3s  avg= 0.3s/seq  elapsed=  0.3m  eta=  0.3m
[run] flowcast  k=6/10 seq=4/12 (64/120)  t0=2388   rollout=  0.3s  avg= 0.3s/seq  elapsed=  0.3m  eta=  0.3m
[run] flowcast  k=6/10 seq=5/12 (65/120)  t0=3184   rollout=  0.3s  avg= 0.3s/seq  elapsed=  0.3m  eta=  0.3m
[run] flowcast  k=6/10 seq=6/12 (66/120)  t0=3980   rollout=  0.3s  avg= 0.3s/seq  elapsed=  0.3m  eta=  0.2m
[run] flowcast  k=6/10 seq=7/12 (67/120)  t0=4776   rollout=  0.3s  avg= 0.3s/seq  elapsed=  0.3m  eta=  0.2m
[run] flowcast  k=6/10 seq=8/12 (68/120)  t0=5572   rollout=  0.3s  avg= 0.3s/seq  elapsed=  0.3m  eta=  0.2m
[run] flowcast  k=6/10 seq=9/12 (69/120)  t0=6368   rollout=  0.3s  avg= 0.3s/seq  elapsed=  0.3m  eta=  0.2m
[run] flowcast  k=6/10 seq=10/12 (70/120)  t0=7164   rollout=  0.3s  avg= 0.3s/seq  elapsed=  0.3m  eta=  0.2m
[run] flowcast  k=6/10 seq=11/12 (71/120)  t0=7960   rollout=  0.3s  avg= 0.3s/seq  elapsed=  0.3m  eta=  0.2m
[run] flowcast  k=6/10 seq=12/12 (72/120)  t0=8757   rollout=  0.3s  avg= 0.3s/seq  elapsed=  0.3m  eta=  0.2m
[run] flowcast  k=7/10 seq=1/12 (73/120)  t0=0      rollout=  0.3s  avg= 0.3s/seq  elapsed=  0.3m  eta=  0.2m
[run] flowcast  k=7/10 seq=2/12 (74/120)  t0=796    rollout=  0.3s  avg= 0.3s/seq  elapsed=  0.3m  eta=  0.2m
[run] flowcast  k=7/10 seq=3/12 (75/120)  t0=1592   rollout=  0.3s  avg= 0.3s/seq  elapsed=  0.3m  eta=  0.2m
[run] flowcast  k=7/10 seq=4/12 (76/120)  t0=2388   rollout=  0.3s  avg= 0.3s/seq  elapsed=  0.3m  eta=  0.2m
[run] flowcast  k=7/10 seq=5/12 (77/120)  t0=3184   rollout=  0.3s  avg= 0.3s/seq  elapsed=  0.4m  eta=  0.2m
[run] flowcast  k=7/10 seq=6/12 (78/120)  t0=3980   rollout=  0.3s  avg= 0.3s/seq  elapsed=  0.4m  eta=  0.2m
[run] flowcast  k=7/10 seq=7/12 (79/120)  t0=4776   rollout=  0.3s  avg= 0.3s/seq  elapsed=  0.4m  eta=  0.2m
[run] flowcast  k=7/10 seq=8/12 (80/120)  t0=5572   rollout=  0.3s  avg= 0.3s/seq  elapsed=  0.4m  eta=  0.2m
[run] flowcast  k=7/10 seq=9/12 (81/120)  t0=6368   rollout=  0.3s  avg= 0.3s/seq  elapsed=  0.4m  eta=  0.2m
[run] flowcast  k=7/10 seq=10/12 (82/120)  t0=7164   rollout=  0.3s  avg= 0.3s/seq  elapsed=  0.4m  eta=  0.2m
[run] flowcast  k=7/10 seq=11/12 (83/120)  t0=7960   rollout=  0.3s  avg= 0.3s/seq  elapsed=  0.4m  eta=  0.2m
[run] flowcast  k=7/10 seq=12/12 (84/120)  t0=8757   rollout=  0.3s  avg= 0.3s/seq  elapsed=  0.4m  eta=  0.2m
[run] flowcast  k=8/10 seq=1/12 (85/120)  t0=0      rollout=  0.3s  avg= 0.3s/seq  elapsed=  0.4m  eta=  0.2m
[run] flowcast  k=8/10 seq=2/12 (86/120)  t0=796    rollout=  0.3s  avg= 0.3s/seq  elapsed=  0.4m  eta=  0.2m
[run] flowcast  k=8/10 seq=3/12 (87/120)  t0=1592   rollout=  0.3s  avg= 0.3s/seq  elapsed=  0.4m  eta=  0.1m
[run] flowcast  k=8/10 seq=4/12 (88/120)  t0=2388   rollout=  0.3s  avg= 0.3s/seq  elapsed=  0.4m  eta=  0.1m
[run] flowcast  k=8/10 seq=5/12 (89/120)  t0=3184   rollout=  0.3s  avg= 0.3s/seq  elapsed=  0.4m  eta=  0.1m
[run] flowcast  k=8/10 seq=6/12 (90/120)  t0=3980   rollout=  0.3s  avg= 0.3s/seq  elapsed=  0.4m  eta=  0.1m
[run] flowcast  k=8/10 seq=7/12 (91/120)  t0=4776   rollout=  0.3s  avg= 0.3s/seq  elapsed=  0.4m  eta=  0.1m
[run] flowcast  k=8/10 seq=8/12 (92/120)  t0=5572   rollout=  0.3s  avg= 0.3s/seq  elapsed=  0.4m  eta=  0.1m
[run] flowcast  k=8/10 seq=9/12 (93/120)  t0=6368   rollout=  0.3s  avg= 0.3s/seq  elapsed=  0.4m  eta=  0.1m
[run] flowcast  k=8/10 seq=10/12 (94/120)  t0=7164   rollout=  0.3s  avg= 0.3s/seq  elapsed=  0.4m  eta=  0.1m
[run] flowcast  k=8/10 seq=11/12 (95/120)  t0=7960   rollout=  0.3s  avg= 0.3s/seq  elapsed=  0.4m  eta=  0.1m
[run] flowcast  k=8/10 seq=12/12 (96/120)  t0=8757   rollout=  0.3s  avg= 0.3s/seq  elapsed=  0.4m  eta=  0.1m
[run] flowcast  k=9/10 seq=1/12 (97/120)  t0=0      rollout=  0.3s  avg= 0.3s/seq  elapsed=  0.4m  eta=  0.1m
[run] flowcast  k=9/10 seq=2/12 (98/120)  t0=796    rollout=  0.3s  avg= 0.3s/seq  elapsed=  0.4m  eta=  0.1m
[run] flowcast  k=9/10 seq=3/12 (99/120)  t0=1592   rollout=  0.3s  avg= 0.3s/seq  elapsed=  0.4m  eta=  0.1m
[run] flowcast  k=9/10 seq=4/12 (100/120)  t0=2388   rollout=  0.3s  avg= 0.3s/seq  elapsed=  0.5m  eta=  0.1m
[run] flowcast  k=9/10 seq=5/12 (101/120)  t0=3184   rollout=  0.3s  avg= 0.3s/seq  elapsed=  0.5m  eta=  0.1m
[run] flowcast  k=9/10 seq=6/12 (102/120)  t0=3980   rollout=  0.3s  avg= 0.3s/seq  elapsed=  0.5m  eta=  0.1m
[run] flowcast  k=9/10 seq=7/12 (103/120)  t0=4776   rollout=  0.3s  avg= 0.3s/seq  elapsed=  0.5m  eta=  0.1m
[run] flowcast  k=9/10 seq=8/12 (104/120)  t0=5572   rollout=  0.3s  avg= 0.3s/seq  elapsed=  0.5m  eta=  0.1m
[run] flowcast  k=9/10 seq=9/12 (105/120)  t0=6368   rollout=  0.3s  avg= 0.3s/seq  elapsed=  0.5m  eta=  0.1m
[run] flowcast  k=9/10 seq=10/12 (106/120)  t0=7164   rollout=  0.3s  avg= 0.3s/seq  elapsed=  0.5m  eta=  0.1m
[run] flowcast  k=9/10 seq=11/12 (107/120)  t0=7960   rollout=  0.3s  avg= 0.3s/seq  elapsed=  0.5m  eta=  0.1m
[run] flowcast  k=9/10 seq=12/12 (108/120)  t0=8757   rollout=  0.3s  avg= 0.3s/seq  elapsed=  0.5m  eta=  0.1m
[run] flowcast  k=10/10 seq=1/12 (109/120)  t0=0      rollout=  0.3s  avg= 0.3s/seq  elapsed=  0.5m  eta=  0.0m
[run] flowcast  k=10/10 seq=2/12 (110/120)  t0=796    rollout=  0.3s  avg= 0.3s/seq  elapsed=  0.5m  eta=  0.0m
[run] flowcast  k=10/10 seq=3/12 (111/120)  t0=1592   rollout=  0.3s  avg= 0.3s/seq  elapsed=  0.5m  eta=  0.0m
[run] flowcast  k=10/10 seq=4/12 (112/120)  t0=2388   rollout=  0.3s  avg= 0.3s/seq  elapsed=  0.5m  eta=  0.0m
[run] flowcast  k=10/10 seq=5/12 (113/120)  t0=3184   rollout=  0.3s  avg= 0.3s/seq  elapsed=  0.5m  eta=  0.0m
[run] flowcast  k=10/10 seq=6/12 (114/120)  t0=3980   rollout=  0.3s  avg= 0.3s/seq  elapsed=  0.5m  eta=  0.0m
[run] flowcast  k=10/10 seq=7/12 (115/120)  t0=4776   rollout=  0.3s  avg= 0.3s/seq  elapsed=  0.5m  eta=  0.0m
[run] flowcast  k=10/10 seq=8/12 (116/120)  t0=5572   rollout=  0.3s  avg= 0.3s/seq  elapsed=  0.5m  eta=  0.0m
[run] flowcast  k=10/10 seq=9/12 (117/120)  t0=6368   rollout=  0.3s  avg= 0.3s/seq  elapsed=  0.5m  eta=  0.0m
[run] flowcast  k=10/10 seq=10/12 (118/120)  t0=7164   rollout=  0.3s  avg= 0.3s/seq  elapsed=  0.5m  eta=  0.0m
[run] flowcast  k=10/10 seq=11/12 (119/120)  t0=7960   rollout=  0.3s  avg= 0.3s/seq  elapsed=  0.5m  eta=  0.0m
[run] flowcast  k=10/10 seq=12/12 (120/120)  t0=8757   rollout=  0.3s  avg= 0.3s/seq  elapsed=  0.5m  eta=  0.0m
[run] flowcast ensemble finished in 0.5m
[2026-06-12 11:26:04] [nfe_sweep] NFE=  4  t/seq= 0.27s  CRPS-qpepre=0.1412  CSI-M=0.2507  RMSE-qpepre=0.5657  NFE-elapsed=0.5m
| method | Time/Seq.(s) | CRPS↓ | CSI-M↑ | CSI-P16↑ | FSS-P16-M↑ | HSS-M↑ | FAR-M↓ | RMSE_u10↓ | RMSE_v10↓ | RMSE_t2m↓ | RMSE_qpepre↓ |
|---|---|---|---|---|---|---|---|---|---|---|---|
| flowcast | 0.269 | 0.3278 | 0.2507 | 0.0476 | 0.0775 | 0.3319 | 0.1179 | 0.8494 | 0.8570 | 0.4265 | 0.5657 |

================================================================
[2026-06-12 11:26:04] NFE = 5   (5/15)
================================================================
[run] flowcast ensemble starting: K=10 x S=12 x T=1 = 120 sequence-rollouts
[run] flowcast  k=1/10 seq=1/12 (1/120)  t0=0      rollout=  0.3s  avg= 0.3s/seq  elapsed=  0.0m  eta=  0.6m
[run] flowcast  k=1/10 seq=2/12 (2/120)  t0=796    rollout=  0.3s  avg= 0.3s/seq  elapsed=  0.0m  eta=  0.6m
[run] flowcast  k=1/10 seq=3/12 (3/120)  t0=1592   rollout=  0.3s  avg= 0.3s/seq  elapsed=  0.0m  eta=  0.6m
[run] flowcast  k=1/10 seq=4/12 (4/120)  t0=2388   rollout=  0.3s  avg= 0.3s/seq  elapsed=  0.0m  eta=  0.6m
[run] flowcast  k=1/10 seq=5/12 (5/120)  t0=3184   rollout=  0.3s  avg= 0.3s/seq  elapsed=  0.0m  eta=  0.6m
[run] flowcast  k=1/10 seq=6/12 (6/120)  t0=3980   rollout=  0.3s  avg= 0.3s/seq  elapsed=  0.0m  eta=  0.6m
[run] flowcast  k=1/10 seq=7/12 (7/120)  t0=4776   rollout=  0.3s  avg= 0.3s/seq  elapsed=  0.0m  eta=  0.6m
[run] flowcast  k=1/10 seq=8/12 (8/120)  t0=5572   rollout=  0.3s  avg= 0.3s/seq  elapsed=  0.0m  eta=  0.6m
[run] flowcast  k=1/10 seq=9/12 (9/120)  t0=6368   rollout=  0.3s  avg= 0.3s/seq  elapsed=  0.0m  eta=  0.6m
[run] flowcast  k=1/10 seq=10/12 (10/120)  t0=7164   rollout=  0.3s  avg= 0.3s/seq  elapsed=  0.1m  eta=  0.6m
[run] flowcast  k=1/10 seq=11/12 (11/120)  t0=7960   rollout=  0.3s  avg= 0.3s/seq  elapsed=  0.1m  eta=  0.6m
[run] flowcast  k=1/10 seq=12/12 (12/120)  t0=8757   rollout=  0.3s  avg= 0.3s/seq  elapsed=  0.1m  eta=  0.6m
[run] flowcast  k=2/10 seq=1/12 (13/120)  t0=0      rollout=  0.3s  avg= 0.3s/seq  elapsed=  0.1m  eta=  0.6m
[run] flowcast  k=2/10 seq=2/12 (14/120)  t0=796    rollout=  0.3s  avg= 0.3s/seq  elapsed=  0.1m  eta=  0.6m
[run] flowcast  k=2/10 seq=3/12 (15/120)  t0=1592   rollout=  0.3s  avg= 0.3s/seq  elapsed=  0.1m  eta=  0.5m
[run] flowcast  k=2/10 seq=4/12 (16/120)  t0=2388   rollout=  0.3s  avg= 0.3s/seq  elapsed=  0.1m  eta=  0.5m
[run] flowcast  k=2/10 seq=5/12 (17/120)  t0=3184   rollout=  0.3s  avg= 0.3s/seq  elapsed=  0.1m  eta=  0.5m
[run] flowcast  k=2/10 seq=6/12 (18/120)  t0=3980   rollout=  0.3s  avg= 0.3s/seq  elapsed=  0.1m  eta=  0.5m
[run] flowcast  k=2/10 seq=7/12 (19/120)  t0=4776   rollout=  0.3s  avg= 0.3s/seq  elapsed=  0.1m  eta=  0.5m
[run] flowcast  k=2/10 seq=8/12 (20/120)  t0=5572   rollout=  0.3s  avg= 0.3s/seq  elapsed=  0.1m  eta=  0.5m
[run] flowcast  k=2/10 seq=9/12 (21/120)  t0=6368   rollout=  0.3s  avg= 0.3s/seq  elapsed=  0.1m  eta=  0.5m
[run] flowcast  k=2/10 seq=10/12 (22/120)  t0=7164   rollout=  0.3s  avg= 0.3s/seq  elapsed=  0.1m  eta=  0.5m
[run] flowcast  k=2/10 seq=11/12 (23/120)  t0=7960   rollout=  0.3s  avg= 0.3s/seq  elapsed=  0.1m  eta=  0.5m
[run] flowcast  k=2/10 seq=12/12 (24/120)  t0=8757   rollout=  0.3s  avg= 0.3s/seq  elapsed=  0.1m  eta=  0.5m
[run] flowcast  k=3/10 seq=1/12 (25/120)  t0=0      rollout=  0.3s  avg= 0.3s/seq  elapsed=  0.1m  eta=  0.5m
[run] flowcast  k=3/10 seq=2/12 (26/120)  t0=796    rollout=  0.3s  avg= 0.3s/seq  elapsed=  0.1m  eta=  0.5m
[run] flowcast  k=3/10 seq=3/12 (27/120)  t0=1592   rollout=  0.3s  avg= 0.3s/seq  elapsed=  0.1m  eta=  0.5m
[run] flowcast  k=3/10 seq=4/12 (28/120)  t0=2388   rollout=  0.3s  avg= 0.3s/seq  elapsed=  0.1m  eta=  0.5m
[run] flowcast  k=3/10 seq=5/12 (29/120)  t0=3184   rollout=  0.3s  avg= 0.3s/seq  elapsed=  0.2m  eta=  0.5m
[run] flowcast  k=3/10 seq=6/12 (30/120)  t0=3980   rollout=  0.3s  avg= 0.3s/seq  elapsed=  0.2m  eta=  0.5m
[run] flowcast  k=3/10 seq=7/12 (31/120)  t0=4776   rollout=  0.3s  avg= 0.3s/seq  elapsed=  0.2m  eta=  0.5m
[run] flowcast  k=3/10 seq=8/12 (32/120)  t0=5572   rollout=  0.3s  avg= 0.3s/seq  elapsed=  0.2m  eta=  0.5m
[run] flowcast  k=3/10 seq=9/12 (33/120)  t0=6368   rollout=  0.3s  avg= 0.3s/seq  elapsed=  0.2m  eta=  0.5m
[run] flowcast  k=3/10 seq=10/12 (34/120)  t0=7164   rollout=  0.3s  avg= 0.3s/seq  elapsed=  0.2m  eta=  0.4m
[run] flowcast  k=3/10 seq=11/12 (35/120)  t0=7960   rollout=  0.3s  avg= 0.3s/seq  elapsed=  0.2m  eta=  0.4m
[run] flowcast  k=3/10 seq=12/12 (36/120)  t0=8757   rollout=  0.3s  avg= 0.3s/seq  elapsed=  0.2m  eta=  0.4m
[run] flowcast  k=4/10 seq=1/12 (37/120)  t0=0      rollout=  0.3s  avg= 0.3s/seq  elapsed=  0.2m  eta=  0.4m
[run] flowcast  k=4/10 seq=2/12 (38/120)  t0=796    rollout=  0.3s  avg= 0.3s/seq  elapsed=  0.2m  eta=  0.4m
[run] flowcast  k=4/10 seq=3/12 (39/120)  t0=1592   rollout=  0.3s  avg= 0.3s/seq  elapsed=  0.2m  eta=  0.4m
[run] flowcast  k=4/10 seq=4/12 (40/120)  t0=2388   rollout=  0.3s  avg= 0.3s/seq  elapsed=  0.2m  eta=  0.4m
[run] flowcast  k=4/10 seq=5/12 (41/120)  t0=3184   rollout=  0.3s  avg= 0.3s/seq  elapsed=  0.2m  eta=  0.4m
[run] flowcast  k=4/10 seq=6/12 (42/120)  t0=3980   rollout=  0.3s  avg= 0.3s/seq  elapsed=  0.2m  eta=  0.4m
[run] flowcast  k=4/10 seq=7/12 (43/120)  t0=4776   rollout=  0.3s  avg= 0.3s/seq  elapsed=  0.2m  eta=  0.4m
[run] flowcast  k=4/10 seq=8/12 (44/120)  t0=5572   rollout=  0.3s  avg= 0.3s/seq  elapsed=  0.2m  eta=  0.4m
[run] flowcast  k=4/10 seq=9/12 (45/120)  t0=6368   rollout=  0.3s  avg= 0.3s/seq  elapsed=  0.2m  eta=  0.4m
[run] flowcast  k=4/10 seq=10/12 (46/120)  t0=7164   rollout=  0.3s  avg= 0.3s/seq  elapsed=  0.2m  eta=  0.4m
[run] flowcast  k=4/10 seq=11/12 (47/120)  t0=7960   rollout=  0.3s  avg= 0.3s/seq  elapsed=  0.2m  eta=  0.4m
[run] flowcast  k=4/10 seq=12/12 (48/120)  t0=8757   rollout=  0.3s  avg= 0.3s/seq  elapsed=  0.2m  eta=  0.4m
[run] flowcast  k=5/10 seq=1/12 (49/120)  t0=0      rollout=  0.3s  avg= 0.3s/seq  elapsed=  0.3m  eta=  0.4m
[run] flowcast  k=5/10 seq=2/12 (50/120)  t0=796    rollout=  0.3s  avg= 0.3s/seq  elapsed=  0.3m  eta=  0.4m
[run] flowcast  k=5/10 seq=3/12 (51/120)  t0=1592   rollout=  0.3s  avg= 0.3s/seq  elapsed=  0.3m  eta=  0.4m
[run] flowcast  k=5/10 seq=4/12 (52/120)  t0=2388   rollout=  0.3s  avg= 0.3s/seq  elapsed=  0.3m  eta=  0.4m
[run] flowcast  k=5/10 seq=5/12 (53/120)  t0=3184   rollout=  0.3s  avg= 0.3s/seq  elapsed=  0.3m  eta=  0.3m
[run] flowcast  k=5/10 seq=6/12 (54/120)  t0=3980   rollout=  0.3s  avg= 0.3s/seq  elapsed=  0.3m  eta=  0.3m
[run] flowcast  k=5/10 seq=7/12 (55/120)  t0=4776   rollout=  0.3s  avg= 0.3s/seq  elapsed=  0.3m  eta=  0.3m
[run] flowcast  k=5/10 seq=8/12 (56/120)  t0=5572   rollout=  0.3s  avg= 0.3s/seq  elapsed=  0.3m  eta=  0.3m
[run] flowcast  k=5/10 seq=9/12 (57/120)  t0=6368   rollout=  0.3s  avg= 0.3s/seq  elapsed=  0.3m  eta=  0.3m
[run] flowcast  k=5/10 seq=10/12 (58/120)  t0=7164   rollout=  0.3s  avg= 0.3s/seq  elapsed=  0.3m  eta=  0.3m
[run] flowcast  k=5/10 seq=11/12 (59/120)  t0=7960   rollout=  0.3s  avg= 0.3s/seq  elapsed=  0.3m  eta=  0.3m
[run] flowcast  k=5/10 seq=12/12 (60/120)  t0=8757   rollout=  0.3s  avg= 0.3s/seq  elapsed=  0.3m  eta=  0.3m
[run] flowcast  k=6/10 seq=1/12 (61/120)  t0=0      rollout=  0.3s  avg= 0.3s/seq  elapsed=  0.3m  eta=  0.3m
[run] flowcast  k=6/10 seq=2/12 (62/120)  t0=796    rollout=  0.3s  avg= 0.3s/seq  elapsed=  0.3m  eta=  0.3m
[run] flowcast  k=6/10 seq=3/12 (63/120)  t0=1592   rollout=  0.4s  avg= 0.3s/seq  elapsed=  0.3m  eta=  0.3m
[run] flowcast  k=6/10 seq=4/12 (64/120)  t0=2388   rollout=  0.3s  avg= 0.3s/seq  elapsed=  0.3m  eta=  0.3m
[run] flowcast  k=6/10 seq=5/12 (65/120)  t0=3184   rollout=  0.3s  avg= 0.3s/seq  elapsed=  0.3m  eta=  0.3m
[run] flowcast  k=6/10 seq=6/12 (66/120)  t0=3980   rollout=  0.3s  avg= 0.3s/seq  elapsed=  0.3m  eta=  0.3m
[run] flowcast  k=6/10 seq=7/12 (67/120)  t0=4776   rollout=  0.3s  avg= 0.3s/seq  elapsed=  0.4m  eta=  0.3m
[run] flowcast  k=6/10 seq=8/12 (68/120)  t0=5572   rollout=  0.5s  avg= 0.3s/seq  elapsed=  0.4m  eta=  0.3m
[run] flowcast  k=6/10 seq=9/12 (69/120)  t0=6368   rollout=  0.3s  avg= 0.3s/seq  elapsed=  0.4m  eta=  0.3m
[run] flowcast  k=6/10 seq=10/12 (70/120)  t0=7164   rollout=  0.3s  avg= 0.3s/seq  elapsed=  0.4m  eta=  0.3m
[run] flowcast  k=6/10 seq=11/12 (71/120)  t0=7960   rollout=  0.4s  avg= 0.3s/seq  elapsed=  0.4m  eta=  0.3m
[run] flowcast  k=6/10 seq=12/12 (72/120)  t0=8757   rollout=  0.3s  avg= 0.3s/seq  elapsed=  0.4m  eta=  0.3m
[run] flowcast  k=7/10 seq=1/12 (73/120)  t0=0      rollout=  0.3s  avg= 0.3s/seq  elapsed=  0.4m  eta=  0.3m
[run] flowcast  k=7/10 seq=2/12 (74/120)  t0=796    rollout=  0.3s  avg= 0.3s/seq  elapsed=  0.4m  eta=  0.2m
[run] flowcast  k=7/10 seq=3/12 (75/120)  t0=1592   rollout=  0.3s  avg= 0.3s/seq  elapsed=  0.4m  eta=  0.2m
[run] flowcast  k=7/10 seq=4/12 (76/120)  t0=2388   rollout=  0.3s  avg= 0.3s/seq  elapsed=  0.4m  eta=  0.2m
[run] flowcast  k=7/10 seq=5/12 (77/120)  t0=3184   rollout=  0.3s  avg= 0.3s/seq  elapsed=  0.4m  eta=  0.2m
[run] flowcast  k=7/10 seq=6/12 (78/120)  t0=3980   rollout=  0.3s  avg= 0.3s/seq  elapsed=  0.4m  eta=  0.2m
[run] flowcast  k=7/10 seq=7/12 (79/120)  t0=4776   rollout=  0.3s  avg= 0.3s/seq  elapsed=  0.4m  eta=  0.2m
[run] flowcast  k=7/10 seq=8/12 (80/120)  t0=5572   rollout=  0.3s  avg= 0.3s/seq  elapsed=  0.4m  eta=  0.2m
[run] flowcast  k=7/10 seq=9/12 (81/120)  t0=6368   rollout=  0.3s  avg= 0.3s/seq  elapsed=  0.4m  eta=  0.2m
[run] flowcast  k=7/10 seq=10/12 (82/120)  t0=7164   rollout=  0.3s  avg= 0.3s/seq  elapsed=  0.4m  eta=  0.2m
[run] flowcast  k=7/10 seq=11/12 (83/120)  t0=7960   rollout=  0.3s  avg= 0.3s/seq  elapsed=  0.4m  eta=  0.2m
[run] flowcast  k=7/10 seq=12/12 (84/120)  t0=8757   rollout=  0.3s  avg= 0.3s/seq  elapsed=  0.5m  eta=  0.2m
[run] flowcast  k=8/10 seq=1/12 (85/120)  t0=0      rollout=  0.3s  avg= 0.3s/seq  elapsed=  0.5m  eta=  0.2m
[run] flowcast  k=8/10 seq=2/12 (86/120)  t0=796    rollout=  0.3s  avg= 0.3s/seq  elapsed=  0.5m  eta=  0.2m
[run] flowcast  k=8/10 seq=3/12 (87/120)  t0=1592   rollout=  0.3s  avg= 0.3s/seq  elapsed=  0.5m  eta=  0.2m
[run] flowcast  k=8/10 seq=4/12 (88/120)  t0=2388   rollout=  0.3s  avg= 0.3s/seq  elapsed=  0.5m  eta=  0.2m
[run] flowcast  k=8/10 seq=5/12 (89/120)  t0=3184   rollout=  0.3s  avg= 0.3s/seq  elapsed=  0.5m  eta=  0.2m
[run] flowcast  k=8/10 seq=6/12 (90/120)  t0=3980   rollout=  0.3s  avg= 0.3s/seq  elapsed=  0.5m  eta=  0.2m
[run] flowcast  k=8/10 seq=7/12 (91/120)  t0=4776   rollout=  0.3s  avg= 0.3s/seq  elapsed=  0.5m  eta=  0.2m
[run] flowcast  k=8/10 seq=8/12 (92/120)  t0=5572   rollout=  0.3s  avg= 0.3s/seq  elapsed=  0.5m  eta=  0.1m
[run] flowcast  k=8/10 seq=9/12 (93/120)  t0=6368   rollout=  0.3s  avg= 0.3s/seq  elapsed=  0.5m  eta=  0.1m
[run] flowcast  k=8/10 seq=10/12 (94/120)  t0=7164   rollout=  0.3s  avg= 0.3s/seq  elapsed=  0.5m  eta=  0.1m
[run] flowcast  k=8/10 seq=11/12 (95/120)  t0=7960   rollout=  0.3s  avg= 0.3s/seq  elapsed=  0.5m  eta=  0.1m
[run] flowcast  k=8/10 seq=12/12 (96/120)  t0=8757   rollout=  0.3s  avg= 0.3s/seq  elapsed=  0.5m  eta=  0.1m
[run] flowcast  k=9/10 seq=1/12 (97/120)  t0=0      rollout=  0.3s  avg= 0.3s/seq  elapsed=  0.5m  eta=  0.1m
[run] flowcast  k=9/10 seq=2/12 (98/120)  t0=796    rollout=  0.3s  avg= 0.3s/seq  elapsed=  0.5m  eta=  0.1m
[run] flowcast  k=9/10 seq=3/12 (99/120)  t0=1592   rollout=  0.3s  avg= 0.3s/seq  elapsed=  0.5m  eta=  0.1m
[run] flowcast  k=9/10 seq=4/12 (100/120)  t0=2388   rollout=  0.3s  avg= 0.3s/seq  elapsed=  0.5m  eta=  0.1m
[run] flowcast  k=9/10 seq=5/12 (101/120)  t0=3184   rollout=  0.3s  avg= 0.3s/seq  elapsed=  0.5m  eta=  0.1m
[run] flowcast  k=9/10 seq=6/12 (102/120)  t0=3980   rollout=  0.3s  avg= 0.3s/seq  elapsed=  0.5m  eta=  0.1m
[run] flowcast  k=9/10 seq=7/12 (103/120)  t0=4776   rollout=  0.3s  avg= 0.3s/seq  elapsed=  0.5m  eta=  0.1m
[run] flowcast  k=9/10 seq=8/12 (104/120)  t0=5572   rollout=  0.3s  avg= 0.3s/seq  elapsed=  0.6m  eta=  0.1m
[run] flowcast  k=9/10 seq=9/12 (105/120)  t0=6368   rollout=  0.3s  avg= 0.3s/seq  elapsed=  0.6m  eta=  0.1m
[run] flowcast  k=9/10 seq=10/12 (106/120)  t0=7164   rollout=  0.3s  avg= 0.3s/seq  elapsed=  0.6m  eta=  0.1m
[run] flowcast  k=9/10 seq=11/12 (107/120)  t0=7960   rollout=  0.3s  avg= 0.3s/seq  elapsed=  0.6m  eta=  0.1m
[run] flowcast  k=9/10 seq=12/12 (108/120)  t0=8757   rollout=  0.3s  avg= 0.3s/seq  elapsed=  0.6m  eta=  0.1m
[run] flowcast  k=10/10 seq=1/12 (109/120)  t0=0      rollout=  0.3s  avg= 0.3s/seq  elapsed=  0.6m  eta=  0.1m
[run] flowcast  k=10/10 seq=2/12 (110/120)  t0=796    rollout=  0.3s  avg= 0.3s/seq  elapsed=  0.6m  eta=  0.1m
[run] flowcast  k=10/10 seq=3/12 (111/120)  t0=1592   rollout=  0.3s  avg= 0.3s/seq  elapsed=  0.6m  eta=  0.0m
[run] flowcast  k=10/10 seq=4/12 (112/120)  t0=2388   rollout=  0.3s  avg= 0.3s/seq  elapsed=  0.6m  eta=  0.0m
[run] flowcast  k=10/10 seq=5/12 (113/120)  t0=3184   rollout=  0.3s  avg= 0.3s/seq  elapsed=  0.6m  eta=  0.0m
[run] flowcast  k=10/10 seq=6/12 (114/120)  t0=3980   rollout=  0.3s  avg= 0.3s/seq  elapsed=  0.6m  eta=  0.0m
[run] flowcast  k=10/10 seq=7/12 (115/120)  t0=4776   rollout=  0.3s  avg= 0.3s/seq  elapsed=  0.6m  eta=  0.0m
[run] flowcast  k=10/10 seq=8/12 (116/120)  t0=5572   rollout=  0.3s  avg= 0.3s/seq  elapsed=  0.6m  eta=  0.0m
[run] flowcast  k=10/10 seq=9/12 (117/120)  t0=6368   rollout=  0.3s  avg= 0.3s/seq  elapsed=  0.6m  eta=  0.0m
[run] flowcast  k=10/10 seq=10/12 (118/120)  t0=7164   rollout=  0.3s  avg= 0.3s/seq  elapsed=  0.6m  eta=  0.0m
[run] flowcast  k=10/10 seq=11/12 (119/120)  t0=7960   rollout=  0.3s  avg= 0.3s/seq  elapsed=  0.6m  eta=  0.0m
[run] flowcast  k=10/10 seq=12/12 (120/120)  t0=8757   rollout=  0.3s  avg= 0.3s/seq  elapsed=  0.6m  eta=  0.0m
[run] flowcast ensemble finished in 0.6m
[2026-06-12 11:26:42] [nfe_sweep] NFE=  5  t/seq= 0.31s  CRPS-qpepre=0.1394  CSI-M=0.2529  RMSE-qpepre=0.5663  NFE-elapsed=0.6m
| method | Time/Seq.(s) | CRPS↓ | CSI-M↑ | CSI-P16↑ | FSS-P16-M↑ | HSS-M↑ | FAR-M↓ | RMSE_u10↓ | RMSE_v10↓ | RMSE_t2m↓ | RMSE_qpepre↓ |
|---|---|---|---|---|---|---|---|---|---|---|---|
| flowcast | 0.311 | 0.3229 | 0.2529 | 0.0635 | 0.1074 | 0.3365 | 0.1188 | 0.8509 | 0.8603 | 0.4303 | 0.5663 |

================================================================
[2026-06-12 11:26:42] NFE = 6   (6/15)
================================================================
[run] flowcast ensemble starting: K=10 x S=12 x T=1 = 120 sequence-rollouts
[run] flowcast  k=1/10 seq=1/12 (1/120)  t0=0      rollout=  0.3s  avg= 0.3s/seq  elapsed=  0.0m  eta=  0.7m
[run] flowcast  k=1/10 seq=2/12 (2/120)  t0=796    rollout=  0.4s  avg= 0.3s/seq  elapsed=  0.0m  eta=  0.7m
[run] flowcast  k=1/10 seq=3/12 (3/120)  t0=1592   rollout=  0.3s  avg= 0.3s/seq  elapsed=  0.0m  eta=  0.7m
[run] flowcast  k=1/10 seq=4/12 (4/120)  t0=2388   rollout=  0.3s  avg= 0.3s/seq  elapsed=  0.0m  eta=  0.7m
[run] flowcast  k=1/10 seq=5/12 (5/120)  t0=3184   rollout=  0.3s  avg= 0.3s/seq  elapsed=  0.0m  eta=  0.7m
[run] flowcast  k=1/10 seq=6/12 (6/120)  t0=3980   rollout=  0.3s  avg= 0.3s/seq  elapsed=  0.0m  eta=  0.7m
[run] flowcast  k=1/10 seq=7/12 (7/120)  t0=4776   rollout=  0.3s  avg= 0.3s/seq  elapsed=  0.0m  eta=  0.7m
[run] flowcast  k=1/10 seq=8/12 (8/120)  t0=5572   rollout=  0.3s  avg= 0.3s/seq  elapsed=  0.0m  eta=  0.7m
[run] flowcast  k=1/10 seq=9/12 (9/120)  t0=6368   rollout=  0.3s  avg= 0.3s/seq  elapsed=  0.1m  eta=  0.6m
[run] flowcast  k=1/10 seq=10/12 (10/120)  t0=7164   rollout=  0.4s  avg= 0.3s/seq  elapsed=  0.1m  eta=  0.6m
[run] flowcast  k=1/10 seq=11/12 (11/120)  t0=7960   rollout=  0.3s  avg= 0.3s/seq  elapsed=  0.1m  eta=  0.6m
[run] flowcast  k=1/10 seq=12/12 (12/120)  t0=8757   rollout=  0.3s  avg= 0.3s/seq  elapsed=  0.1m  eta=  0.6m
[run] flowcast  k=2/10 seq=1/12 (13/120)  t0=0      rollout=  0.4s  avg= 0.3s/seq  elapsed=  0.1m  eta=  0.6m
[run] flowcast  k=2/10 seq=2/12 (14/120)  t0=796    rollout=  0.3s  avg= 0.3s/seq  elapsed=  0.1m  eta=  0.6m
[run] flowcast  k=2/10 seq=3/12 (15/120)  t0=1592   rollout=  0.3s  avg= 0.3s/seq  elapsed=  0.1m  eta=  0.6m
[run] flowcast  k=2/10 seq=4/12 (16/120)  t0=2388   rollout=  0.3s  avg= 0.3s/seq  elapsed=  0.1m  eta=  0.6m
[run] flowcast  k=2/10 seq=5/12 (17/120)  t0=3184   rollout=  0.4s  avg= 0.3s/seq  elapsed=  0.1m  eta=  0.6m
[run] flowcast  k=2/10 seq=6/12 (18/120)  t0=3980   rollout=  0.4s  avg= 0.3s/seq  elapsed=  0.1m  eta=  0.6m
[run] flowcast  k=2/10 seq=7/12 (19/120)  t0=4776   rollout=  0.3s  avg= 0.3s/seq  elapsed=  0.1m  eta=  0.6m
[run] flowcast  k=2/10 seq=8/12 (20/120)  t0=5572   rollout=  0.3s  avg= 0.3s/seq  elapsed=  0.1m  eta=  0.6m
[run] flowcast  k=2/10 seq=9/12 (21/120)  t0=6368   rollout=  0.3s  avg= 0.3s/seq  elapsed=  0.1m  eta=  0.6m
[run] flowcast  k=2/10 seq=10/12 (22/120)  t0=7164   rollout=  0.3s  avg= 0.3s/seq  elapsed=  0.1m  eta=  0.6m
[run] flowcast  k=2/10 seq=11/12 (23/120)  t0=7960   rollout=  0.3s  avg= 0.3s/seq  elapsed=  0.1m  eta=  0.6m
[run] flowcast  k=2/10 seq=12/12 (24/120)  t0=8757   rollout=  0.4s  avg= 0.3s/seq  elapsed=  0.1m  eta=  0.6m
[run] flowcast  k=3/10 seq=1/12 (25/120)  t0=0      rollout=  0.3s  avg= 0.3s/seq  elapsed=  0.1m  eta=  0.6m
[run] flowcast  k=3/10 seq=2/12 (26/120)  t0=796    rollout=  0.3s  avg= 0.3s/seq  elapsed=  0.2m  eta=  0.5m
[run] flowcast  k=3/10 seq=3/12 (27/120)  t0=1592   rollout=  0.3s  avg= 0.3s/seq  elapsed=  0.2m  eta=  0.5m
[run] flowcast  k=3/10 seq=4/12 (28/120)  t0=2388   rollout=  0.4s  avg= 0.4s/seq  elapsed=  0.2m  eta=  0.5m
[run] flowcast  k=3/10 seq=5/12 (29/120)  t0=3184   rollout=  0.4s  avg= 0.4s/seq  elapsed=  0.2m  eta=  0.5m
[run] flowcast  k=3/10 seq=6/12 (30/120)  t0=3980   rollout=  0.4s  avg= 0.4s/seq  elapsed=  0.2m  eta=  0.5m
[run] flowcast  k=3/10 seq=7/12 (31/120)  t0=4776   rollout=  0.4s  avg= 0.4s/seq  elapsed=  0.2m  eta=  0.5m
[run] flowcast  k=3/10 seq=8/12 (32/120)  t0=5572   rollout=  0.3s  avg= 0.4s/seq  elapsed=  0.2m  eta=  0.5m
[run] flowcast  k=3/10 seq=9/12 (33/120)  t0=6368   rollout=  0.3s  avg= 0.4s/seq  elapsed=  0.2m  eta=  0.5m
[run] flowcast  k=3/10 seq=10/12 (34/120)  t0=7164   rollout=  0.3s  avg= 0.4s/seq  elapsed=  0.2m  eta=  0.5m
[run] flowcast  k=3/10 seq=11/12 (35/120)  t0=7960   rollout=  0.3s  avg= 0.4s/seq  elapsed=  0.2m  eta=  0.5m
[run] flowcast  k=3/10 seq=12/12 (36/120)  t0=8757   rollout=  0.3s  avg= 0.4s/seq  elapsed=  0.2m  eta=  0.5m
[run] flowcast  k=4/10 seq=1/12 (37/120)  t0=0      rollout=  0.3s  avg= 0.3s/seq  elapsed=  0.2m  eta=  0.5m
[run] flowcast  k=4/10 seq=2/12 (38/120)  t0=796    rollout=  0.3s  avg= 0.3s/seq  elapsed=  0.2m  eta=  0.5m
[run] flowcast  k=4/10 seq=3/12 (39/120)  t0=1592   rollout=  0.3s  avg= 0.3s/seq  elapsed=  0.2m  eta=  0.5m
[run] flowcast  k=4/10 seq=4/12 (40/120)  t0=2388   rollout=  0.3s  avg= 0.3s/seq  elapsed=  0.2m  eta=  0.5m
[run] flowcast  k=4/10 seq=5/12 (41/120)  t0=3184   rollout=  0.3s  avg= 0.3s/seq  elapsed=  0.2m  eta=  0.5m
[run] flowcast  k=4/10 seq=6/12 (42/120)  t0=3980   rollout=  0.3s  avg= 0.3s/seq  elapsed=  0.2m  eta=  0.5m
[run] flowcast  k=4/10 seq=7/12 (43/120)  t0=4776   rollout=  0.4s  avg= 0.3s/seq  elapsed=  0.3m  eta=  0.4m
[run] flowcast  k=4/10 seq=8/12 (44/120)  t0=5572   rollout=  0.3s  avg= 0.3s/seq  elapsed=  0.3m  eta=  0.4m
[run] flowcast  k=4/10 seq=9/12 (45/120)  t0=6368   rollout=  0.3s  avg= 0.3s/seq  elapsed=  0.3m  eta=  0.4m
[run] flowcast  k=4/10 seq=10/12 (46/120)  t0=7164   rollout=  0.3s  avg= 0.3s/seq  elapsed=  0.3m  eta=  0.4m
[run] flowcast  k=4/10 seq=11/12 (47/120)  t0=7960   rollout=  0.3s  avg= 0.3s/seq  elapsed=  0.3m  eta=  0.4m
[run] flowcast  k=4/10 seq=12/12 (48/120)  t0=8757   rollout=  0.3s  avg= 0.3s/seq  elapsed=  0.3m  eta=  0.4m
[run] flowcast  k=5/10 seq=1/12 (49/120)  t0=0      rollout=  0.3s  avg= 0.3s/seq  elapsed=  0.3m  eta=  0.4m
[run] flowcast  k=5/10 seq=2/12 (50/120)  t0=796    rollout=  0.3s  avg= 0.3s/seq  elapsed=  0.3m  eta=  0.4m
[run] flowcast  k=5/10 seq=3/12 (51/120)  t0=1592   rollout=  0.3s  avg= 0.3s/seq  elapsed=  0.3m  eta=  0.4m
[run] flowcast  k=5/10 seq=4/12 (52/120)  t0=2388   rollout=  0.3s  avg= 0.3s/seq  elapsed=  0.3m  eta=  0.4m
[run] flowcast  k=5/10 seq=5/12 (53/120)  t0=3184   rollout=  0.4s  avg= 0.3s/seq  elapsed=  0.3m  eta=  0.4m
[run] flowcast  k=5/10 seq=6/12 (54/120)  t0=3980   rollout=  0.3s  avg= 0.3s/seq  elapsed=  0.3m  eta=  0.4m
[run] flowcast  k=5/10 seq=7/12 (55/120)  t0=4776   rollout=  0.5s  avg= 0.4s/seq  elapsed=  0.3m  eta=  0.4m
[run] flowcast  k=5/10 seq=8/12 (56/120)  t0=5572   rollout=  0.3s  avg= 0.4s/seq  elapsed=  0.3m  eta=  0.4m
[run] flowcast  k=5/10 seq=9/12 (57/120)  t0=6368   rollout=  0.3s  avg= 0.4s/seq  elapsed=  0.3m  eta=  0.4m
[run] flowcast  k=5/10 seq=10/12 (58/120)  t0=7164   rollout=  0.3s  avg= 0.4s/seq  elapsed=  0.3m  eta=  0.4m
[run] flowcast  k=5/10 seq=11/12 (59/120)  t0=7960   rollout=  0.3s  avg= 0.4s/seq  elapsed=  0.3m  eta=  0.4m
[run] flowcast  k=5/10 seq=12/12 (60/120)  t0=8757   rollout=  0.3s  avg= 0.4s/seq  elapsed=  0.4m  eta=  0.4m
[run] flowcast  k=6/10 seq=1/12 (61/120)  t0=0      rollout=  0.3s  avg= 0.4s/seq  elapsed=  0.4m  eta=  0.3m
[run] flowcast  k=6/10 seq=2/12 (62/120)  t0=796    rollout=  0.3s  avg= 0.4s/seq  elapsed=  0.4m  eta=  0.3m
[run] flowcast  k=6/10 seq=3/12 (63/120)  t0=1592   rollout=  0.3s  avg= 0.3s/seq  elapsed=  0.4m  eta=  0.3m
[run] flowcast  k=6/10 seq=4/12 (64/120)  t0=2388   rollout=  0.3s  avg= 0.3s/seq  elapsed=  0.4m  eta=  0.3m
[run] flowcast  k=6/10 seq=5/12 (65/120)  t0=3184   rollout=  0.3s  avg= 0.3s/seq  elapsed=  0.4m  eta=  0.3m
[run] flowcast  k=6/10 seq=6/12 (66/120)  t0=3980   rollout=  0.3s  avg= 0.3s/seq  elapsed=  0.4m  eta=  0.3m
[run] flowcast  k=6/10 seq=7/12 (67/120)  t0=4776   rollout=  0.3s  avg= 0.3s/seq  elapsed=  0.4m  eta=  0.3m
[run] flowcast  k=6/10 seq=8/12 (68/120)  t0=5572   rollout=  0.3s  avg= 0.3s/seq  elapsed=  0.4m  eta=  0.3m
[run] flowcast  k=6/10 seq=9/12 (69/120)  t0=6368   rollout=  0.3s  avg= 0.3s/seq  elapsed=  0.4m  eta=  0.3m
[run] flowcast  k=6/10 seq=10/12 (70/120)  t0=7164   rollout=  0.3s  avg= 0.3s/seq  elapsed=  0.4m  eta=  0.3m
[run] flowcast  k=6/10 seq=11/12 (71/120)  t0=7960   rollout=  0.3s  avg= 0.3s/seq  elapsed=  0.4m  eta=  0.3m
[run] flowcast  k=6/10 seq=12/12 (72/120)  t0=8757   rollout=  0.4s  avg= 0.3s/seq  elapsed=  0.4m  eta=  0.3m
[run] flowcast  k=7/10 seq=1/12 (73/120)  t0=0      rollout=  0.4s  avg= 0.4s/seq  elapsed=  0.4m  eta=  0.3m
[run] flowcast  k=7/10 seq=2/12 (74/120)  t0=796    rollout=  0.4s  avg= 0.4s/seq  elapsed=  0.4m  eta=  0.3m
[run] flowcast  k=7/10 seq=3/12 (75/120)  t0=1592   rollout=  0.3s  avg= 0.4s/seq  elapsed=  0.4m  eta=  0.3m
[run] flowcast  k=7/10 seq=4/12 (76/120)  t0=2388   rollout=  0.4s  avg= 0.4s/seq  elapsed=  0.4m  eta=  0.3m
[run] flowcast  k=7/10 seq=5/12 (77/120)  t0=3184   rollout=  0.3s  avg= 0.4s/seq  elapsed=  0.4m  eta=  0.3m
[run] flowcast  k=7/10 seq=6/12 (78/120)  t0=3980   rollout=  0.4s  avg= 0.4s/seq  elapsed=  0.5m  eta=  0.2m
[run] flowcast  k=7/10 seq=7/12 (79/120)  t0=4776   rollout=  0.3s  avg= 0.4s/seq  elapsed=  0.5m  eta=  0.2m
[run] flowcast  k=7/10 seq=8/12 (80/120)  t0=5572   rollout=  0.3s  avg= 0.4s/seq  elapsed=  0.5m  eta=  0.2m
[run] flowcast  k=7/10 seq=9/12 (81/120)  t0=6368   rollout=  0.4s  avg= 0.4s/seq  elapsed=  0.5m  eta=  0.2m
[run] flowcast  k=7/10 seq=10/12 (82/120)  t0=7164   rollout=  0.3s  avg= 0.4s/seq  elapsed=  0.5m  eta=  0.2m
[run] flowcast  k=7/10 seq=11/12 (83/120)  t0=7960   rollout=  0.3s  avg= 0.4s/seq  elapsed=  0.5m  eta=  0.2m
[run] flowcast  k=7/10 seq=12/12 (84/120)  t0=8757   rollout=  0.3s  avg= 0.4s/seq  elapsed=  0.5m  eta=  0.2m
[run] flowcast  k=8/10 seq=1/12 (85/120)  t0=0      rollout=  0.3s  avg= 0.4s/seq  elapsed=  0.5m  eta=  0.2m
[run] flowcast  k=8/10 seq=2/12 (86/120)  t0=796    rollout=  0.3s  avg= 0.4s/seq  elapsed=  0.5m  eta=  0.2m
[run] flowcast  k=8/10 seq=3/12 (87/120)  t0=1592   rollout=  0.4s  avg= 0.4s/seq  elapsed=  0.5m  eta=  0.2m
[run] flowcast  k=8/10 seq=4/12 (88/120)  t0=2388   rollout=  0.3s  avg= 0.4s/seq  elapsed=  0.5m  eta=  0.2m
[run] flowcast  k=8/10 seq=5/12 (89/120)  t0=3184   rollout=  0.3s  avg= 0.4s/seq  elapsed=  0.5m  eta=  0.2m
[run] flowcast  k=8/10 seq=6/12 (90/120)  t0=3980   rollout=  0.3s  avg= 0.4s/seq  elapsed=  0.5m  eta=  0.2m
[run] flowcast  k=8/10 seq=7/12 (91/120)  t0=4776   rollout=  0.3s  avg= 0.3s/seq  elapsed=  0.5m  eta=  0.2m
[run] flowcast  k=8/10 seq=8/12 (92/120)  t0=5572   rollout=  0.3s  avg= 0.3s/seq  elapsed=  0.5m  eta=  0.2m
[run] flowcast  k=8/10 seq=9/12 (93/120)  t0=6368   rollout=  0.3s  avg= 0.3s/seq  elapsed=  0.5m  eta=  0.2m
[run] flowcast  k=8/10 seq=10/12 (94/120)  t0=7164   rollout=  0.3s  avg= 0.3s/seq  elapsed=  0.5m  eta=  0.2m
[run] flowcast  k=8/10 seq=11/12 (95/120)  t0=7960   rollout=  0.4s  avg= 0.4s/seq  elapsed=  0.6m  eta=  0.1m
[run] flowcast  k=8/10 seq=12/12 (96/120)  t0=8757   rollout=  0.4s  avg= 0.4s/seq  elapsed=  0.6m  eta=  0.1m
[run] flowcast  k=9/10 seq=1/12 (97/120)  t0=0      rollout=  0.4s  avg= 0.4s/seq  elapsed=  0.6m  eta=  0.1m
[run] flowcast  k=9/10 seq=2/12 (98/120)  t0=796    rollout=  0.4s  avg= 0.4s/seq  elapsed=  0.6m  eta=  0.1m
[run] flowcast  k=9/10 seq=3/12 (99/120)  t0=1592   rollout=  0.4s  avg= 0.4s/seq  elapsed=  0.6m  eta=  0.1m
[run] flowcast  k=9/10 seq=4/12 (100/120)  t0=2388   rollout=  0.4s  avg= 0.4s/seq  elapsed=  0.6m  eta=  0.1m
[run] flowcast  k=9/10 seq=5/12 (101/120)  t0=3184   rollout=  0.4s  avg= 0.4s/seq  elapsed=  0.6m  eta=  0.1m
[run] flowcast  k=9/10 seq=6/12 (102/120)  t0=3980   rollout=  0.4s  avg= 0.4s/seq  elapsed=  0.6m  eta=  0.1m
[run] flowcast  k=9/10 seq=7/12 (103/120)  t0=4776   rollout=  0.4s  avg= 0.4s/seq  elapsed=  0.6m  eta=  0.1m
[run] flowcast  k=9/10 seq=8/12 (104/120)  t0=5572   rollout=  0.4s  avg= 0.4s/seq  elapsed=  0.6m  eta=  0.1m
[run] flowcast  k=9/10 seq=9/12 (105/120)  t0=6368   rollout=  0.4s  avg= 0.4s/seq  elapsed=  0.6m  eta=  0.1m
[run] flowcast  k=9/10 seq=10/12 (106/120)  t0=7164   rollout=  0.3s  avg= 0.4s/seq  elapsed=  0.6m  eta=  0.1m
[run] flowcast  k=9/10 seq=11/12 (107/120)  t0=7960   rollout=  0.3s  avg= 0.4s/seq  elapsed=  0.6m  eta=  0.1m
[run] flowcast  k=9/10 seq=12/12 (108/120)  t0=8757   rollout=  0.3s  avg= 0.4s/seq  elapsed=  0.6m  eta=  0.1m
[run] flowcast  k=10/10 seq=1/12 (109/120)  t0=0      rollout=  0.3s  avg= 0.4s/seq  elapsed=  0.6m  eta=  0.1m
[run] flowcast  k=10/10 seq=2/12 (110/120)  t0=796    rollout=  0.3s  avg= 0.4s/seq  elapsed=  0.6m  eta=  0.1m
[run] flowcast  k=10/10 seq=3/12 (111/120)  t0=1592   rollout=  0.3s  avg= 0.4s/seq  elapsed=  0.6m  eta=  0.1m
[run] flowcast  k=10/10 seq=4/12 (112/120)  t0=2388   rollout=  0.3s  avg= 0.4s/seq  elapsed=  0.7m  eta=  0.0m
[run] flowcast  k=10/10 seq=5/12 (113/120)  t0=3184   rollout=  0.4s  avg= 0.4s/seq  elapsed=  0.7m  eta=  0.0m
[run] flowcast  k=10/10 seq=6/12 (114/120)  t0=3980   rollout=  0.4s  avg= 0.4s/seq  elapsed=  0.7m  eta=  0.0m
[run] flowcast  k=10/10 seq=7/12 (115/120)  t0=4776   rollout=  0.4s  avg= 0.4s/seq  elapsed=  0.7m  eta=  0.0m
[run] flowcast  k=10/10 seq=8/12 (116/120)  t0=5572   rollout=  0.4s  avg= 0.4s/seq  elapsed=  0.7m  eta=  0.0m
[run] flowcast  k=10/10 seq=9/12 (117/120)  t0=6368   rollout=  0.4s  avg= 0.4s/seq  elapsed=  0.7m  eta=  0.0m
[run] flowcast  k=10/10 seq=10/12 (118/120)  t0=7164   rollout=  0.3s  avg= 0.4s/seq  elapsed=  0.7m  eta=  0.0m
[run] flowcast  k=10/10 seq=11/12 (119/120)  t0=7960   rollout=  0.3s  avg= 0.4s/seq  elapsed=  0.7m  eta=  0.0m
[run] flowcast  k=10/10 seq=12/12 (120/120)  t0=8757   rollout=  0.4s  avg= 0.4s/seq  elapsed=  0.7m  eta=  0.0m
[run] flowcast ensemble finished in 0.7m
[2026-06-12 11:27:24] [nfe_sweep] NFE=  6  t/seq= 0.35s  CRPS-qpepre=0.1381  CSI-M=0.2527  RMSE-qpepre=0.5666  NFE-elapsed=0.7m
| method | Time/Seq.(s) | CRPS↓ | CSI-M↑ | CSI-P16↑ | FSS-P16-M↑ | HSS-M↑ | FAR-M↓ | RMSE_u10↓ | RMSE_v10↓ | RMSE_t2m↓ | RMSE_qpepre↓ |
|---|---|---|---|---|---|---|---|---|---|---|---|
| flowcast | 0.348 | 0.3190 | 0.2527 | 0.0635 | 0.1074 | 0.3366 | 0.1259 | 0.8522 | 0.8623 | 0.4319 | 0.5666 |

================================================================
[2026-06-12 11:27:24] NFE = 8   (7/15)
================================================================
[run] flowcast ensemble starting: K=10 x S=12 x T=1 = 120 sequence-rollouts
[run] flowcast  k=1/10 seq=1/12 (1/120)  t0=0      rollout=  0.4s  avg= 0.4s/seq  elapsed=  0.0m  eta=  0.9m
[run] flowcast  k=1/10 seq=2/12 (2/120)  t0=796    rollout=  0.4s  avg= 0.4s/seq  elapsed=  0.0m  eta=  0.9m
[run] flowcast  k=1/10 seq=3/12 (3/120)  t0=1592   rollout=  0.4s  avg= 0.4s/seq  elapsed=  0.0m  eta=  0.9m
[run] flowcast  k=1/10 seq=4/12 (4/120)  t0=2388   rollout=  0.4s  avg= 0.4s/seq  elapsed=  0.0m  eta=  0.8m
[run] flowcast  k=1/10 seq=5/12 (5/120)  t0=3184   rollout=  0.4s  avg= 0.4s/seq  elapsed=  0.0m  eta=  0.8m
[run] flowcast  k=1/10 seq=6/12 (6/120)  t0=3980   rollout=  0.4s  avg= 0.4s/seq  elapsed=  0.0m  eta=  0.8m
[run] flowcast  k=1/10 seq=7/12 (7/120)  t0=4776   rollout=  0.4s  avg= 0.4s/seq  elapsed=  0.1m  eta=  0.8m
[run] flowcast  k=1/10 seq=8/12 (8/120)  t0=5572   rollout=  0.4s  avg= 0.4s/seq  elapsed=  0.1m  eta=  0.8m
[run] flowcast  k=1/10 seq=9/12 (9/120)  t0=6368   rollout=  0.4s  avg= 0.4s/seq  elapsed=  0.1m  eta=  0.8m
[run] flowcast  k=1/10 seq=10/12 (10/120)  t0=7164   rollout=  0.4s  avg= 0.4s/seq  elapsed=  0.1m  eta=  0.8m
[run] flowcast  k=1/10 seq=11/12 (11/120)  t0=7960   rollout=  0.4s  avg= 0.4s/seq  elapsed=  0.1m  eta=  0.8m
[run] flowcast  k=1/10 seq=12/12 (12/120)  t0=8757   rollout=  0.4s  avg= 0.4s/seq  elapsed=  0.1m  eta=  0.8m
[run] flowcast  k=2/10 seq=1/12 (13/120)  t0=0      rollout=  0.4s  avg= 0.4s/seq  elapsed=  0.1m  eta=  0.8m
[run] flowcast  k=2/10 seq=2/12 (14/120)  t0=796    rollout=  0.4s  avg= 0.4s/seq  elapsed=  0.1m  eta=  0.8m
[run] flowcast  k=2/10 seq=3/12 (15/120)  t0=1592   rollout=  0.4s  avg= 0.4s/seq  elapsed=  0.1m  eta=  0.7m
[run] flowcast  k=2/10 seq=4/12 (16/120)  t0=2388   rollout=  0.4s  avg= 0.4s/seq  elapsed=  0.1m  eta=  0.7m
[run] flowcast  k=2/10 seq=5/12 (17/120)  t0=3184   rollout=  0.4s  avg= 0.4s/seq  elapsed=  0.1m  eta=  0.7m
[run] flowcast  k=2/10 seq=6/12 (18/120)  t0=3980   rollout=  0.4s  avg= 0.4s/seq  elapsed=  0.1m  eta=  0.7m
[run] flowcast  k=2/10 seq=7/12 (19/120)  t0=4776   rollout=  0.4s  avg= 0.4s/seq  elapsed=  0.1m  eta=  0.7m
[run] flowcast  k=2/10 seq=8/12 (20/120)  t0=5572   rollout=  0.4s  avg= 0.4s/seq  elapsed=  0.1m  eta=  0.7m
[run] flowcast  k=2/10 seq=9/12 (21/120)  t0=6368   rollout=  0.4s  avg= 0.4s/seq  elapsed=  0.1m  eta=  0.7m
[run] flowcast  k=2/10 seq=10/12 (22/120)  t0=7164   rollout=  0.4s  avg= 0.4s/seq  elapsed=  0.2m  eta=  0.7m
[run] flowcast  k=2/10 seq=11/12 (23/120)  t0=7960   rollout=  0.4s  avg= 0.4s/seq  elapsed=  0.2m  eta=  0.7m
[run] flowcast  k=2/10 seq=12/12 (24/120)  t0=8757   rollout=  0.4s  avg= 0.4s/seq  elapsed=  0.2m  eta=  0.7m
[run] flowcast  k=3/10 seq=1/12 (25/120)  t0=0      rollout=  0.4s  avg= 0.4s/seq  elapsed=  0.2m  eta=  0.7m
[run] flowcast  k=3/10 seq=2/12 (26/120)  t0=796    rollout=  0.4s  avg= 0.4s/seq  elapsed=  0.2m  eta=  0.7m
[run] flowcast  k=3/10 seq=3/12 (27/120)  t0=1592   rollout=  0.4s  avg= 0.4s/seq  elapsed=  0.2m  eta=  0.7m
[run] flowcast  k=3/10 seq=4/12 (28/120)  t0=2388   rollout=  0.4s  avg= 0.4s/seq  elapsed=  0.2m  eta=  0.7m
[run] flowcast  k=3/10 seq=5/12 (29/120)  t0=3184   rollout=  0.4s  avg= 0.4s/seq  elapsed=  0.2m  eta=  0.6m
[run] flowcast  k=3/10 seq=6/12 (30/120)  t0=3980   rollout=  0.4s  avg= 0.4s/seq  elapsed=  0.2m  eta=  0.6m
[run] flowcast  k=3/10 seq=7/12 (31/120)  t0=4776   rollout=  0.4s  avg= 0.4s/seq  elapsed=  0.2m  eta=  0.6m
[run] flowcast  k=3/10 seq=8/12 (32/120)  t0=5572   rollout=  0.4s  avg= 0.4s/seq  elapsed=  0.2m  eta=  0.6m
[run] flowcast  k=3/10 seq=9/12 (33/120)  t0=6368   rollout=  0.4s  avg= 0.4s/seq  elapsed=  0.2m  eta=  0.6m
[run] flowcast  k=3/10 seq=10/12 (34/120)  t0=7164   rollout=  0.4s  avg= 0.4s/seq  elapsed=  0.2m  eta=  0.6m
[run] flowcast  k=3/10 seq=11/12 (35/120)  t0=7960   rollout=  0.4s  avg= 0.4s/seq  elapsed=  0.2m  eta=  0.6m
[run] flowcast  k=3/10 seq=12/12 (36/120)  t0=8757   rollout=  0.4s  avg= 0.4s/seq  elapsed=  0.3m  eta=  0.6m
[run] flowcast  k=4/10 seq=1/12 (37/120)  t0=0      rollout=  0.4s  avg= 0.4s/seq  elapsed=  0.3m  eta=  0.6m
[run] flowcast  k=4/10 seq=2/12 (38/120)  t0=796    rollout=  0.4s  avg= 0.4s/seq  elapsed=  0.3m  eta=  0.6m
[run] flowcast  k=4/10 seq=3/12 (39/120)  t0=1592   rollout=  0.4s  avg= 0.4s/seq  elapsed=  0.3m  eta=  0.6m
[run] flowcast  k=4/10 seq=4/12 (40/120)  t0=2388   rollout=  0.4s  avg= 0.4s/seq  elapsed=  0.3m  eta=  0.6m
[run] flowcast  k=4/10 seq=5/12 (41/120)  t0=3184   rollout=  0.4s  avg= 0.4s/seq  elapsed=  0.3m  eta=  0.6m
[run] flowcast  k=4/10 seq=6/12 (42/120)  t0=3980   rollout=  0.4s  avg= 0.4s/seq  elapsed=  0.3m  eta=  0.6m
[run] flowcast  k=4/10 seq=7/12 (43/120)  t0=4776   rollout=  0.4s  avg= 0.4s/seq  elapsed=  0.3m  eta=  0.5m
[run] flowcast  k=4/10 seq=8/12 (44/120)  t0=5572   rollout=  0.4s  avg= 0.4s/seq  elapsed=  0.3m  eta=  0.5m
[run] flowcast  k=4/10 seq=9/12 (45/120)  t0=6368   rollout=  0.4s  avg= 0.4s/seq  elapsed=  0.3m  eta=  0.5m
[run] flowcast  k=4/10 seq=10/12 (46/120)  t0=7164   rollout=  0.4s  avg= 0.4s/seq  elapsed=  0.3m  eta=  0.5m
[run] flowcast  k=4/10 seq=11/12 (47/120)  t0=7960   rollout=  0.4s  avg= 0.4s/seq  elapsed=  0.3m  eta=  0.5m
[run] flowcast  k=4/10 seq=12/12 (48/120)  t0=8757   rollout=  0.4s  avg= 0.4s/seq  elapsed=  0.3m  eta=  0.5m
[run] flowcast  k=5/10 seq=1/12 (49/120)  t0=0      rollout=  0.4s  avg= 0.4s/seq  elapsed=  0.3m  eta=  0.5m
[run] flowcast  k=5/10 seq=2/12 (50/120)  t0=796    rollout=  0.4s  avg= 0.4s/seq  elapsed=  0.4m  eta=  0.5m
[run] flowcast  k=5/10 seq=3/12 (51/120)  t0=1592   rollout=  0.4s  avg= 0.4s/seq  elapsed=  0.4m  eta=  0.5m
[run] flowcast  k=5/10 seq=4/12 (52/120)  t0=2388   rollout=  0.4s  avg= 0.4s/seq  elapsed=  0.4m  eta=  0.5m
[run] flowcast  k=5/10 seq=5/12 (53/120)  t0=3184   rollout=  0.4s  avg= 0.4s/seq  elapsed=  0.4m  eta=  0.5m
[run] flowcast  k=5/10 seq=6/12 (54/120)  t0=3980   rollout=  0.4s  avg= 0.4s/seq  elapsed=  0.4m  eta=  0.5m
[run] flowcast  k=5/10 seq=7/12 (55/120)  t0=4776   rollout=  0.4s  avg= 0.4s/seq  elapsed=  0.4m  eta=  0.5m
[run] flowcast  k=5/10 seq=8/12 (56/120)  t0=5572   rollout=  0.4s  avg= 0.4s/seq  elapsed=  0.4m  eta=  0.5m
[run] flowcast  k=5/10 seq=9/12 (57/120)  t0=6368   rollout=  0.4s  avg= 0.4s/seq  elapsed=  0.4m  eta=  0.4m
[run] flowcast  k=5/10 seq=10/12 (58/120)  t0=7164   rollout=  0.4s  avg= 0.4s/seq  elapsed=  0.4m  eta=  0.4m
[run] flowcast  k=5/10 seq=11/12 (59/120)  t0=7960   rollout=  0.4s  avg= 0.4s/seq  elapsed=  0.4m  eta=  0.4m
[run] flowcast  k=5/10 seq=12/12 (60/120)  t0=8757   rollout=  0.4s  avg= 0.4s/seq  elapsed=  0.4m  eta=  0.4m
[run] flowcast  k=6/10 seq=1/12 (61/120)  t0=0      rollout=  0.4s  avg= 0.4s/seq  elapsed=  0.4m  eta=  0.4m
[run] flowcast  k=6/10 seq=2/12 (62/120)  t0=796    rollout=  0.4s  avg= 0.4s/seq  elapsed=  0.4m  eta=  0.4m
[run] flowcast  k=6/10 seq=3/12 (63/120)  t0=1592   rollout=  0.4s  avg= 0.4s/seq  elapsed=  0.4m  eta=  0.4m
[run] flowcast  k=6/10 seq=4/12 (64/120)  t0=2388   rollout=  0.4s  avg= 0.4s/seq  elapsed=  0.5m  eta=  0.4m
[run] flowcast  k=6/10 seq=5/12 (65/120)  t0=3184   rollout=  0.4s  avg= 0.4s/seq  elapsed=  0.5m  eta=  0.4m
[run] flowcast  k=6/10 seq=6/12 (66/120)  t0=3980   rollout=  0.4s  avg= 0.4s/seq  elapsed=  0.5m  eta=  0.4m
[run] flowcast  k=6/10 seq=7/12 (67/120)  t0=4776   rollout=  0.4s  avg= 0.4s/seq  elapsed=  0.5m  eta=  0.4m
[run] flowcast  k=6/10 seq=8/12 (68/120)  t0=5572   rollout=  0.4s  avg= 0.4s/seq  elapsed=  0.5m  eta=  0.4m
[run] flowcast  k=6/10 seq=9/12 (69/120)  t0=6368   rollout=  0.4s  avg= 0.4s/seq  elapsed=  0.5m  eta=  0.4m
[run] flowcast  k=6/10 seq=10/12 (70/120)  t0=7164   rollout=  0.4s  avg= 0.4s/seq  elapsed=  0.5m  eta=  0.4m
[run] flowcast  k=6/10 seq=11/12 (71/120)  t0=7960   rollout=  0.4s  avg= 0.4s/seq  elapsed=  0.5m  eta=  0.3m
[run] flowcast  k=6/10 seq=12/12 (72/120)  t0=8757   rollout=  0.6s  avg= 0.4s/seq  elapsed=  0.5m  eta=  0.3m
[run] flowcast  k=7/10 seq=1/12 (73/120)  t0=0      rollout=  0.4s  avg= 0.4s/seq  elapsed=  0.5m  eta=  0.3m
[run] flowcast  k=7/10 seq=2/12 (74/120)  t0=796    rollout=  0.4s  avg= 0.4s/seq  elapsed=  0.5m  eta=  0.3m
[run] flowcast  k=7/10 seq=3/12 (75/120)  t0=1592   rollout=  0.4s  avg= 0.4s/seq  elapsed=  0.5m  eta=  0.3m
[run] flowcast  k=7/10 seq=4/12 (76/120)  t0=2388   rollout=  0.4s  avg= 0.4s/seq  elapsed=  0.5m  eta=  0.3m
[run] flowcast  k=7/10 seq=5/12 (77/120)  t0=3184   rollout=  0.4s  avg= 0.4s/seq  elapsed=  0.5m  eta=  0.3m
[run] flowcast  k=7/10 seq=6/12 (78/120)  t0=3980   rollout=  0.4s  avg= 0.4s/seq  elapsed=  0.6m  eta=  0.3m
[run] flowcast  k=7/10 seq=7/12 (79/120)  t0=4776   rollout=  0.4s  avg= 0.4s/seq  elapsed=  0.6m  eta=  0.3m
[run] flowcast  k=7/10 seq=8/12 (80/120)  t0=5572   rollout=  0.4s  avg= 0.4s/seq  elapsed=  0.6m  eta=  0.3m
[run] flowcast  k=7/10 seq=9/12 (81/120)  t0=6368   rollout=  0.4s  avg= 0.4s/seq  elapsed=  0.6m  eta=  0.3m
[run] flowcast  k=7/10 seq=10/12 (82/120)  t0=7164   rollout=  0.4s  avg= 0.4s/seq  elapsed=  0.6m  eta=  0.3m
[run] flowcast  k=7/10 seq=11/12 (83/120)  t0=7960   rollout=  0.4s  avg= 0.4s/seq  elapsed=  0.6m  eta=  0.3m
[run] flowcast  k=7/10 seq=12/12 (84/120)  t0=8757   rollout=  0.4s  avg= 0.4s/seq  elapsed=  0.6m  eta=  0.3m
[run] flowcast  k=8/10 seq=1/12 (85/120)  t0=0      rollout=  0.4s  avg= 0.4s/seq  elapsed=  0.6m  eta=  0.2m
[run] flowcast  k=8/10 seq=2/12 (86/120)  t0=796    rollout=  0.4s  avg= 0.4s/seq  elapsed=  0.6m  eta=  0.2m
[run] flowcast  k=8/10 seq=3/12 (87/120)  t0=1592   rollout=  0.4s  avg= 0.4s/seq  elapsed=  0.6m  eta=  0.2m
[run] flowcast  k=8/10 seq=4/12 (88/120)  t0=2388   rollout=  0.4s  avg= 0.4s/seq  elapsed=  0.6m  eta=  0.2m
[run] flowcast  k=8/10 seq=5/12 (89/120)  t0=3184   rollout=  0.4s  avg= 0.4s/seq  elapsed=  0.6m  eta=  0.2m
[run] flowcast  k=8/10 seq=6/12 (90/120)  t0=3980   rollout=  0.4s  avg= 0.4s/seq  elapsed=  0.6m  eta=  0.2m
[run] flowcast  k=8/10 seq=7/12 (91/120)  t0=4776   rollout=  0.4s  avg= 0.4s/seq  elapsed=  0.6m  eta=  0.2m
[run] flowcast  k=8/10 seq=8/12 (92/120)  t0=5572   rollout=  0.4s  avg= 0.4s/seq  elapsed=  0.7m  eta=  0.2m
[run] flowcast  k=8/10 seq=9/12 (93/120)  t0=6368   rollout=  0.4s  avg= 0.4s/seq  elapsed=  0.7m  eta=  0.2m
[run] flowcast  k=8/10 seq=10/12 (94/120)  t0=7164   rollout=  0.4s  avg= 0.4s/seq  elapsed=  0.7m  eta=  0.2m
[run] flowcast  k=8/10 seq=11/12 (95/120)  t0=7960   rollout=  0.4s  avg= 0.4s/seq  elapsed=  0.7m  eta=  0.2m
[run] flowcast  k=8/10 seq=12/12 (96/120)  t0=8757   rollout=  0.4s  avg= 0.4s/seq  elapsed=  0.7m  eta=  0.2m
[run] flowcast  k=9/10 seq=1/12 (97/120)  t0=0      rollout=  0.4s  avg= 0.4s/seq  elapsed=  0.7m  eta=  0.2m
[run] flowcast  k=9/10 seq=2/12 (98/120)  t0=796    rollout=  0.4s  avg= 0.4s/seq  elapsed=  0.7m  eta=  0.2m
[run] flowcast  k=9/10 seq=3/12 (99/120)  t0=1592   rollout=  0.4s  avg= 0.4s/seq  elapsed=  0.7m  eta=  0.1m
[run] flowcast  k=9/10 seq=4/12 (100/120)  t0=2388   rollout=  0.4s  avg= 0.4s/seq  elapsed=  0.7m  eta=  0.1m
[run] flowcast  k=9/10 seq=5/12 (101/120)  t0=3184   rollout=  0.4s  avg= 0.4s/seq  elapsed=  0.7m  eta=  0.1m
[run] flowcast  k=9/10 seq=6/12 (102/120)  t0=3980   rollout=  0.4s  avg= 0.4s/seq  elapsed=  0.7m  eta=  0.1m
[run] flowcast  k=9/10 seq=7/12 (103/120)  t0=4776   rollout=  0.4s  avg= 0.4s/seq  elapsed=  0.7m  eta=  0.1m
[run] flowcast  k=9/10 seq=8/12 (104/120)  t0=5572   rollout=  0.4s  avg= 0.4s/seq  elapsed=  0.7m  eta=  0.1m
[run] flowcast  k=9/10 seq=9/12 (105/120)  t0=6368   rollout=  0.4s  avg= 0.4s/seq  elapsed=  0.7m  eta=  0.1m
[run] flowcast  k=9/10 seq=10/12 (106/120)  t0=7164   rollout=  0.4s  avg= 0.4s/seq  elapsed=  0.8m  eta=  0.1m
[run] flowcast  k=9/10 seq=11/12 (107/120)  t0=7960   rollout=  0.4s  avg= 0.4s/seq  elapsed=  0.8m  eta=  0.1m
[run] flowcast  k=9/10 seq=12/12 (108/120)  t0=8757   rollout=  0.4s  avg= 0.4s/seq  elapsed=  0.8m  eta=  0.1m
[run] flowcast  k=10/10 seq=1/12 (109/120)  t0=0      rollout=  0.4s  avg= 0.4s/seq  elapsed=  0.8m  eta=  0.1m
[run] flowcast  k=10/10 seq=2/12 (110/120)  t0=796    rollout=  0.4s  avg= 0.4s/seq  elapsed=  0.8m  eta=  0.1m
[run] flowcast  k=10/10 seq=3/12 (111/120)  t0=1592   rollout=  0.4s  avg= 0.4s/seq  elapsed=  0.8m  eta=  0.1m
[run] flowcast  k=10/10 seq=4/12 (112/120)  t0=2388   rollout=  0.4s  avg= 0.4s/seq  elapsed=  0.8m  eta=  0.1m
[run] flowcast  k=10/10 seq=5/12 (113/120)  t0=3184   rollout=  0.4s  avg= 0.4s/seq  elapsed=  0.8m  eta=  0.0m
[run] flowcast  k=10/10 seq=6/12 (114/120)  t0=3980   rollout=  0.4s  avg= 0.4s/seq  elapsed=  0.8m  eta=  0.0m
[run] flowcast  k=10/10 seq=7/12 (115/120)  t0=4776   rollout=  0.4s  avg= 0.4s/seq  elapsed=  0.8m  eta=  0.0m
[run] flowcast  k=10/10 seq=8/12 (116/120)  t0=5572   rollout=  0.4s  avg= 0.4s/seq  elapsed=  0.8m  eta=  0.0m
[run] flowcast  k=10/10 seq=9/12 (117/120)  t0=6368   rollout=  0.5s  avg= 0.4s/seq  elapsed=  0.8m  eta=  0.0m
[run] flowcast  k=10/10 seq=10/12 (118/120)  t0=7164   rollout=  0.4s  avg= 0.4s/seq  elapsed=  0.8m  eta=  0.0m
[run] flowcast  k=10/10 seq=11/12 (119/120)  t0=7960   rollout=  0.4s  avg= 0.4s/seq  elapsed=  0.8m  eta=  0.0m
[run] flowcast  k=10/10 seq=12/12 (120/120)  t0=8757   rollout=  0.4s  avg= 0.4s/seq  elapsed=  0.9m  eta=  0.0m
[run] flowcast ensemble finished in 0.9m
[2026-06-12 11:28:15] [nfe_sweep] NFE=  8  t/seq= 0.43s  CRPS-qpepre=0.1363  CSI-M=0.2526  RMSE-qpepre=0.5675  NFE-elapsed=0.9m
| method | Time/Seq.(s) | CRPS↓ | CSI-M↑ | CSI-P16↑ | FSS-P16-M↑ | HSS-M↑ | FAR-M↓ | RMSE_u10↓ | RMSE_v10↓ | RMSE_t2m↓ | RMSE_qpepre↓ |
|---|---|---|---|---|---|---|---|---|---|---|---|
| flowcast | 0.427 | 0.3145 | 0.2526 | 0.0635 | 0.1074 | 0.3367 | 0.1350 | 0.8549 | 0.8675 | 0.4346 | 0.5675 |

================================================================
[2026-06-12 11:28:15] NFE = 10   (8/15)
================================================================
[run] flowcast ensemble starting: K=10 x S=12 x T=1 = 120 sequence-rollouts
[run] flowcast  k=1/10 seq=1/12 (1/120)  t0=0      rollout=  0.5s  avg= 0.5s/seq  elapsed=  0.0m  eta=  1.0m
[run] flowcast  k=1/10 seq=2/12 (2/120)  t0=796    rollout=  0.5s  avg= 0.5s/seq  elapsed=  0.0m  eta=  1.0m
[run] flowcast  k=1/10 seq=3/12 (3/120)  t0=1592   rollout=  0.5s  avg= 0.5s/seq  elapsed=  0.0m  eta=  1.0m
[run] flowcast  k=1/10 seq=4/12 (4/120)  t0=2388   rollout=  0.5s  avg= 0.5s/seq  elapsed=  0.0m  eta=  1.0m
[run] flowcast  k=1/10 seq=5/12 (5/120)  t0=3184   rollout=  0.5s  avg= 0.5s/seq  elapsed=  0.0m  eta=  1.0m
[run] flowcast  k=1/10 seq=6/12 (6/120)  t0=3980   rollout=  0.5s  avg= 0.5s/seq  elapsed=  0.1m  eta=  1.0m
[run] flowcast  k=1/10 seq=7/12 (7/120)  t0=4776   rollout=  0.5s  avg= 0.5s/seq  elapsed=  0.1m  eta=  1.0m
[run] flowcast  k=1/10 seq=8/12 (8/120)  t0=5572   rollout=  0.5s  avg= 0.5s/seq  elapsed=  0.1m  eta=  1.0m
[run] flowcast  k=1/10 seq=9/12 (9/120)  t0=6368   rollout=  0.5s  avg= 0.5s/seq  elapsed=  0.1m  eta=  0.9m
[run] flowcast  k=1/10 seq=10/12 (10/120)  t0=7164   rollout=  0.5s  avg= 0.5s/seq  elapsed=  0.1m  eta=  0.9m
[run] flowcast  k=1/10 seq=11/12 (11/120)  t0=7960   rollout=  0.5s  avg= 0.5s/seq  elapsed=  0.1m  eta=  0.9m
[run] flowcast  k=1/10 seq=12/12 (12/120)  t0=8757   rollout=  0.5s  avg= 0.5s/seq  elapsed=  0.1m  eta=  0.9m
[run] flowcast  k=2/10 seq=1/12 (13/120)  t0=0      rollout=  0.5s  avg= 0.5s/seq  elapsed=  0.1m  eta=  0.9m
[run] flowcast  k=2/10 seq=2/12 (14/120)  t0=796    rollout=  0.5s  avg= 0.5s/seq  elapsed=  0.1m  eta=  0.9m
[run] flowcast  k=2/10 seq=3/12 (15/120)  t0=1592   rollout=  0.5s  avg= 0.5s/seq  elapsed=  0.1m  eta=  0.9m
[run] flowcast  k=2/10 seq=4/12 (16/120)  t0=2388   rollout=  0.5s  avg= 0.5s/seq  elapsed=  0.1m  eta=  0.9m
[run] flowcast  k=2/10 seq=5/12 (17/120)  t0=3184   rollout=  0.5s  avg= 0.5s/seq  elapsed=  0.1m  eta=  0.9m
[run] flowcast  k=2/10 seq=6/12 (18/120)  t0=3980   rollout=  0.5s  avg= 0.5s/seq  elapsed=  0.2m  eta=  0.9m
[run] flowcast  k=2/10 seq=7/12 (19/120)  t0=4776   rollout=  0.6s  avg= 0.5s/seq  elapsed=  0.2m  eta=  0.9m
[run] flowcast  k=2/10 seq=8/12 (20/120)  t0=5572   rollout=  0.5s  avg= 0.5s/seq  elapsed=  0.2m  eta=  0.9m
[run] flowcast  k=2/10 seq=9/12 (21/120)  t0=6368   rollout=  0.5s  avg= 0.5s/seq  elapsed=  0.2m  eta=  0.8m
[run] flowcast  k=2/10 seq=10/12 (22/120)  t0=7164   rollout=  0.5s  avg= 0.5s/seq  elapsed=  0.2m  eta=  0.8m
[run] flowcast  k=2/10 seq=11/12 (23/120)  t0=7960   rollout=  0.5s  avg= 0.5s/seq  elapsed=  0.2m  eta=  0.8m
[run] flowcast  k=2/10 seq=12/12 (24/120)  t0=8757   rollout=  0.6s  avg= 0.5s/seq  elapsed=  0.2m  eta=  0.8m
[run] flowcast  k=3/10 seq=1/12 (25/120)  t0=0      rollout=  0.6s  avg= 0.5s/seq  elapsed=  0.2m  eta=  0.8m
[run] flowcast  k=3/10 seq=2/12 (26/120)  t0=796    rollout=  0.6s  avg= 0.5s/seq  elapsed=  0.2m  eta=  0.8m
[run] flowcast  k=3/10 seq=3/12 (27/120)  t0=1592   rollout=  0.5s  avg= 0.5s/seq  elapsed=  0.2m  eta=  0.8m
[run] flowcast  k=3/10 seq=4/12 (28/120)  t0=2388   rollout=  0.5s  avg= 0.5s/seq  elapsed=  0.2m  eta=  0.8m
[run] flowcast  k=3/10 seq=5/12 (29/120)  t0=3184   rollout=  0.5s  avg= 0.5s/seq  elapsed=  0.3m  eta=  0.8m
[run] flowcast  k=3/10 seq=6/12 (30/120)  t0=3980   rollout=  0.5s  avg= 0.5s/seq  elapsed=  0.3m  eta=  0.8m
[run] flowcast  k=3/10 seq=7/12 (31/120)  t0=4776   rollout=  0.5s  avg= 0.5s/seq  elapsed=  0.3m  eta=  0.8m
[run] flowcast  k=3/10 seq=8/12 (32/120)  t0=5572   rollout=  0.5s  avg= 0.5s/seq  elapsed=  0.3m  eta=  0.8m
[run] flowcast  k=3/10 seq=9/12 (33/120)  t0=6368   rollout=  0.5s  avg= 0.5s/seq  elapsed=  0.3m  eta=  0.7m
[run] flowcast  k=3/10 seq=10/12 (34/120)  t0=7164   rollout=  0.5s  avg= 0.5s/seq  elapsed=  0.3m  eta=  0.7m
[run] flowcast  k=3/10 seq=11/12 (35/120)  t0=7960   rollout=  0.5s  avg= 0.5s/seq  elapsed=  0.3m  eta=  0.7m
[run] flowcast  k=3/10 seq=12/12 (36/120)  t0=8757   rollout=  0.5s  avg= 0.5s/seq  elapsed=  0.3m  eta=  0.7m
[run] flowcast  k=4/10 seq=1/12 (37/120)  t0=0      rollout=  0.5s  avg= 0.5s/seq  elapsed=  0.3m  eta=  0.7m
[run] flowcast  k=4/10 seq=2/12 (38/120)  t0=796    rollout=  0.5s  avg= 0.5s/seq  elapsed=  0.3m  eta=  0.7m
[run] flowcast  k=4/10 seq=3/12 (39/120)  t0=1592   rollout=  0.5s  avg= 0.5s/seq  elapsed=  0.3m  eta=  0.7m
[run] flowcast  k=4/10 seq=4/12 (40/120)  t0=2388   rollout=  0.5s  avg= 0.5s/seq  elapsed=  0.3m  eta=  0.7m
[run] flowcast  k=4/10 seq=5/12 (41/120)  t0=3184   rollout=  0.5s  avg= 0.5s/seq  elapsed=  0.4m  eta=  0.7m
[run] flowcast  k=4/10 seq=6/12 (42/120)  t0=3980   rollout=  0.5s  avg= 0.5s/seq  elapsed=  0.4m  eta=  0.7m
[run] flowcast  k=4/10 seq=7/12 (43/120)  t0=4776   rollout=  0.5s  avg= 0.5s/seq  elapsed=  0.4m  eta=  0.7m
[run] flowcast  k=4/10 seq=8/12 (44/120)  t0=5572   rollout=  0.5s  avg= 0.5s/seq  elapsed=  0.4m  eta=  0.7m
[run] flowcast  k=4/10 seq=9/12 (45/120)  t0=6368   rollout=  0.5s  avg= 0.5s/seq  elapsed=  0.4m  eta=  0.6m
[run] flowcast  k=4/10 seq=10/12 (46/120)  t0=7164   rollout=  0.5s  avg= 0.5s/seq  elapsed=  0.4m  eta=  0.6m
[run] flowcast  k=4/10 seq=11/12 (47/120)  t0=7960   rollout=  0.5s  avg= 0.5s/seq  elapsed=  0.4m  eta=  0.6m
[run] flowcast  k=4/10 seq=12/12 (48/120)  t0=8757   rollout=  0.5s  avg= 0.5s/seq  elapsed=  0.4m  eta=  0.6m
[run] flowcast  k=5/10 seq=1/12 (49/120)  t0=0      rollout=  0.5s  avg= 0.5s/seq  elapsed=  0.4m  eta=  0.6m
[run] flowcast  k=5/10 seq=2/12 (50/120)  t0=796    rollout=  0.5s  avg= 0.5s/seq  elapsed=  0.4m  eta=  0.6m
[run] flowcast  k=5/10 seq=3/12 (51/120)  t0=1592   rollout=  0.5s  avg= 0.5s/seq  elapsed=  0.4m  eta=  0.6m
[run] flowcast  k=5/10 seq=4/12 (52/120)  t0=2388   rollout=  0.5s  avg= 0.5s/seq  elapsed=  0.4m  eta=  0.6m
[run] flowcast  k=5/10 seq=5/12 (53/120)  t0=3184   rollout=  0.5s  avg= 0.5s/seq  elapsed=  0.5m  eta=  0.6m
[run] flowcast  k=5/10 seq=6/12 (54/120)  t0=3980   rollout=  0.5s  avg= 0.5s/seq  elapsed=  0.5m  eta=  0.6m
[run] flowcast  k=5/10 seq=7/12 (55/120)  t0=4776   rollout=  0.5s  avg= 0.5s/seq  elapsed=  0.5m  eta=  0.6m
[run] flowcast  k=5/10 seq=8/12 (56/120)  t0=5572   rollout=  0.5s  avg= 0.5s/seq  elapsed=  0.5m  eta=  0.6m
[run] flowcast  k=5/10 seq=9/12 (57/120)  t0=6368   rollout=  0.5s  avg= 0.5s/seq  elapsed=  0.5m  eta=  0.5m
[run] flowcast  k=5/10 seq=10/12 (58/120)  t0=7164   rollout=  0.5s  avg= 0.5s/seq  elapsed=  0.5m  eta=  0.5m
[run] flowcast  k=5/10 seq=11/12 (59/120)  t0=7960   rollout=  0.5s  avg= 0.5s/seq  elapsed=  0.5m  eta=  0.5m
[run] flowcast  k=5/10 seq=12/12 (60/120)  t0=8757   rollout=  0.5s  avg= 0.5s/seq  elapsed=  0.5m  eta=  0.5m
[run] flowcast  k=6/10 seq=1/12 (61/120)  t0=0      rollout=  0.5s  avg= 0.5s/seq  elapsed=  0.5m  eta=  0.5m
[run] flowcast  k=6/10 seq=2/12 (62/120)  t0=796    rollout=  0.5s  avg= 0.5s/seq  elapsed=  0.5m  eta=  0.5m
[run] flowcast  k=6/10 seq=3/12 (63/120)  t0=1592   rollout=  0.5s  avg= 0.5s/seq  elapsed=  0.5m  eta=  0.5m
[run] flowcast  k=6/10 seq=4/12 (64/120)  t0=2388   rollout=  0.5s  avg= 0.5s/seq  elapsed=  0.6m  eta=  0.5m
[run] flowcast  k=6/10 seq=5/12 (65/120)  t0=3184   rollout=  0.5s  avg= 0.5s/seq  elapsed=  0.6m  eta=  0.5m
[run] flowcast  k=6/10 seq=6/12 (66/120)  t0=3980   rollout=  0.5s  avg= 0.5s/seq  elapsed=  0.6m  eta=  0.5m
[run] flowcast  k=6/10 seq=7/12 (67/120)  t0=4776   rollout=  0.5s  avg= 0.5s/seq  elapsed=  0.6m  eta=  0.5m
[run] flowcast  k=6/10 seq=8/12 (68/120)  t0=5572   rollout=  0.5s  avg= 0.5s/seq  elapsed=  0.6m  eta=  0.4m
[run] flowcast  k=6/10 seq=9/12 (69/120)  t0=6368   rollout=  0.5s  avg= 0.5s/seq  elapsed=  0.6m  eta=  0.4m
[run] flowcast  k=6/10 seq=10/12 (70/120)  t0=7164   rollout=  0.5s  avg= 0.5s/seq  elapsed=  0.6m  eta=  0.4m
[run] flowcast  k=6/10 seq=11/12 (71/120)  t0=7960   rollout=  0.5s  avg= 0.5s/seq  elapsed=  0.6m  eta=  0.4m
[run] flowcast  k=6/10 seq=12/12 (72/120)  t0=8757   rollout=  0.5s  avg= 0.5s/seq  elapsed=  0.6m  eta=  0.4m
[run] flowcast  k=7/10 seq=1/12 (73/120)  t0=0      rollout=  0.5s  avg= 0.5s/seq  elapsed=  0.6m  eta=  0.4m
[run] flowcast  k=7/10 seq=2/12 (74/120)  t0=796    rollout=  0.5s  avg= 0.5s/seq  elapsed=  0.6m  eta=  0.4m
[run] flowcast  k=7/10 seq=3/12 (75/120)  t0=1592   rollout=  0.5s  avg= 0.5s/seq  elapsed=  0.6m  eta=  0.4m
[run] flowcast  k=7/10 seq=4/12 (76/120)  t0=2388   rollout=  0.5s  avg= 0.5s/seq  elapsed=  0.7m  eta=  0.4m
[run] flowcast  k=7/10 seq=5/12 (77/120)  t0=3184   rollout=  0.5s  avg= 0.5s/seq  elapsed=  0.7m  eta=  0.4m
[run] flowcast  k=7/10 seq=6/12 (78/120)  t0=3980   rollout=  0.5s  avg= 0.5s/seq  elapsed=  0.7m  eta=  0.4m
[run] flowcast  k=7/10 seq=7/12 (79/120)  t0=4776   rollout=  0.5s  avg= 0.5s/seq  elapsed=  0.7m  eta=  0.4m
[run] flowcast  k=7/10 seq=8/12 (80/120)  t0=5572   rollout=  0.5s  avg= 0.5s/seq  elapsed=  0.7m  eta=  0.3m
[run] flowcast  k=7/10 seq=9/12 (81/120)  t0=6368   rollout=  0.5s  avg= 0.5s/seq  elapsed=  0.7m  eta=  0.3m
[run] flowcast  k=7/10 seq=10/12 (82/120)  t0=7164   rollout=  0.5s  avg= 0.5s/seq  elapsed=  0.7m  eta=  0.3m
[run] flowcast  k=7/10 seq=11/12 (83/120)  t0=7960   rollout=  0.5s  avg= 0.5s/seq  elapsed=  0.7m  eta=  0.3m
[run] flowcast  k=7/10 seq=12/12 (84/120)  t0=8757   rollout=  0.5s  avg= 0.5s/seq  elapsed=  0.7m  eta=  0.3m
[run] flowcast  k=8/10 seq=1/12 (85/120)  t0=0      rollout=  0.5s  avg= 0.5s/seq  elapsed=  0.7m  eta=  0.3m
[run] flowcast  k=8/10 seq=2/12 (86/120)  t0=796    rollout=  0.5s  avg= 0.5s/seq  elapsed=  0.7m  eta=  0.3m
[run] flowcast  k=8/10 seq=3/12 (87/120)  t0=1592   rollout=  0.5s  avg= 0.5s/seq  elapsed=  0.7m  eta=  0.3m
[run] flowcast  k=8/10 seq=4/12 (88/120)  t0=2388   rollout=  0.5s  avg= 0.5s/seq  elapsed=  0.8m  eta=  0.3m
[run] flowcast  k=8/10 seq=5/12 (89/120)  t0=3184   rollout=  0.5s  avg= 0.5s/seq  elapsed=  0.8m  eta=  0.3m
[run] flowcast  k=8/10 seq=6/12 (90/120)  t0=3980   rollout=  0.5s  avg= 0.5s/seq  elapsed=  0.8m  eta=  0.3m
[run] flowcast  k=8/10 seq=7/12 (91/120)  t0=4776   rollout=  0.5s  avg= 0.5s/seq  elapsed=  0.8m  eta=  0.2m
[run] flowcast  k=8/10 seq=8/12 (92/120)  t0=5572   rollout=  0.5s  avg= 0.5s/seq  elapsed=  0.8m  eta=  0.2m
[run] flowcast  k=8/10 seq=9/12 (93/120)  t0=6368   rollout=  0.5s  avg= 0.5s/seq  elapsed=  0.8m  eta=  0.2m
[run] flowcast  k=8/10 seq=10/12 (94/120)  t0=7164   rollout=  0.5s  avg= 0.5s/seq  elapsed=  0.8m  eta=  0.2m
[run] flowcast  k=8/10 seq=11/12 (95/120)  t0=7960   rollout=  0.5s  avg= 0.5s/seq  elapsed=  0.8m  eta=  0.2m
[run] flowcast  k=8/10 seq=12/12 (96/120)  t0=8757   rollout=  0.5s  avg= 0.5s/seq  elapsed=  0.8m  eta=  0.2m
[run] flowcast  k=9/10 seq=1/12 (97/120)  t0=0      rollout=  0.5s  avg= 0.5s/seq  elapsed=  0.8m  eta=  0.2m
[run] flowcast  k=9/10 seq=2/12 (98/120)  t0=796    rollout=  0.5s  avg= 0.5s/seq  elapsed=  0.8m  eta=  0.2m
[run] flowcast  k=9/10 seq=3/12 (99/120)  t0=1592   rollout=  0.5s  avg= 0.5s/seq  elapsed=  0.8m  eta=  0.2m
[run] flowcast  k=9/10 seq=4/12 (100/120)  t0=2388   rollout=  0.5s  avg= 0.5s/seq  elapsed=  0.9m  eta=  0.2m
[run] flowcast  k=9/10 seq=5/12 (101/120)  t0=3184   rollout=  0.5s  avg= 0.5s/seq  elapsed=  0.9m  eta=  0.2m
[run] flowcast  k=9/10 seq=6/12 (102/120)  t0=3980   rollout=  0.5s  avg= 0.5s/seq  elapsed=  0.9m  eta=  0.2m
[run] flowcast  k=9/10 seq=7/12 (103/120)  t0=4776   rollout=  0.5s  avg= 0.5s/seq  elapsed=  0.9m  eta=  0.1m
[run] flowcast  k=9/10 seq=8/12 (104/120)  t0=5572   rollout=  0.5s  avg= 0.5s/seq  elapsed=  0.9m  eta=  0.1m
[run] flowcast  k=9/10 seq=9/12 (105/120)  t0=6368   rollout=  0.5s  avg= 0.5s/seq  elapsed=  0.9m  eta=  0.1m
[run] flowcast  k=9/10 seq=10/12 (106/120)  t0=7164   rollout=  0.5s  avg= 0.5s/seq  elapsed=  0.9m  eta=  0.1m
[run] flowcast  k=9/10 seq=11/12 (107/120)  t0=7960   rollout=  0.5s  avg= 0.5s/seq  elapsed=  0.9m  eta=  0.1m
[run] flowcast  k=9/10 seq=12/12 (108/120)  t0=8757   rollout=  0.5s  avg= 0.5s/seq  elapsed=  0.9m  eta=  0.1m
[run] flowcast  k=10/10 seq=1/12 (109/120)  t0=0      rollout=  0.5s  avg= 0.5s/seq  elapsed=  0.9m  eta=  0.1m
[run] flowcast  k=10/10 seq=2/12 (110/120)  t0=796    rollout=  0.5s  avg= 0.5s/seq  elapsed=  0.9m  eta=  0.1m
[run] flowcast  k=10/10 seq=3/12 (111/120)  t0=1592   rollout=  0.5s  avg= 0.5s/seq  elapsed=  0.9m  eta=  0.1m
[run] flowcast  k=10/10 seq=4/12 (112/120)  t0=2388   rollout=  0.5s  avg= 0.5s/seq  elapsed=  1.0m  eta=  0.1m
[run] flowcast  k=10/10 seq=5/12 (113/120)  t0=3184   rollout=  0.5s  avg= 0.5s/seq  elapsed=  1.0m  eta=  0.1m
[run] flowcast  k=10/10 seq=6/12 (114/120)  t0=3980   rollout=  0.5s  avg= 0.5s/seq  elapsed=  1.0m  eta=  0.1m
[run] flowcast  k=10/10 seq=7/12 (115/120)  t0=4776   rollout=  0.5s  avg= 0.5s/seq  elapsed=  1.0m  eta=  0.0m
[run] flowcast  k=10/10 seq=8/12 (116/120)  t0=5572   rollout=  0.5s  avg= 0.5s/seq  elapsed=  1.0m  eta=  0.0m
[run] flowcast  k=10/10 seq=9/12 (117/120)  t0=6368   rollout=  0.5s  avg= 0.5s/seq  elapsed=  1.0m  eta=  0.0m
[run] flowcast  k=10/10 seq=10/12 (118/120)  t0=7164   rollout=  0.5s  avg= 0.5s/seq  elapsed=  1.0m  eta=  0.0m
[run] flowcast  k=10/10 seq=11/12 (119/120)  t0=7960   rollout=  0.5s  avg= 0.5s/seq  elapsed=  1.0m  eta=  0.0m
[run] flowcast  k=10/10 seq=12/12 (120/120)  t0=8757   rollout=  0.5s  avg= 0.5s/seq  elapsed=  1.0m  eta=  0.0m
[run] flowcast ensemble finished in 1.0m
[2026-06-12 11:29:17] [nfe_sweep] NFE= 10  t/seq= 0.51s  CRPS-qpepre=0.1351  CSI-M=0.2523  RMSE-qpepre=0.5679  NFE-elapsed=1.0m
| method | Time/Seq.(s) | CRPS↓ | CSI-M↑ | CSI-P16↑ | FSS-P16-M↑ | HSS-M↑ | FAR-M↓ | RMSE_u10↓ | RMSE_v10↓ | RMSE_t2m↓ | RMSE_qpepre↓ |
|---|---|---|---|---|---|---|---|---|---|---|---|
| flowcast | 0.508 | 0.3123 | 0.2523 | 0.0625 | 0.1265 | 0.3362 | 0.1862 | 0.8568 | 0.8721 | 0.4366 | 0.5679 |

================================================================
[2026-06-12 11:29:17] NFE = 12   (9/15)
================================================================
[run] flowcast ensemble starting: K=10 x S=12 x T=1 = 120 sequence-rollouts
[run] flowcast  k=1/10 seq=1/12 (1/120)  t0=0      rollout=  0.6s  avg= 0.6s/seq  elapsed=  0.0m  eta=  1.2m
[run] flowcast  k=1/10 seq=2/12 (2/120)  t0=796    rollout=  0.6s  avg= 0.6s/seq  elapsed=  0.0m  eta=  1.2m
[run] flowcast  k=1/10 seq=3/12 (3/120)  t0=1592   rollout=  0.6s  avg= 0.6s/seq  elapsed=  0.0m  eta=  1.2m
[run] flowcast  k=1/10 seq=4/12 (4/120)  t0=2388   rollout=  0.6s  avg= 0.6s/seq  elapsed=  0.0m  eta=  1.2m
[run] flowcast  k=1/10 seq=5/12 (5/120)  t0=3184   rollout=  0.6s  avg= 0.6s/seq  elapsed=  0.0m  eta=  1.1m
[run] flowcast  k=1/10 seq=6/12 (6/120)  t0=3980   rollout=  0.6s  avg= 0.6s/seq  elapsed=  0.1m  eta=  1.1m
[run] flowcast  k=1/10 seq=7/12 (7/120)  t0=4776   rollout=  0.7s  avg= 0.6s/seq  elapsed=  0.1m  eta=  1.2m
[run] flowcast  k=1/10 seq=8/12 (8/120)  t0=5572   rollout=  0.6s  avg= 0.6s/seq  elapsed=  0.1m  eta=  1.1m
[run] flowcast  k=1/10 seq=9/12 (9/120)  t0=6368   rollout=  0.6s  avg= 0.6s/seq  elapsed=  0.1m  eta=  1.1m
[run] flowcast  k=1/10 seq=10/12 (10/120)  t0=7164   rollout=  0.6s  avg= 0.6s/seq  elapsed=  0.1m  eta=  1.1m
[run] flowcast  k=1/10 seq=11/12 (11/120)  t0=7960   rollout=  0.6s  avg= 0.6s/seq  elapsed=  0.1m  eta=  1.1m
[run] flowcast  k=1/10 seq=12/12 (12/120)  t0=8757   rollout=  0.6s  avg= 0.6s/seq  elapsed=  0.1m  eta=  1.1m
[run] flowcast  k=2/10 seq=1/12 (13/120)  t0=0      rollout=  0.6s  avg= 0.6s/seq  elapsed=  0.1m  eta=  1.1m
[run] flowcast  k=2/10 seq=2/12 (14/120)  t0=796    rollout=  0.6s  avg= 0.6s/seq  elapsed=  0.1m  eta=  1.1m
[run] flowcast  k=2/10 seq=3/12 (15/120)  t0=1592   rollout=  0.6s  avg= 0.6s/seq  elapsed=  0.2m  eta=  1.1m
[run] flowcast  k=2/10 seq=4/12 (16/120)  t0=2388   rollout=  0.6s  avg= 0.6s/seq  elapsed=  0.2m  eta=  1.0m
[run] flowcast  k=2/10 seq=5/12 (17/120)  t0=3184   rollout=  0.6s  avg= 0.6s/seq  elapsed=  0.2m  eta=  1.0m
[run] flowcast  k=2/10 seq=6/12 (18/120)  t0=3980   rollout=  0.6s  avg= 0.6s/seq  elapsed=  0.2m  eta=  1.0m
[run] flowcast  k=2/10 seq=7/12 (19/120)  t0=4776   rollout=  0.6s  avg= 0.6s/seq  elapsed=  0.2m  eta=  1.0m
[run] flowcast  k=2/10 seq=8/12 (20/120)  t0=5572   rollout=  0.6s  avg= 0.6s/seq  elapsed=  0.2m  eta=  1.0m
[run] flowcast  k=2/10 seq=9/12 (21/120)  t0=6368   rollout=  0.6s  avg= 0.6s/seq  elapsed=  0.2m  eta=  1.0m
[run] flowcast  k=2/10 seq=10/12 (22/120)  t0=7164   rollout=  0.6s  avg= 0.6s/seq  elapsed=  0.2m  eta=  1.0m
[run] flowcast  k=2/10 seq=11/12 (23/120)  t0=7960   rollout=  0.6s  avg= 0.6s/seq  elapsed=  0.2m  eta=  1.0m
[run] flowcast  k=2/10 seq=12/12 (24/120)  t0=8757   rollout=  0.6s  avg= 0.6s/seq  elapsed=  0.2m  eta=  1.0m
[run] flowcast  k=3/10 seq=1/12 (25/120)  t0=0      rollout=  0.6s  avg= 0.6s/seq  elapsed=  0.3m  eta=  1.0m
[run] flowcast  k=3/10 seq=2/12 (26/120)  t0=796    rollout=  0.6s  avg= 0.6s/seq  elapsed=  0.3m  eta=  0.9m
[run] flowcast  k=3/10 seq=3/12 (27/120)  t0=1592   rollout=  0.6s  avg= 0.6s/seq  elapsed=  0.3m  eta=  0.9m
[run] flowcast  k=3/10 seq=4/12 (28/120)  t0=2388   rollout=  0.6s  avg= 0.6s/seq  elapsed=  0.3m  eta=  0.9m
[run] flowcast  k=3/10 seq=5/12 (29/120)  t0=3184   rollout=  0.6s  avg= 0.6s/seq  elapsed=  0.3m  eta=  0.9m
[run] flowcast  k=3/10 seq=6/12 (30/120)  t0=3980   rollout=  0.6s  avg= 0.6s/seq  elapsed=  0.3m  eta=  0.9m
[run] flowcast  k=3/10 seq=7/12 (31/120)  t0=4776   rollout=  0.6s  avg= 0.6s/seq  elapsed=  0.3m  eta=  0.9m
[run] flowcast  k=3/10 seq=8/12 (32/120)  t0=5572   rollout=  0.6s  avg= 0.6s/seq  elapsed=  0.3m  eta=  0.9m
[run] flowcast  k=3/10 seq=9/12 (33/120)  t0=6368   rollout=  0.6s  avg= 0.6s/seq  elapsed=  0.3m  eta=  0.9m
[run] flowcast  k=3/10 seq=10/12 (34/120)  t0=7164   rollout=  0.6s  avg= 0.6s/seq  elapsed=  0.3m  eta=  0.9m
[run] flowcast  k=3/10 seq=11/12 (35/120)  t0=7960   rollout=  0.6s  avg= 0.6s/seq  elapsed=  0.4m  eta=  0.9m
[run] flowcast  k=3/10 seq=12/12 (36/120)  t0=8757   rollout=  0.6s  avg= 0.6s/seq  elapsed=  0.4m  eta=  0.8m
[run] flowcast  k=4/10 seq=1/12 (37/120)  t0=0      rollout=  0.6s  avg= 0.6s/seq  elapsed=  0.4m  eta=  0.8m
[run] flowcast  k=4/10 seq=2/12 (38/120)  t0=796    rollout=  0.6s  avg= 0.6s/seq  elapsed=  0.4m  eta=  0.8m
[run] flowcast  k=4/10 seq=3/12 (39/120)  t0=1592   rollout=  0.6s  avg= 0.6s/seq  elapsed=  0.4m  eta=  0.8m
[run] flowcast  k=4/10 seq=4/12 (40/120)  t0=2388   rollout=  0.6s  avg= 0.6s/seq  elapsed=  0.4m  eta=  0.8m
[run] flowcast  k=4/10 seq=5/12 (41/120)  t0=3184   rollout=  0.6s  avg= 0.6s/seq  elapsed=  0.4m  eta=  0.8m
[run] flowcast  k=4/10 seq=6/12 (42/120)  t0=3980   rollout=  0.6s  avg= 0.6s/seq  elapsed=  0.4m  eta=  0.8m
[run] flowcast  k=4/10 seq=7/12 (43/120)  t0=4776   rollout=  0.6s  avg= 0.6s/seq  elapsed=  0.4m  eta=  0.8m
[run] flowcast  k=4/10 seq=8/12 (44/120)  t0=5572   rollout=  0.6s  avg= 0.6s/seq  elapsed=  0.4m  eta=  0.8m
[run] flowcast  k=4/10 seq=9/12 (45/120)  t0=6368   rollout=  0.6s  avg= 0.6s/seq  elapsed=  0.5m  eta=  0.8m
[run] flowcast  k=4/10 seq=10/12 (46/120)  t0=7164   rollout=  0.6s  avg= 0.6s/seq  elapsed=  0.5m  eta=  0.7m
[run] flowcast  k=4/10 seq=11/12 (47/120)  t0=7960   rollout=  0.6s  avg= 0.6s/seq  elapsed=  0.5m  eta=  0.7m
[run] flowcast  k=4/10 seq=12/12 (48/120)  t0=8757   rollout=  0.6s  avg= 0.6s/seq  elapsed=  0.5m  eta=  0.7m
[run] flowcast  k=5/10 seq=1/12 (49/120)  t0=0      rollout=  0.6s  avg= 0.6s/seq  elapsed=  0.5m  eta=  0.7m
[run] flowcast  k=5/10 seq=2/12 (50/120)  t0=796    rollout=  0.6s  avg= 0.6s/seq  elapsed=  0.5m  eta=  0.7m
[run] flowcast  k=5/10 seq=3/12 (51/120)  t0=1592   rollout=  0.6s  avg= 0.6s/seq  elapsed=  0.5m  eta=  0.7m
[run] flowcast  k=5/10 seq=4/12 (52/120)  t0=2388   rollout=  0.6s  avg= 0.6s/seq  elapsed=  0.5m  eta=  0.7m
[run] flowcast  k=5/10 seq=5/12 (53/120)  t0=3184   rollout=  0.6s  avg= 0.6s/seq  elapsed=  0.5m  eta=  0.7m
[run] flowcast  k=5/10 seq=6/12 (54/120)  t0=3980   rollout=  0.6s  avg= 0.6s/seq  elapsed=  0.5m  eta=  0.7m
[run] flowcast  k=5/10 seq=7/12 (55/120)  t0=4776   rollout=  0.6s  avg= 0.6s/seq  elapsed=  0.6m  eta=  0.7m
[run] flowcast  k=5/10 seq=8/12 (56/120)  t0=5572   rollout=  0.6s  avg= 0.6s/seq  elapsed=  0.6m  eta=  0.6m
[run] flowcast  k=5/10 seq=9/12 (57/120)  t0=6368   rollout=  0.6s  avg= 0.6s/seq  elapsed=  0.6m  eta=  0.6m
[run] flowcast  k=5/10 seq=10/12 (58/120)  t0=7164   rollout=  0.6s  avg= 0.6s/seq  elapsed=  0.6m  eta=  0.6m
[run] flowcast  k=5/10 seq=11/12 (59/120)  t0=7960   rollout=  0.6s  avg= 0.6s/seq  elapsed=  0.6m  eta=  0.6m
[run] flowcast  k=5/10 seq=12/12 (60/120)  t0=8757   rollout=  0.6s  avg= 0.6s/seq  elapsed=  0.6m  eta=  0.6m
[run] flowcast  k=6/10 seq=1/12 (61/120)  t0=0      rollout=  0.6s  avg= 0.6s/seq  elapsed=  0.6m  eta=  0.6m
[run] flowcast  k=6/10 seq=2/12 (62/120)  t0=796    rollout=  0.6s  avg= 0.6s/seq  elapsed=  0.6m  eta=  0.6m
[run] flowcast  k=6/10 seq=3/12 (63/120)  t0=1592   rollout=  0.6s  avg= 0.6s/seq  elapsed=  0.6m  eta=  0.6m
[run] flowcast  k=6/10 seq=4/12 (64/120)  t0=2388   rollout=  0.6s  avg= 0.6s/seq  elapsed=  0.6m  eta=  0.6m
[run] flowcast  k=6/10 seq=5/12 (65/120)  t0=3184   rollout=  0.6s  avg= 0.6s/seq  elapsed=  0.7m  eta=  0.6m
[run] flowcast  k=6/10 seq=6/12 (66/120)  t0=3980   rollout=  0.6s  avg= 0.6s/seq  elapsed=  0.7m  eta=  0.5m
[run] flowcast  k=6/10 seq=7/12 (67/120)  t0=4776   rollout=  0.6s  avg= 0.6s/seq  elapsed=  0.7m  eta=  0.5m
[run] flowcast  k=6/10 seq=8/12 (68/120)  t0=5572   rollout=  0.6s  avg= 0.6s/seq  elapsed=  0.7m  eta=  0.5m
[run] flowcast  k=6/10 seq=9/12 (69/120)  t0=6368   rollout=  0.6s  avg= 0.6s/seq  elapsed=  0.7m  eta=  0.5m
[run] flowcast  k=6/10 seq=10/12 (70/120)  t0=7164   rollout=  0.6s  avg= 0.6s/seq  elapsed=  0.7m  eta=  0.5m
[run] flowcast  k=6/10 seq=11/12 (71/120)  t0=7960   rollout=  0.6s  avg= 0.6s/seq  elapsed=  0.7m  eta=  0.5m
[run] flowcast  k=6/10 seq=12/12 (72/120)  t0=8757   rollout=  0.6s  avg= 0.6s/seq  elapsed=  0.7m  eta=  0.5m
[run] flowcast  k=7/10 seq=1/12 (73/120)  t0=0      rollout=  0.6s  avg= 0.6s/seq  elapsed=  0.7m  eta=  0.5m
[run] flowcast  k=7/10 seq=2/12 (74/120)  t0=796    rollout=  0.6s  avg= 0.6s/seq  elapsed=  0.7m  eta=  0.5m
[run] flowcast  k=7/10 seq=3/12 (75/120)  t0=1592   rollout=  0.6s  avg= 0.6s/seq  elapsed=  0.8m  eta=  0.5m
[run] flowcast  k=7/10 seq=4/12 (76/120)  t0=2388   rollout=  0.6s  avg= 0.6s/seq  elapsed=  0.8m  eta=  0.4m
[run] flowcast  k=7/10 seq=5/12 (77/120)  t0=3184   rollout=  0.6s  avg= 0.6s/seq  elapsed=  0.8m  eta=  0.4m
[run] flowcast  k=7/10 seq=6/12 (78/120)  t0=3980   rollout=  0.6s  avg= 0.6s/seq  elapsed=  0.8m  eta=  0.4m
[run] flowcast  k=7/10 seq=7/12 (79/120)  t0=4776   rollout=  0.6s  avg= 0.6s/seq  elapsed=  0.8m  eta=  0.4m
[run] flowcast  k=7/10 seq=8/12 (80/120)  t0=5572   rollout=  0.6s  avg= 0.6s/seq  elapsed=  0.8m  eta=  0.4m
[run] flowcast  k=7/10 seq=9/12 (81/120)  t0=6368   rollout=  0.6s  avg= 0.6s/seq  elapsed=  0.8m  eta=  0.4m
[run] flowcast  k=7/10 seq=10/12 (82/120)  t0=7164   rollout=  0.6s  avg= 0.6s/seq  elapsed=  0.8m  eta=  0.4m
[run] flowcast  k=7/10 seq=11/12 (83/120)  t0=7960   rollout=  0.6s  avg= 0.6s/seq  elapsed=  0.8m  eta=  0.4m
[run] flowcast  k=7/10 seq=12/12 (84/120)  t0=8757   rollout=  0.6s  avg= 0.6s/seq  elapsed=  0.8m  eta=  0.4m
[run] flowcast  k=8/10 seq=1/12 (85/120)  t0=0      rollout=  0.6s  avg= 0.6s/seq  elapsed=  0.9m  eta=  0.4m
[run] flowcast  k=8/10 seq=2/12 (86/120)  t0=796    rollout=  0.6s  avg= 0.6s/seq  elapsed=  0.9m  eta=  0.3m
[run] flowcast  k=8/10 seq=3/12 (87/120)  t0=1592   rollout=  0.6s  avg= 0.6s/seq  elapsed=  0.9m  eta=  0.3m
[run] flowcast  k=8/10 seq=4/12 (88/120)  t0=2388   rollout=  0.6s  avg= 0.6s/seq  elapsed=  0.9m  eta=  0.3m
[run] flowcast  k=8/10 seq=5/12 (89/120)  t0=3184   rollout=  0.6s  avg= 0.6s/seq  elapsed=  0.9m  eta=  0.3m
[run] flowcast  k=8/10 seq=6/12 (90/120)  t0=3980   rollout=  0.6s  avg= 0.6s/seq  elapsed=  0.9m  eta=  0.3m
[run] flowcast  k=8/10 seq=7/12 (91/120)  t0=4776   rollout=  0.6s  avg= 0.6s/seq  elapsed=  0.9m  eta=  0.3m
[run] flowcast  k=8/10 seq=8/12 (92/120)  t0=5572   rollout=  0.6s  avg= 0.6s/seq  elapsed=  0.9m  eta=  0.3m
[run] flowcast  k=8/10 seq=9/12 (93/120)  t0=6368   rollout=  0.6s  avg= 0.6s/seq  elapsed=  0.9m  eta=  0.3m
[run] flowcast  k=8/10 seq=10/12 (94/120)  t0=7164   rollout=  0.6s  avg= 0.6s/seq  elapsed=  0.9m  eta=  0.3m
[run] flowcast  k=8/10 seq=11/12 (95/120)  t0=7960   rollout=  0.6s  avg= 0.6s/seq  elapsed=  0.9m  eta=  0.2m
[run] flowcast  k=8/10 seq=12/12 (96/120)  t0=8757   rollout=  0.6s  avg= 0.6s/seq  elapsed=  1.0m  eta=  0.2m
[run] flowcast  k=9/10 seq=1/12 (97/120)  t0=0      rollout=  0.6s  avg= 0.6s/seq  elapsed=  1.0m  eta=  0.2m
[run] flowcast  k=9/10 seq=2/12 (98/120)  t0=796    rollout=  0.6s  avg= 0.6s/seq  elapsed=  1.0m  eta=  0.2m
[run] flowcast  k=9/10 seq=3/12 (99/120)  t0=1592   rollout=  0.7s  avg= 0.6s/seq  elapsed=  1.0m  eta=  0.2m
[run] flowcast  k=9/10 seq=4/12 (100/120)  t0=2388   rollout=  0.6s  avg= 0.6s/seq  elapsed=  1.0m  eta=  0.2m
[run] flowcast  k=9/10 seq=5/12 (101/120)  t0=3184   rollout=  0.6s  avg= 0.6s/seq  elapsed=  1.0m  eta=  0.2m
[run] flowcast  k=9/10 seq=6/12 (102/120)  t0=3980   rollout=  0.6s  avg= 0.6s/seq  elapsed=  1.0m  eta=  0.2m
[run] flowcast  k=9/10 seq=7/12 (103/120)  t0=4776   rollout=  0.6s  avg= 0.6s/seq  elapsed=  1.0m  eta=  0.2m
[run] flowcast  k=9/10 seq=8/12 (104/120)  t0=5572   rollout=  0.6s  avg= 0.6s/seq  elapsed=  1.0m  eta=  0.2m
[run] flowcast  k=9/10 seq=9/12 (105/120)  t0=6368   rollout=  0.6s  avg= 0.6s/seq  elapsed=  1.1m  eta=  0.2m
[run] flowcast  k=9/10 seq=10/12 (106/120)  t0=7164   rollout=  0.6s  avg= 0.6s/seq  elapsed=  1.1m  eta=  0.1m
[run] flowcast  k=9/10 seq=11/12 (107/120)  t0=7960   rollout=  0.6s  avg= 0.6s/seq  elapsed=  1.1m  eta=  0.1m
[run] flowcast  k=9/10 seq=12/12 (108/120)  t0=8757   rollout=  0.6s  avg= 0.6s/seq  elapsed=  1.1m  eta=  0.1m
[run] flowcast  k=10/10 seq=1/12 (109/120)  t0=0      rollout=  0.6s  avg= 0.6s/seq  elapsed=  1.1m  eta=  0.1m
[run] flowcast  k=10/10 seq=2/12 (110/120)  t0=796    rollout=  0.6s  avg= 0.6s/seq  elapsed=  1.1m  eta=  0.1m
[run] flowcast  k=10/10 seq=3/12 (111/120)  t0=1592   rollout=  0.6s  avg= 0.6s/seq  elapsed=  1.1m  eta=  0.1m
[run] flowcast  k=10/10 seq=4/12 (112/120)  t0=2388   rollout=  0.6s  avg= 0.6s/seq  elapsed=  1.1m  eta=  0.1m
[run] flowcast  k=10/10 seq=5/12 (113/120)  t0=3184   rollout=  0.6s  avg= 0.6s/seq  elapsed=  1.1m  eta=  0.1m
[run] flowcast  k=10/10 seq=6/12 (114/120)  t0=3980   rollout=  0.6s  avg= 0.6s/seq  elapsed=  1.1m  eta=  0.1m
[run] flowcast  k=10/10 seq=7/12 (115/120)  t0=4776   rollout=  0.6s  avg= 0.6s/seq  elapsed=  1.2m  eta=  0.1m
[run] flowcast  k=10/10 seq=8/12 (116/120)  t0=5572   rollout=  0.6s  avg= 0.6s/seq  elapsed=  1.2m  eta=  0.0m
[run] flowcast  k=10/10 seq=9/12 (117/120)  t0=6368   rollout=  0.6s  avg= 0.6s/seq  elapsed=  1.2m  eta=  0.0m
[run] flowcast  k=10/10 seq=10/12 (118/120)  t0=7164   rollout=  0.6s  avg= 0.6s/seq  elapsed=  1.2m  eta=  0.0m
[run] flowcast  k=10/10 seq=11/12 (119/120)  t0=7960   rollout=  0.6s  avg= 0.6s/seq  elapsed=  1.2m  eta=  0.0m
[run] flowcast  k=10/10 seq=12/12 (120/120)  t0=8757   rollout=  0.6s  avg= 0.6s/seq  elapsed=  1.2m  eta=  0.0m
[run] flowcast ensemble finished in 1.2m
[2026-06-12 11:30:29] [nfe_sweep] NFE= 12  t/seq= 0.61s  CRPS-qpepre=0.1343  CSI-M=0.2533  RMSE-qpepre=0.5686  NFE-elapsed=1.2m
| method | Time/Seq.(s) | CRPS↓ | CSI-M↑ | CSI-P16↑ | FSS-P16-M↑ | HSS-M↑ | FAR-M↓ | RMSE_u10↓ | RMSE_v10↓ | RMSE_t2m↓ | RMSE_qpepre↓ |
|---|---|---|---|---|---|---|---|---|---|---|---|
| flowcast | 0.607 | 0.3108 | 0.2533 | 0.0625 | 0.1265 | 0.3382 | 0.1945 | 0.8584 | 0.8750 | 0.4383 | 0.5686 |

================================================================
[2026-06-12 11:30:29] NFE = 16   (10/15)
================================================================
[run] flowcast ensemble starting: K=10 x S=12 x T=1 = 120 sequence-rollouts
[run] flowcast  k=1/10 seq=1/12 (1/120)  t0=0      rollout=  0.8s  avg= 0.8s/seq  elapsed=  0.0m  eta=  1.5m
[run] flowcast  k=1/10 seq=2/12 (2/120)  t0=796    rollout=  0.8s  avg= 0.8s/seq  elapsed=  0.0m  eta=  1.5m
[run] flowcast  k=1/10 seq=3/12 (3/120)  t0=1592   rollout=  0.8s  avg= 0.8s/seq  elapsed=  0.0m  eta=  1.5m
[run] flowcast  k=1/10 seq=4/12 (4/120)  t0=2388   rollout=  0.8s  avg= 0.8s/seq  elapsed=  0.1m  eta=  1.5m
[run] flowcast  k=1/10 seq=5/12 (5/120)  t0=3184   rollout=  0.8s  avg= 0.8s/seq  elapsed=  0.1m  eta=  1.5m
[run] flowcast  k=1/10 seq=6/12 (6/120)  t0=3980   rollout=  0.8s  avg= 0.8s/seq  elapsed=  0.1m  eta=  1.4m
[run] flowcast  k=1/10 seq=7/12 (7/120)  t0=4776   rollout=  0.7s  avg= 0.8s/seq  elapsed=  0.1m  eta=  1.4m
[run] flowcast  k=1/10 seq=8/12 (8/120)  t0=5572   rollout=  0.7s  avg= 0.8s/seq  elapsed=  0.1m  eta=  1.4m
[run] flowcast  k=1/10 seq=9/12 (9/120)  t0=6368   rollout=  0.7s  avg= 0.8s/seq  elapsed=  0.1m  eta=  1.4m
[run] flowcast  k=1/10 seq=10/12 (10/120)  t0=7164   rollout=  0.7s  avg= 0.8s/seq  elapsed=  0.1m  eta=  1.4m
[run] flowcast  k=1/10 seq=11/12 (11/120)  t0=7960   rollout=  0.7s  avg= 0.8s/seq  elapsed=  0.1m  eta=  1.4m
[run] flowcast  k=1/10 seq=12/12 (12/120)  t0=8757   rollout=  0.7s  avg= 0.7s/seq  elapsed=  0.1m  eta=  1.3m
[run] flowcast  k=2/10 seq=1/12 (13/120)  t0=0      rollout=  0.7s  avg= 0.8s/seq  elapsed=  0.2m  eta=  1.3m
[run] flowcast  k=2/10 seq=2/12 (14/120)  t0=796    rollout=  0.7s  avg= 0.8s/seq  elapsed=  0.2m  eta=  1.3m
[run] flowcast  k=2/10 seq=3/12 (15/120)  t0=1592   rollout=  0.7s  avg= 0.8s/seq  elapsed=  0.2m  eta=  1.3m
[run] flowcast  k=2/10 seq=4/12 (16/120)  t0=2388   rollout=  0.7s  avg= 0.8s/seq  elapsed=  0.2m  eta=  1.3m
[run] flowcast  k=2/10 seq=5/12 (17/120)  t0=3184   rollout=  0.7s  avg= 0.8s/seq  elapsed=  0.2m  eta=  1.3m
[run] flowcast  k=2/10 seq=6/12 (18/120)  t0=3980   rollout=  0.7s  avg= 0.8s/seq  elapsed=  0.2m  eta=  1.3m
[run] flowcast  k=2/10 seq=7/12 (19/120)  t0=4776   rollout=  0.8s  avg= 0.8s/seq  elapsed=  0.2m  eta=  1.3m
[run] flowcast  k=2/10 seq=8/12 (20/120)  t0=5572   rollout=  0.7s  avg= 0.8s/seq  elapsed=  0.3m  eta=  1.3m
[run] flowcast  k=2/10 seq=9/12 (21/120)  t0=6368   rollout=  0.8s  avg= 0.8s/seq  elapsed=  0.3m  eta=  1.2m
[run] flowcast  k=2/10 seq=10/12 (22/120)  t0=7164   rollout=  0.7s  avg= 0.8s/seq  elapsed=  0.3m  eta=  1.2m
[run] flowcast  k=2/10 seq=11/12 (23/120)  t0=7960   rollout=  0.7s  avg= 0.8s/seq  elapsed=  0.3m  eta=  1.2m
[run] flowcast  k=2/10 seq=12/12 (24/120)  t0=8757   rollout=  0.8s  avg= 0.8s/seq  elapsed=  0.3m  eta=  1.2m
[run] flowcast  k=3/10 seq=1/12 (25/120)  t0=0      rollout=  0.7s  avg= 0.8s/seq  elapsed=  0.3m  eta=  1.2m
[run] flowcast  k=3/10 seq=2/12 (26/120)  t0=796    rollout=  0.7s  avg= 0.7s/seq  elapsed=  0.3m  eta=  1.2m
[run] flowcast  k=3/10 seq=3/12 (27/120)  t0=1592   rollout=  0.7s  avg= 0.7s/seq  elapsed=  0.3m  eta=  1.2m
[run] flowcast  k=3/10 seq=4/12 (28/120)  t0=2388   rollout=  0.8s  avg= 0.8s/seq  elapsed=  0.4m  eta=  1.2m
[run] flowcast  k=3/10 seq=5/12 (29/120)  t0=3184   rollout=  0.7s  avg= 0.8s/seq  elapsed=  0.4m  eta=  1.1m
[run] flowcast  k=3/10 seq=6/12 (30/120)  t0=3980   rollout=  0.8s  avg= 0.8s/seq  elapsed=  0.4m  eta=  1.1m
[run] flowcast  k=3/10 seq=7/12 (31/120)  t0=4776   rollout=  0.8s  avg= 0.8s/seq  elapsed=  0.4m  eta=  1.1m
[run] flowcast  k=3/10 seq=8/12 (32/120)  t0=5572   rollout=  0.8s  avg= 0.8s/seq  elapsed=  0.4m  eta=  1.1m
[run] flowcast  k=3/10 seq=9/12 (33/120)  t0=6368   rollout=  0.8s  avg= 0.8s/seq  elapsed=  0.4m  eta=  1.1m
[run] flowcast  k=3/10 seq=10/12 (34/120)  t0=7164   rollout=  0.8s  avg= 0.8s/seq  elapsed=  0.4m  eta=  1.1m
[run] flowcast  k=3/10 seq=11/12 (35/120)  t0=7960   rollout=  0.8s  avg= 0.8s/seq  elapsed=  0.4m  eta=  1.1m
[run] flowcast  k=3/10 seq=12/12 (36/120)  t0=8757   rollout=  0.8s  avg= 0.8s/seq  elapsed=  0.5m  eta=  1.1m
[run] flowcast  k=4/10 seq=1/12 (37/120)  t0=0      rollout=  0.8s  avg= 0.8s/seq  elapsed=  0.5m  eta=  1.1m
[run] flowcast  k=4/10 seq=2/12 (38/120)  t0=796    rollout=  0.8s  avg= 0.8s/seq  elapsed=  0.5m  eta=  1.0m
[run] flowcast  k=4/10 seq=3/12 (39/120)  t0=1592   rollout=  0.7s  avg= 0.8s/seq  elapsed=  0.5m  eta=  1.0m
[run] flowcast  k=4/10 seq=4/12 (40/120)  t0=2388   rollout=  0.7s  avg= 0.8s/seq  elapsed=  0.5m  eta=  1.0m
[run] flowcast  k=4/10 seq=5/12 (41/120)  t0=3184   rollout=  0.8s  avg= 0.8s/seq  elapsed=  0.5m  eta=  1.0m
[run] flowcast  k=4/10 seq=6/12 (42/120)  t0=3980   rollout=  0.8s  avg= 0.8s/seq  elapsed=  0.5m  eta=  1.0m
[run] flowcast  k=4/10 seq=7/12 (43/120)  t0=4776   rollout=  0.8s  avg= 0.8s/seq  elapsed=  0.5m  eta=  1.0m
[run] flowcast  k=4/10 seq=8/12 (44/120)  t0=5572   rollout=  0.8s  avg= 0.8s/seq  elapsed=  0.6m  eta=  1.0m
[run] flowcast  k=4/10 seq=9/12 (45/120)  t0=6368   rollout=  0.7s  avg= 0.8s/seq  elapsed=  0.6m  eta=  1.0m
[run] flowcast  k=4/10 seq=10/12 (46/120)  t0=7164   rollout=  0.7s  avg= 0.8s/seq  elapsed=  0.6m  eta=  0.9m
[run] flowcast  k=4/10 seq=11/12 (47/120)  t0=7960   rollout=  0.7s  avg= 0.8s/seq  elapsed=  0.6m  eta=  0.9m
[run] flowcast  k=4/10 seq=12/12 (48/120)  t0=8757   rollout=  0.7s  avg= 0.8s/seq  elapsed=  0.6m  eta=  0.9m
[run] flowcast  k=5/10 seq=1/12 (49/120)  t0=0      rollout=  0.8s  avg= 0.8s/seq  elapsed=  0.6m  eta=  0.9m
[run] flowcast  k=5/10 seq=2/12 (50/120)  t0=796    rollout=  0.7s  avg= 0.8s/seq  elapsed=  0.6m  eta=  0.9m
[run] flowcast  k=5/10 seq=3/12 (51/120)  t0=1592   rollout=  0.8s  avg= 0.8s/seq  elapsed=  0.6m  eta=  0.9m
[run] flowcast  k=5/10 seq=4/12 (52/120)  t0=2388   rollout=  0.7s  avg= 0.8s/seq  elapsed=  0.7m  eta=  0.9m
[run] flowcast  k=5/10 seq=5/12 (53/120)  t0=3184   rollout=  0.7s  avg= 0.8s/seq  elapsed=  0.7m  eta=  0.9m
[run] flowcast  k=5/10 seq=6/12 (54/120)  t0=3980   rollout=  0.7s  avg= 0.8s/seq  elapsed=  0.7m  eta=  0.8m
[run] flowcast  k=5/10 seq=7/12 (55/120)  t0=4776   rollout=  0.7s  avg= 0.8s/seq  elapsed=  0.7m  eta=  0.8m
[run] flowcast  k=5/10 seq=8/12 (56/120)  t0=5572   rollout=  0.7s  avg= 0.8s/seq  elapsed=  0.7m  eta=  0.8m
[run] flowcast  k=5/10 seq=9/12 (57/120)  t0=6368   rollout=  0.7s  avg= 0.8s/seq  elapsed=  0.7m  eta=  0.8m
[run] flowcast  k=5/10 seq=10/12 (58/120)  t0=7164   rollout=  0.7s  avg= 0.8s/seq  elapsed=  0.7m  eta=  0.8m
[run] flowcast  k=5/10 seq=11/12 (59/120)  t0=7960   rollout=  0.7s  avg= 0.8s/seq  elapsed=  0.7m  eta=  0.8m
[run] flowcast  k=5/10 seq=12/12 (60/120)  t0=8757   rollout=  0.7s  avg= 0.8s/seq  elapsed=  0.8m  eta=  0.8m
[run] flowcast  k=6/10 seq=1/12 (61/120)  t0=0      rollout=  0.7s  avg= 0.8s/seq  elapsed=  0.8m  eta=  0.7m
[run] flowcast  k=6/10 seq=2/12 (62/120)  t0=796    rollout=  0.7s  avg= 0.8s/seq  elapsed=  0.8m  eta=  0.7m
[run] flowcast  k=6/10 seq=3/12 (63/120)  t0=1592   rollout=  0.7s  avg= 0.8s/seq  elapsed=  0.8m  eta=  0.7m
[run] flowcast  k=6/10 seq=4/12 (64/120)  t0=2388   rollout=  0.7s  avg= 0.8s/seq  elapsed=  0.8m  eta=  0.7m
[run] flowcast  k=6/10 seq=5/12 (65/120)  t0=3184   rollout=  0.7s  avg= 0.8s/seq  elapsed=  0.8m  eta=  0.7m
[run] flowcast  k=6/10 seq=6/12 (66/120)  t0=3980   rollout=  0.7s  avg= 0.8s/seq  elapsed=  0.8m  eta=  0.7m
[run] flowcast  k=6/10 seq=7/12 (67/120)  t0=4776   rollout=  0.7s  avg= 0.8s/seq  elapsed=  0.8m  eta=  0.7m
[run] flowcast  k=6/10 seq=8/12 (68/120)  t0=5572   rollout=  0.7s  avg= 0.8s/seq  elapsed=  0.9m  eta=  0.7m
[run] flowcast  k=6/10 seq=9/12 (69/120)  t0=6368   rollout=  0.7s  avg= 0.8s/seq  elapsed=  0.9m  eta=  0.6m
[run] flowcast  k=6/10 seq=10/12 (70/120)  t0=7164   rollout=  0.7s  avg= 0.8s/seq  elapsed=  0.9m  eta=  0.6m
[run] flowcast  k=6/10 seq=11/12 (71/120)  t0=7960   rollout=  0.7s  avg= 0.8s/seq  elapsed=  0.9m  eta=  0.6m
[run] flowcast  k=6/10 seq=12/12 (72/120)  t0=8757   rollout=  0.7s  avg= 0.8s/seq  elapsed=  0.9m  eta=  0.6m
[run] flowcast  k=7/10 seq=1/12 (73/120)  t0=0      rollout=  0.7s  avg= 0.8s/seq  elapsed=  0.9m  eta=  0.6m
[run] flowcast  k=7/10 seq=2/12 (74/120)  t0=796    rollout=  0.7s  avg= 0.8s/seq  elapsed=  0.9m  eta=  0.6m
[run] flowcast  k=7/10 seq=3/12 (75/120)  t0=1592   rollout=  0.7s  avg= 0.8s/seq  elapsed=  0.9m  eta=  0.6m
[run] flowcast  k=7/10 seq=4/12 (76/120)  t0=2388   rollout=  0.7s  avg= 0.8s/seq  elapsed=  1.0m  eta=  0.6m
[run] flowcast  k=7/10 seq=5/12 (77/120)  t0=3184   rollout=  0.8s  avg= 0.8s/seq  elapsed=  1.0m  eta=  0.5m
[run] flowcast  k=7/10 seq=6/12 (78/120)  t0=3980   rollout=  0.8s  avg= 0.8s/seq  elapsed=  1.0m  eta=  0.5m
[run] flowcast  k=7/10 seq=7/12 (79/120)  t0=4776   rollout=  0.7s  avg= 0.8s/seq  elapsed=  1.0m  eta=  0.5m
[run] flowcast  k=7/10 seq=8/12 (80/120)  t0=5572   rollout=  0.7s  avg= 0.8s/seq  elapsed=  1.0m  eta=  0.5m
[run] flowcast  k=7/10 seq=9/12 (81/120)  t0=6368   rollout=  0.7s  avg= 0.8s/seq  elapsed=  1.0m  eta=  0.5m
[run] flowcast  k=7/10 seq=10/12 (82/120)  t0=7164   rollout=  0.7s  avg= 0.8s/seq  elapsed=  1.0m  eta=  0.5m
[run] flowcast  k=7/10 seq=11/12 (83/120)  t0=7960   rollout=  0.7s  avg= 0.8s/seq  elapsed=  1.0m  eta=  0.5m
[run] flowcast  k=7/10 seq=12/12 (84/120)  t0=8757   rollout=  0.7s  avg= 0.8s/seq  elapsed=  1.1m  eta=  0.5m
[run] flowcast  k=8/10 seq=1/12 (85/120)  t0=0      rollout=  0.7s  avg= 0.8s/seq  elapsed=  1.1m  eta=  0.4m
[run] flowcast  k=8/10 seq=2/12 (86/120)  t0=796    rollout=  0.7s  avg= 0.8s/seq  elapsed=  1.1m  eta=  0.4m
[run] flowcast  k=8/10 seq=3/12 (87/120)  t0=1592   rollout=  0.8s  avg= 0.8s/seq  elapsed=  1.1m  eta=  0.4m
[run] flowcast  k=8/10 seq=4/12 (88/120)  t0=2388   rollout=  0.8s  avg= 0.8s/seq  elapsed=  1.1m  eta=  0.4m
[run] flowcast  k=8/10 seq=5/12 (89/120)  t0=3184   rollout=  0.7s  avg= 0.8s/seq  elapsed=  1.1m  eta=  0.4m
[run] flowcast  k=8/10 seq=6/12 (90/120)  t0=3980   rollout=  0.7s  avg= 0.8s/seq  elapsed=  1.1m  eta=  0.4m
[run] flowcast  k=8/10 seq=7/12 (91/120)  t0=4776   rollout=  0.7s  avg= 0.8s/seq  elapsed=  1.1m  eta=  0.4m
[run] flowcast  k=8/10 seq=8/12 (92/120)  t0=5572   rollout=  0.7s  avg= 0.8s/seq  elapsed=  1.2m  eta=  0.4m
[run] flowcast  k=8/10 seq=9/12 (93/120)  t0=6368   rollout=  0.7s  avg= 0.8s/seq  elapsed=  1.2m  eta=  0.3m
[run] flowcast  k=8/10 seq=10/12 (94/120)  t0=7164   rollout=  0.7s  avg= 0.8s/seq  elapsed=  1.2m  eta=  0.3m
[run] flowcast  k=8/10 seq=11/12 (95/120)  t0=7960   rollout=  0.7s  avg= 0.8s/seq  elapsed=  1.2m  eta=  0.3m
[run] flowcast  k=8/10 seq=12/12 (96/120)  t0=8757   rollout=  0.7s  avg= 0.8s/seq  elapsed=  1.2m  eta=  0.3m
[run] flowcast  k=9/10 seq=1/12 (97/120)  t0=0      rollout=  0.7s  avg= 0.8s/seq  elapsed=  1.2m  eta=  0.3m
[run] flowcast  k=9/10 seq=2/12 (98/120)  t0=796    rollout=  0.7s  avg= 0.8s/seq  elapsed=  1.2m  eta=  0.3m
[run] flowcast  k=9/10 seq=3/12 (99/120)  t0=1592   rollout=  0.7s  avg= 0.8s/seq  elapsed=  1.2m  eta=  0.3m
[run] flowcast  k=9/10 seq=4/12 (100/120)  t0=2388   rollout=  0.7s  avg= 0.8s/seq  elapsed=  1.3m  eta=  0.3m
[run] flowcast  k=9/10 seq=5/12 (101/120)  t0=3184   rollout=  0.7s  avg= 0.8s/seq  elapsed=  1.3m  eta=  0.2m
[run] flowcast  k=9/10 seq=6/12 (102/120)  t0=3980   rollout=  0.7s  avg= 0.8s/seq  elapsed=  1.3m  eta=  0.2m
[run] flowcast  k=9/10 seq=7/12 (103/120)  t0=4776   rollout=  0.7s  avg= 0.8s/seq  elapsed=  1.3m  eta=  0.2m
[run] flowcast  k=9/10 seq=8/12 (104/120)  t0=5572   rollout=  0.7s  avg= 0.8s/seq  elapsed=  1.3m  eta=  0.2m
[run] flowcast  k=9/10 seq=9/12 (105/120)  t0=6368   rollout=  0.7s  avg= 0.8s/seq  elapsed=  1.3m  eta=  0.2m
[run] flowcast  k=9/10 seq=10/12 (106/120)  t0=7164   rollout=  0.7s  avg= 0.8s/seq  elapsed=  1.3m  eta=  0.2m
[run] flowcast  k=9/10 seq=11/12 (107/120)  t0=7960   rollout=  0.8s  avg= 0.8s/seq  elapsed=  1.3m  eta=  0.2m
[run] flowcast  k=9/10 seq=12/12 (108/120)  t0=8757   rollout=  0.7s  avg= 0.8s/seq  elapsed=  1.4m  eta=  0.2m
[run] flowcast  k=10/10 seq=1/12 (109/120)  t0=0      rollout=  0.7s  avg= 0.8s/seq  elapsed=  1.4m  eta=  0.1m
[run] flowcast  k=10/10 seq=2/12 (110/120)  t0=796    rollout=  0.7s  avg= 0.8s/seq  elapsed=  1.4m  eta=  0.1m
[run] flowcast  k=10/10 seq=3/12 (111/120)  t0=1592   rollout=  0.7s  avg= 0.8s/seq  elapsed=  1.4m  eta=  0.1m
[run] flowcast  k=10/10 seq=4/12 (112/120)  t0=2388   rollout=  0.7s  avg= 0.8s/seq  elapsed=  1.4m  eta=  0.1m
[run] flowcast  k=10/10 seq=5/12 (113/120)  t0=3184   rollout=  0.8s  avg= 0.8s/seq  elapsed=  1.4m  eta=  0.1m
[run] flowcast  k=10/10 seq=6/12 (114/120)  t0=3980   rollout=  0.7s  avg= 0.8s/seq  elapsed=  1.4m  eta=  0.1m
[run] flowcast  k=10/10 seq=7/12 (115/120)  t0=4776   rollout=  0.8s  avg= 0.8s/seq  elapsed=  1.4m  eta=  0.1m
[run] flowcast  k=10/10 seq=8/12 (116/120)  t0=5572   rollout=  0.7s  avg= 0.8s/seq  elapsed=  1.5m  eta=  0.1m
[run] flowcast  k=10/10 seq=9/12 (117/120)  t0=6368   rollout=  0.7s  avg= 0.8s/seq  elapsed=  1.5m  eta=  0.0m
[run] flowcast  k=10/10 seq=10/12 (118/120)  t0=7164   rollout=  0.7s  avg= 0.8s/seq  elapsed=  1.5m  eta=  0.0m
[run] flowcast  k=10/10 seq=11/12 (119/120)  t0=7960   rollout=  0.8s  avg= 0.8s/seq  elapsed=  1.5m  eta=  0.0m
[run] flowcast  k=10/10 seq=12/12 (120/120)  t0=8757   rollout=  0.8s  avg= 0.8s/seq  elapsed=  1.5m  eta=  0.0m
[run] flowcast ensemble finished in 1.5m
[2026-06-12 11:32:00] [nfe_sweep] NFE= 16  t/seq= 0.75s  CRPS-qpepre=0.1333  CSI-M=0.2569  RMSE-qpepre=0.5699  NFE-elapsed=1.5m
| method | Time/Seq.(s) | CRPS↓ | CSI-M↑ | CSI-P16↑ | FSS-P16-M↑ | HSS-M↑ | FAR-M↓ | RMSE_u10↓ | RMSE_v10↓ | RMSE_t2m↓ | RMSE_qpepre↓ |
|---|---|---|---|---|---|---|---|---|---|---|---|
| flowcast | 0.750 | 0.3091 | 0.2569 | 0.0769 | 0.1678 | 0.3444 | 0.2173 | 0.8609 | 0.8803 | 0.4393 | 0.5699 |

================================================================
[2026-06-12 11:32:00] NFE = 20   (11/15)
================================================================
[run] flowcast ensemble starting: K=10 x S=12 x T=1 = 120 sequence-rollouts
[run] flowcast  k=1/10 seq=1/12 (1/120)  t0=0      rollout=  0.9s  avg= 0.9s/seq  elapsed=  0.0m  eta=  1.8m
[run] flowcast  k=1/10 seq=2/12 (2/120)  t0=796    rollout=  0.9s  avg= 0.9s/seq  elapsed=  0.0m  eta=  1.8m
[run] flowcast  k=1/10 seq=3/12 (3/120)  t0=1592   rollout=  1.0s  avg= 0.9s/seq  elapsed=  0.0m  eta=  1.8m
[run] flowcast  k=1/10 seq=4/12 (4/120)  t0=2388   rollout=  0.9s  avg= 0.9s/seq  elapsed=  0.1m  eta=  1.8m
[run] flowcast  k=1/10 seq=5/12 (5/120)  t0=3184   rollout=  0.9s  avg= 0.9s/seq  elapsed=  0.1m  eta=  1.8m
[run] flowcast  k=1/10 seq=6/12 (6/120)  t0=3980   rollout=  1.1s  avg= 1.0s/seq  elapsed=  0.1m  eta=  1.8m
[run] flowcast  k=1/10 seq=7/12 (7/120)  t0=4776   rollout=  0.9s  avg= 0.9s/seq  elapsed=  0.1m  eta=  1.8m
[run] flowcast  k=1/10 seq=8/12 (8/120)  t0=5572   rollout=  0.9s  avg= 0.9s/seq  elapsed=  0.1m  eta=  1.8m
[run] flowcast  k=1/10 seq=9/12 (9/120)  t0=6368   rollout=  0.9s  avg= 0.9s/seq  elapsed=  0.1m  eta=  1.7m
[run] flowcast  k=1/10 seq=10/12 (10/120)  t0=7164   rollout=  0.9s  avg= 0.9s/seq  elapsed=  0.2m  eta=  1.7m
[run] flowcast  k=1/10 seq=11/12 (11/120)  t0=7960   rollout=  0.9s  avg= 0.9s/seq  elapsed=  0.2m  eta=  1.7m
[run] flowcast  k=1/10 seq=12/12 (12/120)  t0=8757   rollout=  0.9s  avg= 0.9s/seq  elapsed=  0.2m  eta=  1.7m
[run] flowcast  k=2/10 seq=1/12 (13/120)  t0=0      rollout=  0.9s  avg= 0.9s/seq  elapsed=  0.2m  eta=  1.7m
[run] flowcast  k=2/10 seq=2/12 (14/120)  t0=796    rollout=  0.9s  avg= 0.9s/seq  elapsed=  0.2m  eta=  1.6m
[run] flowcast  k=2/10 seq=3/12 (15/120)  t0=1592   rollout=  0.9s  avg= 0.9s/seq  elapsed=  0.2m  eta=  1.6m
[run] flowcast  k=2/10 seq=4/12 (16/120)  t0=2388   rollout=  0.9s  avg= 0.9s/seq  elapsed=  0.2m  eta=  1.6m
[run] flowcast  k=2/10 seq=5/12 (17/120)  t0=3184   rollout=  0.9s  avg= 0.9s/seq  elapsed=  0.3m  eta=  1.6m
[run] flowcast  k=2/10 seq=6/12 (18/120)  t0=3980   rollout=  0.9s  avg= 0.9s/seq  elapsed=  0.3m  eta=  1.6m
[run] flowcast  k=2/10 seq=7/12 (19/120)  t0=4776   rollout=  0.9s  avg= 0.9s/seq  elapsed=  0.3m  eta=  1.6m
[run] flowcast  k=2/10 seq=8/12 (20/120)  t0=5572   rollout=  0.9s  avg= 0.9s/seq  elapsed=  0.3m  eta=  1.5m
[run] flowcast  k=2/10 seq=9/12 (21/120)  t0=6368   rollout=  0.9s  avg= 0.9s/seq  elapsed=  0.3m  eta=  1.5m
[run] flowcast  k=2/10 seq=10/12 (22/120)  t0=7164   rollout=  0.9s  avg= 0.9s/seq  elapsed=  0.3m  eta=  1.5m
[run] flowcast  k=2/10 seq=11/12 (23/120)  t0=7960   rollout=  0.9s  avg= 0.9s/seq  elapsed=  0.4m  eta=  1.5m
[run] flowcast  k=2/10 seq=12/12 (24/120)  t0=8757   rollout=  0.9s  avg= 0.9s/seq  elapsed=  0.4m  eta=  1.5m
[run] flowcast  k=3/10 seq=1/12 (25/120)  t0=0      rollout=  0.9s  avg= 0.9s/seq  elapsed=  0.4m  eta=  1.5m
[run] flowcast  k=3/10 seq=2/12 (26/120)  t0=796    rollout=  0.9s  avg= 0.9s/seq  elapsed=  0.4m  eta=  1.4m
[run] flowcast  k=3/10 seq=3/12 (27/120)  t0=1592   rollout=  0.9s  avg= 0.9s/seq  elapsed=  0.4m  eta=  1.4m
[run] flowcast  k=3/10 seq=4/12 (28/120)  t0=2388   rollout=  0.9s  avg= 0.9s/seq  elapsed=  0.4m  eta=  1.4m
[run] flowcast  k=3/10 seq=5/12 (29/120)  t0=3184   rollout=  0.9s  avg= 0.9s/seq  elapsed=  0.4m  eta=  1.4m
[run] flowcast  k=3/10 seq=6/12 (30/120)  t0=3980   rollout=  0.9s  avg= 0.9s/seq  elapsed=  0.5m  eta=  1.4m
[run] flowcast  k=3/10 seq=7/12 (31/120)  t0=4776   rollout=  0.9s  avg= 0.9s/seq  elapsed=  0.5m  eta=  1.4m
[run] flowcast  k=3/10 seq=8/12 (32/120)  t0=5572   rollout=  0.9s  avg= 0.9s/seq  elapsed=  0.5m  eta=  1.3m
[run] flowcast  k=3/10 seq=9/12 (33/120)  t0=6368   rollout=  0.9s  avg= 0.9s/seq  elapsed=  0.5m  eta=  1.3m
[run] flowcast  k=3/10 seq=10/12 (34/120)  t0=7164   rollout=  0.9s  avg= 0.9s/seq  elapsed=  0.5m  eta=  1.3m
[run] flowcast  k=3/10 seq=11/12 (35/120)  t0=7960   rollout=  0.9s  avg= 0.9s/seq  elapsed=  0.5m  eta=  1.3m
[run] flowcast  k=3/10 seq=12/12 (36/120)  t0=8757   rollout=  0.9s  avg= 0.9s/seq  elapsed=  0.5m  eta=  1.3m
[run] flowcast  k=4/10 seq=1/12 (37/120)  t0=0      rollout=  0.9s  avg= 0.9s/seq  elapsed=  0.6m  eta=  1.3m
[run] flowcast  k=4/10 seq=2/12 (38/120)  t0=796    rollout=  0.9s  avg= 0.9s/seq  elapsed=  0.6m  eta=  1.2m
[run] flowcast  k=4/10 seq=3/12 (39/120)  t0=1592   rollout=  0.9s  avg= 0.9s/seq  elapsed=  0.6m  eta=  1.2m
[run] flowcast  k=4/10 seq=4/12 (40/120)  t0=2388   rollout=  0.9s  avg= 0.9s/seq  elapsed=  0.6m  eta=  1.2m
[run] flowcast  k=4/10 seq=5/12 (41/120)  t0=3184   rollout=  0.9s  avg= 0.9s/seq  elapsed=  0.6m  eta=  1.2m
[run] flowcast  k=4/10 seq=6/12 (42/120)  t0=3980   rollout=  0.9s  avg= 0.9s/seq  elapsed=  0.6m  eta=  1.2m
[run] flowcast  k=4/10 seq=7/12 (43/120)  t0=4776   rollout=  0.9s  avg= 0.9s/seq  elapsed=  0.6m  eta=  1.2m
[run] flowcast  k=4/10 seq=8/12 (44/120)  t0=5572   rollout=  0.9s  avg= 0.9s/seq  elapsed=  0.7m  eta=  1.1m
[run] flowcast  k=4/10 seq=9/12 (45/120)  t0=6368   rollout=  0.9s  avg= 0.9s/seq  elapsed=  0.7m  eta=  1.1m
[run] flowcast  k=4/10 seq=10/12 (46/120)  t0=7164   rollout=  0.9s  avg= 0.9s/seq  elapsed=  0.7m  eta=  1.1m
[run] flowcast  k=4/10 seq=11/12 (47/120)  t0=7960   rollout=  0.9s  avg= 0.9s/seq  elapsed=  0.7m  eta=  1.1m
[run] flowcast  k=4/10 seq=12/12 (48/120)  t0=8757   rollout=  0.9s  avg= 0.9s/seq  elapsed=  0.7m  eta=  1.1m
[run] flowcast  k=5/10 seq=1/12 (49/120)  t0=0      rollout=  0.9s  avg= 0.9s/seq  elapsed=  0.7m  eta=  1.1m
[run] flowcast  k=5/10 seq=2/12 (50/120)  t0=796    rollout=  0.9s  avg= 0.9s/seq  elapsed=  0.8m  eta=  1.1m
[run] flowcast  k=5/10 seq=3/12 (51/120)  t0=1592   rollout=  0.9s  avg= 0.9s/seq  elapsed=  0.8m  eta=  1.0m
[run] flowcast  k=5/10 seq=4/12 (52/120)  t0=2388   rollout=  0.9s  avg= 0.9s/seq  elapsed=  0.8m  eta=  1.0m
[run] flowcast  k=5/10 seq=5/12 (53/120)  t0=3184   rollout=  0.9s  avg= 0.9s/seq  elapsed=  0.8m  eta=  1.0m
[run] flowcast  k=5/10 seq=6/12 (54/120)  t0=3980   rollout=  0.9s  avg= 0.9s/seq  elapsed=  0.8m  eta=  1.0m
[run] flowcast  k=5/10 seq=7/12 (55/120)  t0=4776   rollout=  0.9s  avg= 0.9s/seq  elapsed=  0.8m  eta=  1.0m
[run] flowcast  k=5/10 seq=8/12 (56/120)  t0=5572   rollout=  0.9s  avg= 0.9s/seq  elapsed=  0.8m  eta=  1.0m
[run] flowcast  k=5/10 seq=9/12 (57/120)  t0=6368   rollout=  0.9s  avg= 0.9s/seq  elapsed=  0.9m  eta=  1.0m
[run] flowcast  k=5/10 seq=10/12 (58/120)  t0=7164   rollout=  0.9s  avg= 0.9s/seq  elapsed=  0.9m  eta=  0.9m
[run] flowcast  k=5/10 seq=11/12 (59/120)  t0=7960   rollout=  0.9s  avg= 0.9s/seq  elapsed=  0.9m  eta=  0.9m
[run] flowcast  k=5/10 seq=12/12 (60/120)  t0=8757   rollout=  0.9s  avg= 0.9s/seq  elapsed=  0.9m  eta=  0.9m
[run] flowcast  k=6/10 seq=1/12 (61/120)  t0=0      rollout=  0.9s  avg= 0.9s/seq  elapsed=  0.9m  eta=  0.9m
[run] flowcast  k=6/10 seq=2/12 (62/120)  t0=796    rollout=  0.9s  avg= 0.9s/seq  elapsed=  0.9m  eta=  0.9m
[run] flowcast  k=6/10 seq=3/12 (63/120)  t0=1592   rollout=  1.0s  avg= 0.9s/seq  elapsed=  1.0m  eta=  0.9m
[run] flowcast  k=6/10 seq=4/12 (64/120)  t0=2388   rollout=  1.0s  avg= 0.9s/seq  elapsed=  1.0m  eta=  0.8m
[run] flowcast  k=6/10 seq=5/12 (65/120)  t0=3184   rollout=  0.9s  avg= 0.9s/seq  elapsed=  1.0m  eta=  0.8m
[run] flowcast  k=6/10 seq=6/12 (66/120)  t0=3980   rollout=  0.9s  avg= 0.9s/seq  elapsed=  1.0m  eta=  0.8m
[run] flowcast  k=6/10 seq=7/12 (67/120)  t0=4776   rollout=  0.9s  avg= 0.9s/seq  elapsed=  1.0m  eta=  0.8m
[run] flowcast  k=6/10 seq=8/12 (68/120)  t0=5572   rollout=  0.9s  avg= 0.9s/seq  elapsed=  1.0m  eta=  0.8m
[run] flowcast  k=6/10 seq=9/12 (69/120)  t0=6368   rollout=  0.9s  avg= 0.9s/seq  elapsed=  1.0m  eta=  0.8m
[run] flowcast  k=6/10 seq=10/12 (70/120)  t0=7164   rollout=  1.0s  avg= 0.9s/seq  elapsed=  1.1m  eta=  0.8m
[run] flowcast  k=6/10 seq=11/12 (71/120)  t0=7960   rollout=  0.9s  avg= 0.9s/seq  elapsed=  1.1m  eta=  0.7m
[run] flowcast  k=6/10 seq=12/12 (72/120)  t0=8757   rollout=  0.9s  avg= 0.9s/seq  elapsed=  1.1m  eta=  0.7m
[run] flowcast  k=7/10 seq=1/12 (73/120)  t0=0      rollout=  0.9s  avg= 0.9s/seq  elapsed=  1.1m  eta=  0.7m
[run] flowcast  k=7/10 seq=2/12 (74/120)  t0=796    rollout=  0.9s  avg= 0.9s/seq  elapsed=  1.1m  eta=  0.7m
[run] flowcast  k=7/10 seq=3/12 (75/120)  t0=1592   rollout=  0.9s  avg= 0.9s/seq  elapsed=  1.1m  eta=  0.7m
[run] flowcast  k=7/10 seq=4/12 (76/120)  t0=2388   rollout=  0.9s  avg= 0.9s/seq  elapsed=  1.2m  eta=  0.7m
[run] flowcast  k=7/10 seq=5/12 (77/120)  t0=3184   rollout=  0.9s  avg= 0.9s/seq  elapsed=  1.2m  eta=  0.7m
[run] flowcast  k=7/10 seq=6/12 (78/120)  t0=3980   rollout=  0.9s  avg= 0.9s/seq  elapsed=  1.2m  eta=  0.6m
[run] flowcast  k=7/10 seq=7/12 (79/120)  t0=4776   rollout=  0.9s  avg= 0.9s/seq  elapsed=  1.2m  eta=  0.6m
[run] flowcast  k=7/10 seq=8/12 (80/120)  t0=5572   rollout=  0.9s  avg= 0.9s/seq  elapsed=  1.2m  eta=  0.6m
[run] flowcast  k=7/10 seq=9/12 (81/120)  t0=6368   rollout=  0.9s  avg= 0.9s/seq  elapsed=  1.2m  eta=  0.6m
[run] flowcast  k=7/10 seq=10/12 (82/120)  t0=7164   rollout=  0.9s  avg= 0.9s/seq  elapsed=  1.2m  eta=  0.6m
[run] flowcast  k=7/10 seq=11/12 (83/120)  t0=7960   rollout=  0.9s  avg= 0.9s/seq  elapsed=  1.3m  eta=  0.6m
[run] flowcast  k=7/10 seq=12/12 (84/120)  t0=8757   rollout=  0.9s  avg= 0.9s/seq  elapsed=  1.3m  eta=  0.5m
[run] flowcast  k=8/10 seq=1/12 (85/120)  t0=0      rollout=  0.9s  avg= 0.9s/seq  elapsed=  1.3m  eta=  0.5m
[run] flowcast  k=8/10 seq=2/12 (86/120)  t0=796    rollout=  0.9s  avg= 0.9s/seq  elapsed=  1.3m  eta=  0.5m
[run] flowcast  k=8/10 seq=3/12 (87/120)  t0=1592   rollout=  0.9s  avg= 0.9s/seq  elapsed=  1.3m  eta=  0.5m
[run] flowcast  k=8/10 seq=4/12 (88/120)  t0=2388   rollout=  0.9s  avg= 0.9s/seq  elapsed=  1.3m  eta=  0.5m
[run] flowcast  k=8/10 seq=5/12 (89/120)  t0=3184   rollout=  0.9s  avg= 0.9s/seq  elapsed=  1.3m  eta=  0.5m
[run] flowcast  k=8/10 seq=6/12 (90/120)  t0=3980   rollout=  1.0s  avg= 0.9s/seq  elapsed=  1.4m  eta=  0.5m
[run] flowcast  k=8/10 seq=7/12 (91/120)  t0=4776   rollout=  0.9s  avg= 0.9s/seq  elapsed=  1.4m  eta=  0.4m
[run] flowcast  k=8/10 seq=8/12 (92/120)  t0=5572   rollout=  0.9s  avg= 0.9s/seq  elapsed=  1.4m  eta=  0.4m
[run] flowcast  k=8/10 seq=9/12 (93/120)  t0=6368   rollout=  0.9s  avg= 0.9s/seq  elapsed=  1.4m  eta=  0.4m
[run] flowcast  k=8/10 seq=10/12 (94/120)  t0=7164   rollout=  0.9s  avg= 0.9s/seq  elapsed=  1.4m  eta=  0.4m
[run] flowcast  k=8/10 seq=11/12 (95/120)  t0=7960   rollout=  0.9s  avg= 0.9s/seq  elapsed=  1.4m  eta=  0.4m
[run] flowcast  k=8/10 seq=12/12 (96/120)  t0=8757   rollout=  0.9s  avg= 0.9s/seq  elapsed=  1.5m  eta=  0.4m
[run] flowcast  k=9/10 seq=1/12 (97/120)  t0=0      rollout=  0.9s  avg= 0.9s/seq  elapsed=  1.5m  eta=  0.3m
[run] flowcast  k=9/10 seq=2/12 (98/120)  t0=796    rollout=  0.9s  avg= 0.9s/seq  elapsed=  1.5m  eta=  0.3m
[run] flowcast  k=9/10 seq=3/12 (99/120)  t0=1592   rollout=  0.9s  avg= 0.9s/seq  elapsed=  1.5m  eta=  0.3m
[run] flowcast  k=9/10 seq=4/12 (100/120)  t0=2388   rollout=  0.9s  avg= 0.9s/seq  elapsed=  1.5m  eta=  0.3m
[run] flowcast  k=9/10 seq=5/12 (101/120)  t0=3184   rollout=  0.9s  avg= 0.9s/seq  elapsed=  1.5m  eta=  0.3m
[run] flowcast  k=9/10 seq=6/12 (102/120)  t0=3980   rollout=  0.9s  avg= 0.9s/seq  elapsed=  1.5m  eta=  0.3m
[run] flowcast  k=9/10 seq=7/12 (103/120)  t0=4776   rollout=  0.9s  avg= 0.9s/seq  elapsed=  1.6m  eta=  0.3m
[run] flowcast  k=9/10 seq=8/12 (104/120)  t0=5572   rollout=  0.9s  avg= 0.9s/seq  elapsed=  1.6m  eta=  0.2m
[run] flowcast  k=9/10 seq=9/12 (105/120)  t0=6368   rollout=  0.9s  avg= 0.9s/seq  elapsed=  1.6m  eta=  0.2m
[run] flowcast  k=9/10 seq=10/12 (106/120)  t0=7164   rollout=  0.9s  avg= 0.9s/seq  elapsed=  1.6m  eta=  0.2m
[run] flowcast  k=9/10 seq=11/12 (107/120)  t0=7960   rollout=  0.9s  avg= 0.9s/seq  elapsed=  1.6m  eta=  0.2m
[run] flowcast  k=9/10 seq=12/12 (108/120)  t0=8757   rollout=  1.0s  avg= 0.9s/seq  elapsed=  1.6m  eta=  0.2m
[run] flowcast  k=10/10 seq=1/12 (109/120)  t0=0      rollout=  1.0s  avg= 0.9s/seq  elapsed=  1.7m  eta=  0.2m
[run] flowcast  k=10/10 seq=2/12 (110/120)  t0=796    rollout=  0.9s  avg= 0.9s/seq  elapsed=  1.7m  eta=  0.2m
[run] flowcast  k=10/10 seq=3/12 (111/120)  t0=1592   rollout=  0.9s  avg= 0.9s/seq  elapsed=  1.7m  eta=  0.1m
[run] flowcast  k=10/10 seq=4/12 (112/120)  t0=2388   rollout=  0.9s  avg= 0.9s/seq  elapsed=  1.7m  eta=  0.1m
[run] flowcast  k=10/10 seq=5/12 (113/120)  t0=3184   rollout=  0.9s  avg= 0.9s/seq  elapsed=  1.7m  eta=  0.1m
[run] flowcast  k=10/10 seq=6/12 (114/120)  t0=3980   rollout=  0.9s  avg= 0.9s/seq  elapsed=  1.7m  eta=  0.1m
[run] flowcast  k=10/10 seq=7/12 (115/120)  t0=4776   rollout=  0.9s  avg= 0.9s/seq  elapsed=  1.7m  eta=  0.1m
[run] flowcast  k=10/10 seq=8/12 (116/120)  t0=5572   rollout=  0.9s  avg= 0.9s/seq  elapsed=  1.8m  eta=  0.1m
[run] flowcast  k=10/10 seq=9/12 (117/120)  t0=6368   rollout=  0.9s  avg= 0.9s/seq  elapsed=  1.8m  eta=  0.0m
[run] flowcast  k=10/10 seq=10/12 (118/120)  t0=7164   rollout=  0.9s  avg= 0.9s/seq  elapsed=  1.8m  eta=  0.0m
[run] flowcast  k=10/10 seq=11/12 (119/120)  t0=7960   rollout=  0.9s  avg= 0.9s/seq  elapsed=  1.8m  eta=  0.0m
[run] flowcast  k=10/10 seq=12/12 (120/120)  t0=8757   rollout=  0.9s  avg= 0.9s/seq  elapsed=  1.8m  eta=  0.0m
[run] flowcast ensemble finished in 1.8m
[2026-06-12 11:33:49] [nfe_sweep] NFE= 20  t/seq= 0.93s  CRPS-qpepre=0.1327  CSI-M=0.2631  RMSE-qpepre=0.5708  NFE-elapsed=1.8m
| method | Time/Seq.(s) | CRPS↓ | CSI-M↑ | CSI-P16↑ | FSS-P16-M↑ | HSS-M↑ | FAR-M↓ | RMSE_u10↓ | RMSE_v10↓ | RMSE_t2m↓ | RMSE_qpepre↓ |
|---|---|---|---|---|---|---|---|---|---|---|---|
| flowcast | 0.932 | 0.3086 | 0.2631 | 0.1077 | 0.2150 | 0.3547 | 0.2130 | 0.8630 | 0.8842 | 0.4408 | 0.5708 |

================================================================
[2026-06-12 11:33:49] NFE = 25   (12/15)
================================================================
[run] flowcast ensemble starting: K=10 x S=12 x T=1 = 120 sequence-rollouts
[run] flowcast  k=1/10 seq=1/12 (1/120)  t0=0      rollout=  1.2s  avg= 1.2s/seq  elapsed=  0.0m  eta=  2.3m
[run] flowcast  k=1/10 seq=2/12 (2/120)  t0=796    rollout=  1.1s  avg= 1.1s/seq  elapsed=  0.0m  eta=  2.2m
[run] flowcast  k=1/10 seq=3/12 (3/120)  t0=1592   rollout=  1.1s  avg= 1.1s/seq  elapsed=  0.1m  eta=  2.2m
[run] flowcast  k=1/10 seq=4/12 (4/120)  t0=2388   rollout=  1.1s  avg= 1.1s/seq  elapsed=  0.1m  eta=  2.2m
[run] flowcast  k=1/10 seq=5/12 (5/120)  t0=3184   rollout=  1.1s  avg= 1.1s/seq  elapsed=  0.1m  eta=  2.1m
[run] flowcast  k=1/10 seq=6/12 (6/120)  t0=3980   rollout=  1.1s  avg= 1.1s/seq  elapsed=  0.1m  eta=  2.1m
[run] flowcast  k=1/10 seq=7/12 (7/120)  t0=4776   rollout=  1.1s  avg= 1.1s/seq  elapsed=  0.1m  eta=  2.1m
[run] flowcast  k=1/10 seq=8/12 (8/120)  t0=5572   rollout=  1.1s  avg= 1.1s/seq  elapsed=  0.1m  eta=  2.1m
[run] flowcast  k=1/10 seq=9/12 (9/120)  t0=6368   rollout=  1.1s  avg= 1.1s/seq  elapsed=  0.2m  eta=  2.1m
[run] flowcast  k=1/10 seq=10/12 (10/120)  t0=7164   rollout=  1.1s  avg= 1.1s/seq  elapsed=  0.2m  eta=  2.1m
[run] flowcast  k=1/10 seq=11/12 (11/120)  t0=7960   rollout=  1.1s  avg= 1.1s/seq  elapsed=  0.2m  eta=  2.0m
[run] flowcast  k=1/10 seq=12/12 (12/120)  t0=8757   rollout=  1.1s  avg= 1.1s/seq  elapsed=  0.2m  eta=  2.0m
[run] flowcast  k=2/10 seq=1/12 (13/120)  t0=0      rollout=  1.1s  avg= 1.1s/seq  elapsed=  0.2m  eta=  2.0m
[run] flowcast  k=2/10 seq=2/12 (14/120)  t0=796    rollout=  1.1s  avg= 1.1s/seq  elapsed=  0.3m  eta=  2.0m
[run] flowcast  k=2/10 seq=3/12 (15/120)  t0=1592   rollout=  1.1s  avg= 1.1s/seq  elapsed=  0.3m  eta=  2.0m
[run] flowcast  k=2/10 seq=4/12 (16/120)  t0=2388   rollout=  1.2s  avg= 1.1s/seq  elapsed=  0.3m  eta=  1.9m
[run] flowcast  k=2/10 seq=5/12 (17/120)  t0=3184   rollout=  1.2s  avg= 1.1s/seq  elapsed=  0.3m  eta=  1.9m
[run] flowcast  k=2/10 seq=6/12 (18/120)  t0=3980   rollout=  1.2s  avg= 1.1s/seq  elapsed=  0.3m  eta=  1.9m
[run] flowcast  k=2/10 seq=7/12 (19/120)  t0=4776   rollout=  1.4s  avg= 1.1s/seq  elapsed=  0.4m  eta=  1.9m
[run] flowcast  k=2/10 seq=8/12 (20/120)  t0=5572   rollout=  1.1s  avg= 1.1s/seq  elapsed=  0.4m  eta=  1.9m
[run] flowcast  k=2/10 seq=9/12 (21/120)  t0=6368   rollout=  1.1s  avg= 1.1s/seq  elapsed=  0.4m  eta=  1.9m
[run] flowcast  k=2/10 seq=10/12 (22/120)  t0=7164   rollout=  1.1s  avg= 1.1s/seq  elapsed=  0.4m  eta=  1.9m
[run] flowcast  k=2/10 seq=11/12 (23/120)  t0=7960   rollout=  1.1s  avg= 1.1s/seq  elapsed=  0.4m  eta=  1.8m
[run] flowcast  k=2/10 seq=12/12 (24/120)  t0=8757   rollout=  1.1s  avg= 1.1s/seq  elapsed=  0.5m  eta=  1.8m
[run] flowcast  k=3/10 seq=1/12 (25/120)  t0=0      rollout=  1.1s  avg= 1.1s/seq  elapsed=  0.5m  eta=  1.8m
[run] flowcast  k=3/10 seq=2/12 (26/120)  t0=796    rollout=  1.1s  avg= 1.1s/seq  elapsed=  0.5m  eta=  1.8m
[run] flowcast  k=3/10 seq=3/12 (27/120)  t0=1592   rollout=  1.1s  avg= 1.1s/seq  elapsed=  0.5m  eta=  1.8m
[run] flowcast  k=3/10 seq=4/12 (28/120)  t0=2388   rollout=  1.1s  avg= 1.1s/seq  elapsed=  0.5m  eta=  1.7m
[run] flowcast  k=3/10 seq=5/12 (29/120)  t0=3184   rollout=  1.1s  avg= 1.1s/seq  elapsed=  0.5m  eta=  1.7m
[run] flowcast  k=3/10 seq=6/12 (30/120)  t0=3980   rollout=  1.1s  avg= 1.1s/seq  elapsed=  0.6m  eta=  1.7m
[run] flowcast  k=3/10 seq=7/12 (31/120)  t0=4776   rollout=  1.1s  avg= 1.1s/seq  elapsed=  0.6m  eta=  1.7m
[run] flowcast  k=3/10 seq=8/12 (32/120)  t0=5572   rollout=  1.1s  avg= 1.1s/seq  elapsed=  0.6m  eta=  1.7m
[run] flowcast  k=3/10 seq=9/12 (33/120)  t0=6368   rollout=  1.1s  avg= 1.1s/seq  elapsed=  0.6m  eta=  1.6m
[run] flowcast  k=3/10 seq=10/12 (34/120)  t0=7164   rollout=  1.1s  avg= 1.1s/seq  elapsed=  0.6m  eta=  1.6m
[run] flowcast  k=3/10 seq=11/12 (35/120)  t0=7960   rollout=  1.1s  avg= 1.1s/seq  elapsed=  0.7m  eta=  1.6m
[run] flowcast  k=3/10 seq=12/12 (36/120)  t0=8757   rollout=  1.1s  avg= 1.1s/seq  elapsed=  0.7m  eta=  1.6m
[run] flowcast  k=4/10 seq=1/12 (37/120)  t0=0      rollout=  1.1s  avg= 1.1s/seq  elapsed=  0.7m  eta=  1.6m
[run] flowcast  k=4/10 seq=2/12 (38/120)  t0=796    rollout=  1.1s  avg= 1.1s/seq  elapsed=  0.7m  eta=  1.5m
[run] flowcast  k=4/10 seq=3/12 (39/120)  t0=1592   rollout=  1.1s  avg= 1.1s/seq  elapsed=  0.7m  eta=  1.5m
[run] flowcast  k=4/10 seq=4/12 (40/120)  t0=2388   rollout=  1.1s  avg= 1.1s/seq  elapsed=  0.7m  eta=  1.5m
[run] flowcast  k=4/10 seq=5/12 (41/120)  t0=3184   rollout=  1.2s  avg= 1.1s/seq  elapsed=  0.8m  eta=  1.5m
[run] flowcast  k=4/10 seq=6/12 (42/120)  t0=3980   rollout=  1.2s  avg= 1.1s/seq  elapsed=  0.8m  eta=  1.5m
[run] flowcast  k=4/10 seq=7/12 (43/120)  t0=4776   rollout=  1.1s  avg= 1.1s/seq  elapsed=  0.8m  eta=  1.4m
[run] flowcast  k=4/10 seq=8/12 (44/120)  t0=5572   rollout=  1.1s  avg= 1.1s/seq  elapsed=  0.8m  eta=  1.4m
[run] flowcast  k=4/10 seq=9/12 (45/120)  t0=6368   rollout=  1.1s  avg= 1.1s/seq  elapsed=  0.8m  eta=  1.4m
[run] flowcast  k=4/10 seq=10/12 (46/120)  t0=7164   rollout=  1.1s  avg= 1.1s/seq  elapsed=  0.9m  eta=  1.4m
[run] flowcast  k=4/10 seq=11/12 (47/120)  t0=7960   rollout=  1.1s  avg= 1.1s/seq  elapsed=  0.9m  eta=  1.4m
[run] flowcast  k=4/10 seq=12/12 (48/120)  t0=8757   rollout=  1.1s  avg= 1.1s/seq  elapsed=  0.9m  eta=  1.3m
[run] flowcast  k=5/10 seq=1/12 (49/120)  t0=0      rollout=  1.1s  avg= 1.1s/seq  elapsed=  0.9m  eta=  1.3m
[run] flowcast  k=5/10 seq=2/12 (50/120)  t0=796    rollout=  1.1s  avg= 1.1s/seq  elapsed=  0.9m  eta=  1.3m
[run] flowcast  k=5/10 seq=3/12 (51/120)  t0=1592   rollout=  1.2s  avg= 1.1s/seq  elapsed=  1.0m  eta=  1.3m
[run] flowcast  k=5/10 seq=4/12 (52/120)  t0=2388   rollout=  1.1s  avg= 1.1s/seq  elapsed=  1.0m  eta=  1.3m
[run] flowcast  k=5/10 seq=5/12 (53/120)  t0=3184   rollout=  1.1s  avg= 1.1s/seq  elapsed=  1.0m  eta=  1.3m
[run] flowcast  k=5/10 seq=6/12 (54/120)  t0=3980   rollout=  1.1s  avg= 1.1s/seq  elapsed=  1.0m  eta=  1.2m
[run] flowcast  k=5/10 seq=7/12 (55/120)  t0=4776   rollout=  1.1s  avg= 1.1s/seq  elapsed=  1.0m  eta=  1.2m
[run] flowcast  k=5/10 seq=8/12 (56/120)  t0=5572   rollout=  1.1s  avg= 1.1s/seq  elapsed=  1.0m  eta=  1.2m
[run] flowcast  k=5/10 seq=9/12 (57/120)  t0=6368   rollout=  1.1s  avg= 1.1s/seq  elapsed=  1.1m  eta=  1.2m
[run] flowcast  k=5/10 seq=10/12 (58/120)  t0=7164   rollout=  1.1s  avg= 1.1s/seq  elapsed=  1.1m  eta=  1.2m
[run] flowcast  k=5/10 seq=11/12 (59/120)  t0=7960   rollout=  1.1s  avg= 1.1s/seq  elapsed=  1.1m  eta=  1.1m
[run] flowcast  k=5/10 seq=12/12 (60/120)  t0=8757   rollout=  1.1s  avg= 1.1s/seq  elapsed=  1.1m  eta=  1.1m
[run] flowcast  k=6/10 seq=1/12 (61/120)  t0=0      rollout=  1.1s  avg= 1.1s/seq  elapsed=  1.1m  eta=  1.1m
[run] flowcast  k=6/10 seq=2/12 (62/120)  t0=796    rollout=  1.1s  avg= 1.1s/seq  elapsed=  1.2m  eta=  1.1m
[run] flowcast  k=6/10 seq=3/12 (63/120)  t0=1592   rollout=  1.1s  avg= 1.1s/seq  elapsed=  1.2m  eta=  1.1m
[run] flowcast  k=6/10 seq=4/12 (64/120)  t0=2388   rollout=  1.1s  avg= 1.1s/seq  elapsed=  1.2m  eta=  1.0m
[run] flowcast  k=6/10 seq=5/12 (65/120)  t0=3184   rollout=  1.1s  avg= 1.1s/seq  elapsed=  1.2m  eta=  1.0m
[run] flowcast  k=6/10 seq=6/12 (66/120)  t0=3980   rollout=  1.1s  avg= 1.1s/seq  elapsed=  1.2m  eta=  1.0m
[run] flowcast  k=6/10 seq=7/12 (67/120)  t0=4776   rollout=  1.1s  avg= 1.1s/seq  elapsed=  1.2m  eta=  1.0m
[run] flowcast  k=6/10 seq=8/12 (68/120)  t0=5572   rollout=  1.1s  avg= 1.1s/seq  elapsed=  1.3m  eta=  1.0m
[run] flowcast  k=6/10 seq=9/12 (69/120)  t0=6368   rollout=  1.1s  avg= 1.1s/seq  elapsed=  1.3m  eta=  0.9m
[run] flowcast  k=6/10 seq=10/12 (70/120)  t0=7164   rollout=  1.1s  avg= 1.1s/seq  elapsed=  1.3m  eta=  0.9m
[run] flowcast  k=6/10 seq=11/12 (71/120)  t0=7960   rollout=  1.1s  avg= 1.1s/seq  elapsed=  1.3m  eta=  0.9m
[run] flowcast  k=6/10 seq=12/12 (72/120)  t0=8757   rollout=  1.1s  avg= 1.1s/seq  elapsed=  1.3m  eta=  0.9m
[run] flowcast  k=7/10 seq=1/12 (73/120)  t0=0      rollout=  1.1s  avg= 1.1s/seq  elapsed=  1.4m  eta=  0.9m
[run] flowcast  k=7/10 seq=2/12 (74/120)  t0=796    rollout=  1.1s  avg= 1.1s/seq  elapsed=  1.4m  eta=  0.9m
[run] flowcast  k=7/10 seq=3/12 (75/120)  t0=1592   rollout=  1.1s  avg= 1.1s/seq  elapsed=  1.4m  eta=  0.8m
[run] flowcast  k=7/10 seq=4/12 (76/120)  t0=2388   rollout=  1.1s  avg= 1.1s/seq  elapsed=  1.4m  eta=  0.8m
[run] flowcast  k=7/10 seq=5/12 (77/120)  t0=3184   rollout=  1.1s  avg= 1.1s/seq  elapsed=  1.4m  eta=  0.8m
[run] flowcast  k=7/10 seq=6/12 (78/120)  t0=3980   rollout=  1.1s  avg= 1.1s/seq  elapsed=  1.4m  eta=  0.8m
[run] flowcast  k=7/10 seq=7/12 (79/120)  t0=4776   rollout=  1.1s  avg= 1.1s/seq  elapsed=  1.5m  eta=  0.8m
[run] flowcast  k=7/10 seq=8/12 (80/120)  t0=5572   rollout=  1.1s  avg= 1.1s/seq  elapsed=  1.5m  eta=  0.7m
[run] flowcast  k=7/10 seq=9/12 (81/120)  t0=6368   rollout=  1.1s  avg= 1.1s/seq  elapsed=  1.5m  eta=  0.7m
[run] flowcast  k=7/10 seq=10/12 (82/120)  t0=7164   rollout=  1.1s  avg= 1.1s/seq  elapsed=  1.5m  eta=  0.7m
[run] flowcast  k=7/10 seq=11/12 (83/120)  t0=7960   rollout=  1.1s  avg= 1.1s/seq  elapsed=  1.5m  eta=  0.7m
[run] flowcast  k=7/10 seq=12/12 (84/120)  t0=8757   rollout=  1.1s  avg= 1.1s/seq  elapsed=  1.6m  eta=  0.7m
[run] flowcast  k=8/10 seq=1/12 (85/120)  t0=0      rollout=  1.1s  avg= 1.1s/seq  elapsed=  1.6m  eta=  0.6m
[run] flowcast  k=8/10 seq=2/12 (86/120)  t0=796    rollout=  1.1s  avg= 1.1s/seq  elapsed=  1.6m  eta=  0.6m
[run] flowcast  k=8/10 seq=3/12 (87/120)  t0=1592   rollout=  1.1s  avg= 1.1s/seq  elapsed=  1.6m  eta=  0.6m
[run] flowcast  k=8/10 seq=4/12 (88/120)  t0=2388   rollout=  1.1s  avg= 1.1s/seq  elapsed=  1.6m  eta=  0.6m
[run] flowcast  k=8/10 seq=5/12 (89/120)  t0=3184   rollout=  1.1s  avg= 1.1s/seq  elapsed=  1.6m  eta=  0.6m
[run] flowcast  k=8/10 seq=6/12 (90/120)  t0=3980   rollout=  1.1s  avg= 1.1s/seq  elapsed=  1.7m  eta=  0.6m
[run] flowcast  k=8/10 seq=7/12 (91/120)  t0=4776   rollout=  1.1s  avg= 1.1s/seq  elapsed=  1.7m  eta=  0.5m
[run] flowcast  k=8/10 seq=8/12 (92/120)  t0=5572   rollout=  1.1s  avg= 1.1s/seq  elapsed=  1.7m  eta=  0.5m
[run] flowcast  k=8/10 seq=9/12 (93/120)  t0=6368   rollout=  1.1s  avg= 1.1s/seq  elapsed=  1.7m  eta=  0.5m
[run] flowcast  k=8/10 seq=10/12 (94/120)  t0=7164   rollout=  1.1s  avg= 1.1s/seq  elapsed=  1.7m  eta=  0.5m
[run] flowcast  k=8/10 seq=11/12 (95/120)  t0=7960   rollout=  1.1s  avg= 1.1s/seq  elapsed=  1.8m  eta=  0.5m
[run] flowcast  k=8/10 seq=12/12 (96/120)  t0=8757   rollout=  1.1s  avg= 1.1s/seq  elapsed=  1.8m  eta=  0.4m
[run] flowcast  k=9/10 seq=1/12 (97/120)  t0=0      rollout=  1.1s  avg= 1.1s/seq  elapsed=  1.8m  eta=  0.4m
[run] flowcast  k=9/10 seq=2/12 (98/120)  t0=796    rollout=  1.1s  avg= 1.1s/seq  elapsed=  1.8m  eta=  0.4m
[run] flowcast  k=9/10 seq=3/12 (99/120)  t0=1592   rollout=  1.1s  avg= 1.1s/seq  elapsed=  1.8m  eta=  0.4m
[run] flowcast  k=9/10 seq=4/12 (100/120)  t0=2388   rollout=  1.1s  avg= 1.1s/seq  elapsed=  1.8m  eta=  0.4m
[run] flowcast  k=9/10 seq=5/12 (101/120)  t0=3184   rollout=  1.1s  avg= 1.1s/seq  elapsed=  1.9m  eta=  0.3m
[run] flowcast  k=9/10 seq=6/12 (102/120)  t0=3980   rollout=  1.1s  avg= 1.1s/seq  elapsed=  1.9m  eta=  0.3m
[run] flowcast  k=9/10 seq=7/12 (103/120)  t0=4776   rollout=  1.1s  avg= 1.1s/seq  elapsed=  1.9m  eta=  0.3m
[run] flowcast  k=9/10 seq=8/12 (104/120)  t0=5572   rollout=  1.1s  avg= 1.1s/seq  elapsed=  1.9m  eta=  0.3m
[run] flowcast  k=9/10 seq=9/12 (105/120)  t0=6368   rollout=  1.1s  avg= 1.1s/seq  elapsed=  1.9m  eta=  0.3m
[run] flowcast  k=9/10 seq=10/12 (106/120)  t0=7164   rollout=  1.3s  avg= 1.1s/seq  elapsed=  2.0m  eta=  0.3m
[run] flowcast  k=9/10 seq=11/12 (107/120)  t0=7960   rollout=  1.1s  avg= 1.1s/seq  elapsed=  2.0m  eta=  0.2m
[run] flowcast  k=9/10 seq=12/12 (108/120)  t0=8757   rollout=  1.1s  avg= 1.1s/seq  elapsed=  2.0m  eta=  0.2m
[run] flowcast  k=10/10 seq=1/12 (109/120)  t0=0      rollout=  1.1s  avg= 1.1s/seq  elapsed=  2.0m  eta=  0.2m
[run] flowcast  k=10/10 seq=2/12 (110/120)  t0=796    rollout=  1.1s  avg= 1.1s/seq  elapsed=  2.0m  eta=  0.2m
[run] flowcast  k=10/10 seq=3/12 (111/120)  t0=1592   rollout=  1.1s  avg= 1.1s/seq  elapsed=  2.0m  eta=  0.2m
[run] flowcast  k=10/10 seq=4/12 (112/120)  t0=2388   rollout=  1.1s  avg= 1.1s/seq  elapsed=  2.1m  eta=  0.1m
[run] flowcast  k=10/10 seq=5/12 (113/120)  t0=3184   rollout=  1.1s  avg= 1.1s/seq  elapsed=  2.1m  eta=  0.1m
[run] flowcast  k=10/10 seq=6/12 (114/120)  t0=3980   rollout=  1.1s  avg= 1.1s/seq  elapsed=  2.1m  eta=  0.1m
[run] flowcast  k=10/10 seq=7/12 (115/120)  t0=4776   rollout=  1.1s  avg= 1.1s/seq  elapsed=  2.1m  eta=  0.1m
[run] flowcast  k=10/10 seq=8/12 (116/120)  t0=5572   rollout=  1.1s  avg= 1.1s/seq  elapsed=  2.1m  eta=  0.1m
[run] flowcast  k=10/10 seq=9/12 (117/120)  t0=6368   rollout=  1.1s  avg= 1.1s/seq  elapsed=  2.2m  eta=  0.1m
[run] flowcast  k=10/10 seq=10/12 (118/120)  t0=7164   rollout=  1.1s  avg= 1.1s/seq  elapsed=  2.2m  eta=  0.0m
[run] flowcast  k=10/10 seq=11/12 (119/120)  t0=7960   rollout=  1.1s  avg= 1.1s/seq  elapsed=  2.2m  eta=  0.0m
[run] flowcast  k=10/10 seq=12/12 (120/120)  t0=8757   rollout=  1.1s  avg= 1.1s/seq  elapsed=  2.2m  eta=  0.0m
[run] flowcast ensemble finished in 2.2m
[2026-06-12 11:36:02] [nfe_sweep] NFE= 25  t/seq= 1.12s  CRPS-qpepre=0.1323  CSI-M=0.2657  RMSE-qpepre=0.5723  NFE-elapsed=2.2m
| method | Time/Seq.(s) | CRPS↓ | CSI-M↑ | CSI-P16↑ | FSS-P16-M↑ | HSS-M↑ | FAR-M↓ | RMSE_u10↓ | RMSE_v10↓ | RMSE_t2m↓ | RMSE_qpepre↓ |
|---|---|---|---|---|---|---|---|---|---|---|---|
| flowcast | 1.116 | 0.3079 | 0.2657 | 0.1231 | 0.2355 | 0.3593 | 0.2141 | 0.8647 | 0.8868 | 0.4416 | 0.5723 |

================================================================
[2026-06-12 11:36:02] NFE = 32   (13/15)
================================================================
[run] flowcast ensemble starting: K=10 x S=12 x T=1 = 120 sequence-rollouts
[run] flowcast  k=1/10 seq=1/12 (1/120)  t0=0      rollout=  1.3s  avg= 1.4s/seq  elapsed=  0.0m  eta=  2.7m
[run] flowcast  k=1/10 seq=2/12 (2/120)  t0=796    rollout=  1.3s  avg= 1.3s/seq  elapsed=  0.0m  eta=  2.6m
[run] flowcast  k=1/10 seq=3/12 (3/120)  t0=1592   rollout=  1.4s  avg= 1.4s/seq  elapsed=  0.1m  eta=  2.6m
[run] flowcast  k=1/10 seq=4/12 (4/120)  t0=2388   rollout=  1.5s  avg= 1.4s/seq  elapsed=  0.1m  eta=  2.7m
[run] flowcast  k=1/10 seq=5/12 (5/120)  t0=3184   rollout=  1.4s  avg= 1.4s/seq  elapsed=  0.1m  eta=  2.6m
[run] flowcast  k=1/10 seq=6/12 (6/120)  t0=3980   rollout=  1.4s  avg= 1.4s/seq  elapsed=  0.1m  eta=  2.6m
[run] flowcast  k=1/10 seq=7/12 (7/120)  t0=4776   rollout=  1.3s  avg= 1.4s/seq  elapsed=  0.2m  eta=  2.6m
[run] flowcast  k=1/10 seq=8/12 (8/120)  t0=5572   rollout=  1.4s  avg= 1.4s/seq  elapsed=  0.2m  eta=  2.6m
[run] flowcast  k=1/10 seq=9/12 (9/120)  t0=6368   rollout=  1.3s  avg= 1.4s/seq  elapsed=  0.2m  eta=  2.5m
[run] flowcast  k=1/10 seq=10/12 (10/120)  t0=7164   rollout=  1.3s  avg= 1.4s/seq  elapsed=  0.2m  eta=  2.5m
[run] flowcast  k=1/10 seq=11/12 (11/120)  t0=7960   rollout=  1.4s  avg= 1.4s/seq  elapsed=  0.3m  eta=  2.5m
[run] flowcast  k=1/10 seq=12/12 (12/120)  t0=8757   rollout=  1.3s  avg= 1.4s/seq  elapsed=  0.3m  eta=  2.5m
[run] flowcast  k=2/10 seq=1/12 (13/120)  t0=0      rollout=  1.4s  avg= 1.4s/seq  elapsed=  0.3m  eta=  2.4m
[run] flowcast  k=2/10 seq=2/12 (14/120)  t0=796    rollout=  1.4s  avg= 1.4s/seq  elapsed=  0.3m  eta=  2.4m
[run] flowcast  k=2/10 seq=3/12 (15/120)  t0=1592   rollout=  1.4s  avg= 1.4s/seq  elapsed=  0.3m  eta=  2.4m
[run] flowcast  k=2/10 seq=4/12 (16/120)  t0=2388   rollout=  1.4s  avg= 1.4s/seq  elapsed=  0.4m  eta=  2.4m
[run] flowcast  k=2/10 seq=5/12 (17/120)  t0=3184   rollout=  1.4s  avg= 1.4s/seq  elapsed=  0.4m  eta=  2.3m
[run] flowcast  k=2/10 seq=6/12 (18/120)  t0=3980   rollout=  1.4s  avg= 1.4s/seq  elapsed=  0.4m  eta=  2.3m
[run] flowcast  k=2/10 seq=7/12 (19/120)  t0=4776   rollout=  1.4s  avg= 1.4s/seq  elapsed=  0.4m  eta=  2.3m
[run] flowcast  k=2/10 seq=8/12 (20/120)  t0=5572   rollout=  1.4s  avg= 1.4s/seq  elapsed=  0.5m  eta=  2.3m
[run] flowcast  k=2/10 seq=9/12 (21/120)  t0=6368   rollout=  1.4s  avg= 1.4s/seq  elapsed=  0.5m  eta=  2.3m
[run] flowcast  k=2/10 seq=10/12 (22/120)  t0=7164   rollout=  1.4s  avg= 1.4s/seq  elapsed=  0.5m  eta=  2.2m
[run] flowcast  k=2/10 seq=11/12 (23/120)  t0=7960   rollout=  1.5s  avg= 1.4s/seq  elapsed=  0.5m  eta=  2.2m
[run] flowcast  k=2/10 seq=12/12 (24/120)  t0=8757   rollout=  1.4s  avg= 1.4s/seq  elapsed=  0.5m  eta=  2.2m
[run] flowcast  k=3/10 seq=1/12 (25/120)  t0=0      rollout=  1.4s  avg= 1.4s/seq  elapsed=  0.6m  eta=  2.2m
[run] flowcast  k=3/10 seq=2/12 (26/120)  t0=796    rollout=  1.5s  avg= 1.4s/seq  elapsed=  0.6m  eta=  2.2m
[run] flowcast  k=3/10 seq=3/12 (27/120)  t0=1592   rollout=  1.4s  avg= 1.4s/seq  elapsed=  0.6m  eta=  2.1m
[run] flowcast  k=3/10 seq=4/12 (28/120)  t0=2388   rollout=  1.4s  avg= 1.4s/seq  elapsed=  0.6m  eta=  2.1m
[run] flowcast  k=3/10 seq=5/12 (29/120)  t0=3184   rollout=  1.4s  avg= 1.4s/seq  elapsed=  0.7m  eta=  2.1m
[run] flowcast  k=3/10 seq=6/12 (30/120)  t0=3980   rollout=  1.3s  avg= 1.4s/seq  elapsed=  0.7m  eta=  2.1m
[run] flowcast  k=3/10 seq=7/12 (31/120)  t0=4776   rollout=  1.4s  avg= 1.4s/seq  elapsed=  0.7m  eta=  2.0m
[run] flowcast  k=3/10 seq=8/12 (32/120)  t0=5572   rollout=  1.4s  avg= 1.4s/seq  elapsed=  0.7m  eta=  2.0m
[run] flowcast  k=3/10 seq=9/12 (33/120)  t0=6368   rollout=  1.4s  avg= 1.4s/seq  elapsed=  0.8m  eta=  2.0m
[run] flowcast  k=3/10 seq=10/12 (34/120)  t0=7164   rollout=  1.4s  avg= 1.4s/seq  elapsed=  0.8m  eta=  2.0m
[run] flowcast  k=3/10 seq=11/12 (35/120)  t0=7960   rollout=  1.4s  avg= 1.4s/seq  elapsed=  0.8m  eta=  1.9m
[run] flowcast  k=3/10 seq=12/12 (36/120)  t0=8757   rollout=  1.4s  avg= 1.4s/seq  elapsed=  0.8m  eta=  1.9m
[run] flowcast  k=4/10 seq=1/12 (37/120)  t0=0      rollout=  1.4s  avg= 1.4s/seq  elapsed=  0.8m  eta=  1.9m
[run] flowcast  k=4/10 seq=2/12 (38/120)  t0=796    rollout=  1.4s  avg= 1.4s/seq  elapsed=  0.9m  eta=  1.9m
[run] flowcast  k=4/10 seq=3/12 (39/120)  t0=1592   rollout=  1.4s  avg= 1.4s/seq  elapsed=  0.9m  eta=  1.9m
[run] flowcast  k=4/10 seq=4/12 (40/120)  t0=2388   rollout=  1.4s  avg= 1.4s/seq  elapsed=  0.9m  eta=  1.8m
[run] flowcast  k=4/10 seq=5/12 (41/120)  t0=3184   rollout=  1.4s  avg= 1.4s/seq  elapsed=  0.9m  eta=  1.8m
[run] flowcast  k=4/10 seq=6/12 (42/120)  t0=3980   rollout=  1.3s  avg= 1.4s/seq  elapsed=  1.0m  eta=  1.8m
[run] flowcast  k=4/10 seq=7/12 (43/120)  t0=4776   rollout=  1.3s  avg= 1.4s/seq  elapsed=  1.0m  eta=  1.8m
[run] flowcast  k=4/10 seq=8/12 (44/120)  t0=5572   rollout=  1.3s  avg= 1.4s/seq  elapsed=  1.0m  eta=  1.7m
[run] flowcast  k=4/10 seq=9/12 (45/120)  t0=6368   rollout=  1.3s  avg= 1.4s/seq  elapsed=  1.0m  eta=  1.7m
[run] flowcast  k=4/10 seq=10/12 (46/120)  t0=7164   rollout=  1.3s  avg= 1.4s/seq  elapsed=  1.0m  eta=  1.7m
[run] flowcast  k=4/10 seq=11/12 (47/120)  t0=7960   rollout=  1.4s  avg= 1.4s/seq  elapsed=  1.1m  eta=  1.7m
[run] flowcast  k=4/10 seq=12/12 (48/120)  t0=8757   rollout=  1.4s  avg= 1.4s/seq  elapsed=  1.1m  eta=  1.6m
[run] flowcast  k=5/10 seq=1/12 (49/120)  t0=0      rollout=  1.4s  avg= 1.4s/seq  elapsed=  1.1m  eta=  1.6m
[run] flowcast  k=5/10 seq=2/12 (50/120)  t0=796    rollout=  1.4s  avg= 1.4s/seq  elapsed=  1.1m  eta=  1.6m
[run] flowcast  k=5/10 seq=3/12 (51/120)  t0=1592   rollout=  1.4s  avg= 1.4s/seq  elapsed=  1.2m  eta=  1.6m
[run] flowcast  k=5/10 seq=4/12 (52/120)  t0=2388   rollout=  1.4s  avg= 1.4s/seq  elapsed=  1.2m  eta=  1.6m
[run] flowcast  k=5/10 seq=5/12 (53/120)  t0=3184   rollout=  1.4s  avg= 1.4s/seq  elapsed=  1.2m  eta=  1.5m
[run] flowcast  k=5/10 seq=6/12 (54/120)  t0=3980   rollout=  1.4s  avg= 1.4s/seq  elapsed=  1.2m  eta=  1.5m
[run] flowcast  k=5/10 seq=7/12 (55/120)  t0=4776   rollout=  1.3s  avg= 1.4s/seq  elapsed=  1.3m  eta=  1.5m
[run] flowcast  k=5/10 seq=8/12 (56/120)  t0=5572   rollout=  1.3s  avg= 1.4s/seq  elapsed=  1.3m  eta=  1.5m
[run] flowcast  k=5/10 seq=9/12 (57/120)  t0=6368   rollout=  1.3s  avg= 1.4s/seq  elapsed=  1.3m  eta=  1.4m
[run] flowcast  k=5/10 seq=10/12 (58/120)  t0=7164   rollout=  1.3s  avg= 1.4s/seq  elapsed=  1.3m  eta=  1.4m
[run] flowcast  k=5/10 seq=11/12 (59/120)  t0=7960   rollout=  1.4s  avg= 1.4s/seq  elapsed=  1.3m  eta=  1.4m
[run] flowcast  k=5/10 seq=12/12 (60/120)  t0=8757   rollout=  1.3s  avg= 1.4s/seq  elapsed=  1.4m  eta=  1.4m
[run] flowcast  k=6/10 seq=1/12 (61/120)  t0=0      rollout=  1.4s  avg= 1.4s/seq  elapsed=  1.4m  eta=  1.3m
[run] flowcast  k=6/10 seq=2/12 (62/120)  t0=796    rollout=  1.4s  avg= 1.4s/seq  elapsed=  1.4m  eta=  1.3m
[run] flowcast  k=6/10 seq=3/12 (63/120)  t0=1592   rollout=  1.4s  avg= 1.4s/seq  elapsed=  1.4m  eta=  1.3m
[run] flowcast  k=6/10 seq=4/12 (64/120)  t0=2388   rollout=  1.4s  avg= 1.4s/seq  elapsed=  1.5m  eta=  1.3m
[run] flowcast  k=6/10 seq=5/12 (65/120)  t0=3184   rollout=  1.4s  avg= 1.4s/seq  elapsed=  1.5m  eta=  1.3m
[run] flowcast  k=6/10 seq=6/12 (66/120)  t0=3980   rollout=  1.4s  avg= 1.4s/seq  elapsed=  1.5m  eta=  1.2m
[run] flowcast  k=6/10 seq=7/12 (67/120)  t0=4776   rollout=  1.4s  avg= 1.4s/seq  elapsed=  1.5m  eta=  1.2m
[run] flowcast  k=6/10 seq=8/12 (68/120)  t0=5572   rollout=  1.4s  avg= 1.4s/seq  elapsed=  1.6m  eta=  1.2m
[run] flowcast  k=6/10 seq=9/12 (69/120)  t0=6368   rollout=  1.4s  avg= 1.4s/seq  elapsed=  1.6m  eta=  1.2m
[run] flowcast  k=6/10 seq=10/12 (70/120)  t0=7164   rollout=  1.4s  avg= 1.4s/seq  elapsed=  1.6m  eta=  1.1m
[run] flowcast  k=6/10 seq=11/12 (71/120)  t0=7960   rollout=  1.4s  avg= 1.4s/seq  elapsed=  1.6m  eta=  1.1m
[run] flowcast  k=6/10 seq=12/12 (72/120)  t0=8757   rollout=  1.4s  avg= 1.4s/seq  elapsed=  1.6m  eta=  1.1m
[run] flowcast  k=7/10 seq=1/12 (73/120)  t0=0      rollout=  1.4s  avg= 1.4s/seq  elapsed=  1.7m  eta=  1.1m
[run] flowcast  k=7/10 seq=2/12 (74/120)  t0=796    rollout=  1.3s  avg= 1.4s/seq  elapsed=  1.7m  eta=  1.0m
[run] flowcast  k=7/10 seq=3/12 (75/120)  t0=1592   rollout=  1.3s  avg= 1.4s/seq  elapsed=  1.7m  eta=  1.0m
[run] flowcast  k=7/10 seq=4/12 (76/120)  t0=2388   rollout=  1.4s  avg= 1.4s/seq  elapsed=  1.7m  eta=  1.0m
[run] flowcast  k=7/10 seq=5/12 (77/120)  t0=3184   rollout=  1.3s  avg= 1.4s/seq  elapsed=  1.8m  eta=  1.0m
[run] flowcast  k=7/10 seq=6/12 (78/120)  t0=3980   rollout=  1.3s  avg= 1.4s/seq  elapsed=  1.8m  eta=  1.0m
[run] flowcast  k=7/10 seq=7/12 (79/120)  t0=4776   rollout=  1.3s  avg= 1.4s/seq  elapsed=  1.8m  eta=  0.9m
[run] flowcast  k=7/10 seq=8/12 (80/120)  t0=5572   rollout=  1.4s  avg= 1.4s/seq  elapsed=  1.8m  eta=  0.9m
[run] flowcast  k=7/10 seq=9/12 (81/120)  t0=6368   rollout=  1.4s  avg= 1.4s/seq  elapsed=  1.8m  eta=  0.9m
[run] flowcast  k=7/10 seq=10/12 (82/120)  t0=7164   rollout=  1.3s  avg= 1.4s/seq  elapsed=  1.9m  eta=  0.9m
[run] flowcast  k=7/10 seq=11/12 (83/120)  t0=7960   rollout=  1.4s  avg= 1.4s/seq  elapsed=  1.9m  eta=  0.8m
[run] flowcast  k=7/10 seq=12/12 (84/120)  t0=8757   rollout=  1.3s  avg= 1.4s/seq  elapsed=  1.9m  eta=  0.8m
[run] flowcast  k=8/10 seq=1/12 (85/120)  t0=0      rollout=  1.3s  avg= 1.4s/seq  elapsed=  1.9m  eta=  0.8m
[run] flowcast  k=8/10 seq=2/12 (86/120)  t0=796    rollout=  1.3s  avg= 1.4s/seq  elapsed=  2.0m  eta=  0.8m
[run] flowcast  k=8/10 seq=3/12 (87/120)  t0=1592   rollout=  1.3s  avg= 1.4s/seq  elapsed=  2.0m  eta=  0.8m
[run] flowcast  k=8/10 seq=4/12 (88/120)  t0=2388   rollout=  1.3s  avg= 1.4s/seq  elapsed=  2.0m  eta=  0.7m
[run] flowcast  k=8/10 seq=5/12 (89/120)  t0=3184   rollout=  1.3s  avg= 1.4s/seq  elapsed=  2.0m  eta=  0.7m
[run] flowcast  k=8/10 seq=6/12 (90/120)  t0=3980   rollout=  1.3s  avg= 1.4s/seq  elapsed=  2.0m  eta=  0.7m
[run] flowcast  k=8/10 seq=7/12 (91/120)  t0=4776   rollout=  1.3s  avg= 1.4s/seq  elapsed=  2.1m  eta=  0.7m
[run] flowcast  k=8/10 seq=8/12 (92/120)  t0=5572   rollout=  1.3s  avg= 1.4s/seq  elapsed=  2.1m  eta=  0.6m
[run] flowcast  k=8/10 seq=9/12 (93/120)  t0=6368   rollout=  1.4s  avg= 1.4s/seq  elapsed=  2.1m  eta=  0.6m
[run] flowcast  k=8/10 seq=10/12 (94/120)  t0=7164   rollout=  1.4s  avg= 1.4s/seq  elapsed=  2.1m  eta=  0.6m
[run] flowcast  k=8/10 seq=11/12 (95/120)  t0=7960   rollout=  1.4s  avg= 1.4s/seq  elapsed=  2.2m  eta=  0.6m
[run] flowcast  k=8/10 seq=12/12 (96/120)  t0=8757   rollout=  1.4s  avg= 1.4s/seq  elapsed=  2.2m  eta=  0.5m
[run] flowcast  k=9/10 seq=1/12 (97/120)  t0=0      rollout=  1.4s  avg= 1.4s/seq  elapsed=  2.2m  eta=  0.5m
[run] flowcast  k=9/10 seq=2/12 (98/120)  t0=796    rollout=  1.4s  avg= 1.4s/seq  elapsed=  2.2m  eta=  0.5m
[run] flowcast  k=9/10 seq=3/12 (99/120)  t0=1592   rollout=  1.3s  avg= 1.4s/seq  elapsed=  2.3m  eta=  0.5m
[run] flowcast  k=9/10 seq=4/12 (100/120)  t0=2388   rollout=  1.4s  avg= 1.4s/seq  elapsed=  2.3m  eta=  0.5m
[run] flowcast  k=9/10 seq=5/12 (101/120)  t0=3184   rollout=  1.3s  avg= 1.4s/seq  elapsed=  2.3m  eta=  0.4m
[run] flowcast  k=9/10 seq=6/12 (102/120)  t0=3980   rollout=  1.3s  avg= 1.4s/seq  elapsed=  2.3m  eta=  0.4m
[run] flowcast  k=9/10 seq=7/12 (103/120)  t0=4776   rollout=  1.4s  avg= 1.4s/seq  elapsed=  2.3m  eta=  0.4m
[run] flowcast  k=9/10 seq=8/12 (104/120)  t0=5572   rollout=  1.3s  avg= 1.4s/seq  elapsed=  2.4m  eta=  0.4m
[run] flowcast  k=9/10 seq=9/12 (105/120)  t0=6368   rollout=  1.4s  avg= 1.4s/seq  elapsed=  2.4m  eta=  0.3m
[run] flowcast  k=9/10 seq=10/12 (106/120)  t0=7164   rollout=  1.4s  avg= 1.4s/seq  elapsed=  2.4m  eta=  0.3m
[run] flowcast  k=9/10 seq=11/12 (107/120)  t0=7960   rollout=  1.3s  avg= 1.4s/seq  elapsed=  2.4m  eta=  0.3m
[run] flowcast  k=9/10 seq=12/12 (108/120)  t0=8757   rollout=  1.3s  avg= 1.4s/seq  elapsed=  2.5m  eta=  0.3m
[run] flowcast  k=10/10 seq=1/12 (109/120)  t0=0      rollout=  1.3s  avg= 1.4s/seq  elapsed=  2.5m  eta=  0.2m
[run] flowcast  k=10/10 seq=2/12 (110/120)  t0=796    rollout=  1.4s  avg= 1.4s/seq  elapsed=  2.5m  eta=  0.2m
[run] flowcast  k=10/10 seq=3/12 (111/120)  t0=1592   rollout=  1.3s  avg= 1.4s/seq  elapsed=  2.5m  eta=  0.2m
[run] flowcast  k=10/10 seq=4/12 (112/120)  t0=2388   rollout=  1.4s  avg= 1.4s/seq  elapsed=  2.5m  eta=  0.2m
[run] flowcast  k=10/10 seq=5/12 (113/120)  t0=3184   rollout=  1.3s  avg= 1.4s/seq  elapsed=  2.6m  eta=  0.2m
[run] flowcast  k=10/10 seq=6/12 (114/120)  t0=3980   rollout=  1.3s  avg= 1.4s/seq  elapsed=  2.6m  eta=  0.1m
[run] flowcast  k=10/10 seq=7/12 (115/120)  t0=4776   rollout=  1.4s  avg= 1.4s/seq  elapsed=  2.6m  eta=  0.1m
[run] flowcast  k=10/10 seq=8/12 (116/120)  t0=5572   rollout=  1.3s  avg= 1.4s/seq  elapsed=  2.6m  eta=  0.1m
[run] flowcast  k=10/10 seq=9/12 (117/120)  t0=6368   rollout=  1.3s  avg= 1.4s/seq  elapsed=  2.7m  eta=  0.1m
[run] flowcast  k=10/10 seq=10/12 (118/120)  t0=7164   rollout=  1.3s  avg= 1.4s/seq  elapsed=  2.7m  eta=  0.0m
[run] flowcast  k=10/10 seq=11/12 (119/120)  t0=7960   rollout=  1.3s  avg= 1.4s/seq  elapsed=  2.7m  eta=  0.0m
[run] flowcast  k=10/10 seq=12/12 (120/120)  t0=8757   rollout=  1.3s  avg= 1.4s/seq  elapsed=  2.7m  eta=  0.0m
[run] flowcast ensemble finished in 2.7m
[2026-06-12 11:38:45] [nfe_sweep] NFE= 32  t/seq= 1.36s  CRPS-qpepre=0.1320  CSI-M=0.2653  RMSE-qpepre=0.5737  NFE-elapsed=2.7m
| method | Time/Seq.(s) | CRPS↓ | CSI-M↑ | CSI-P16↑ | FSS-P16-M↑ | HSS-M↑ | FAR-M↓ | RMSE_u10↓ | RMSE_v10↓ | RMSE_t2m↓ | RMSE_qpepre↓ |
|---|---|---|---|---|---|---|---|---|---|---|---|
| flowcast | 1.363 | 0.3077 | 0.2653 | 0.1231 | 0.2355 | 0.3588 | 0.2253 | 0.8668 | 0.8901 | 0.4427 | 0.5737 |

================================================================
[2026-06-12 11:38:45] NFE = 40   (14/15)
================================================================
[run] flowcast ensemble starting: K=10 x S=12 x T=1 = 120 sequence-rollouts
[run] flowcast  k=1/10 seq=1/12 (1/120)  t0=0      rollout=  1.7s  avg= 1.7s/seq  elapsed=  0.0m  eta=  3.3m
[run] flowcast  k=1/10 seq=2/12 (2/120)  t0=796    rollout=  1.6s  avg= 1.6s/seq  elapsed=  0.1m  eta=  3.2m
[run] flowcast  k=1/10 seq=3/12 (3/120)  t0=1592   rollout=  1.6s  avg= 1.6s/seq  elapsed=  0.1m  eta=  3.2m
[run] flowcast  k=1/10 seq=4/12 (4/120)  t0=2388   rollout=  1.6s  avg= 1.6s/seq  elapsed=  0.1m  eta=  3.2m
[run] flowcast  k=1/10 seq=5/12 (5/120)  t0=3184   rollout=  1.6s  avg= 1.6s/seq  elapsed=  0.1m  eta=  3.1m
[run] flowcast  k=1/10 seq=6/12 (6/120)  t0=3980   rollout=  1.6s  avg= 1.6s/seq  elapsed=  0.2m  eta=  3.1m
[run] flowcast  k=1/10 seq=7/12 (7/120)  t0=4776   rollout=  1.7s  avg= 1.6s/seq  elapsed=  0.2m  eta=  3.1m
[run] flowcast  k=1/10 seq=8/12 (8/120)  t0=5572   rollout=  1.6s  avg= 1.6s/seq  elapsed=  0.2m  eta=  3.1m
[run] flowcast  k=1/10 seq=9/12 (9/120)  t0=6368   rollout=  1.6s  avg= 1.6s/seq  elapsed=  0.2m  eta=  3.0m
[run] flowcast  k=1/10 seq=10/12 (10/120)  t0=7164   rollout=  1.6s  avg= 1.6s/seq  elapsed=  0.3m  eta=  3.0m
[run] flowcast  k=1/10 seq=11/12 (11/120)  t0=7960   rollout=  1.6s  avg= 1.6s/seq  elapsed=  0.3m  eta=  3.0m
[run] flowcast  k=1/10 seq=12/12 (12/120)  t0=8757   rollout=  1.7s  avg= 1.6s/seq  elapsed=  0.3m  eta=  3.0m
[run] flowcast  k=2/10 seq=1/12 (13/120)  t0=0      rollout=  1.6s  avg= 1.6s/seq  elapsed=  0.4m  eta=  2.9m
[run] flowcast  k=2/10 seq=2/12 (14/120)  t0=796    rollout=  1.7s  avg= 1.6s/seq  elapsed=  0.4m  eta=  2.9m
[run] flowcast  k=2/10 seq=3/12 (15/120)  t0=1592   rollout=  1.8s  avg= 1.7s/seq  elapsed=  0.4m  eta=  2.9m
[run] flowcast  k=2/10 seq=4/12 (16/120)  t0=2388   rollout=  1.8s  avg= 1.7s/seq  elapsed=  0.4m  eta=  2.9m
[run] flowcast  k=2/10 seq=5/12 (17/120)  t0=3184   rollout=  1.7s  avg= 1.7s/seq  elapsed=  0.5m  eta=  2.8m
[run] flowcast  k=2/10 seq=6/12 (18/120)  t0=3980   rollout=  1.7s  avg= 1.7s/seq  elapsed=  0.5m  eta=  2.8m
[run] flowcast  k=2/10 seq=7/12 (19/120)  t0=4776   rollout=  1.7s  avg= 1.7s/seq  elapsed=  0.5m  eta=  2.8m
[run] flowcast  k=2/10 seq=8/12 (20/120)  t0=5572   rollout=  1.7s  avg= 1.7s/seq  elapsed=  0.6m  eta=  2.8m
[run] flowcast  k=2/10 seq=9/12 (21/120)  t0=6368   rollout=  1.7s  avg= 1.7s/seq  elapsed=  0.6m  eta=  2.7m
[run] flowcast  k=2/10 seq=10/12 (22/120)  t0=7164   rollout=  1.7s  avg= 1.7s/seq  elapsed=  0.6m  eta=  2.7m
[run] flowcast  k=2/10 seq=11/12 (23/120)  t0=7960   rollout=  1.7s  avg= 1.7s/seq  elapsed=  0.6m  eta=  2.7m
[run] flowcast  k=2/10 seq=12/12 (24/120)  t0=8757   rollout=  1.7s  avg= 1.7s/seq  elapsed=  0.7m  eta=  2.7m
[run] flowcast  k=3/10 seq=1/12 (25/120)  t0=0      rollout=  1.6s  avg= 1.7s/seq  elapsed=  0.7m  eta=  2.6m
[run] flowcast  k=3/10 seq=2/12 (26/120)  t0=796    rollout=  1.7s  avg= 1.7s/seq  elapsed=  0.7m  eta=  2.6m
[run] flowcast  k=3/10 seq=3/12 (27/120)  t0=1592   rollout=  1.6s  avg= 1.7s/seq  elapsed=  0.7m  eta=  2.6m
[run] flowcast  k=3/10 seq=4/12 (28/120)  t0=2388   rollout=  1.7s  avg= 1.7s/seq  elapsed=  0.8m  eta=  2.5m
[run] flowcast  k=3/10 seq=5/12 (29/120)  t0=3184   rollout=  1.7s  avg= 1.7s/seq  elapsed=  0.8m  eta=  2.5m
[run] flowcast  k=3/10 seq=6/12 (30/120)  t0=3980   rollout=  1.7s  avg= 1.7s/seq  elapsed=  0.8m  eta=  2.5m
[run] flowcast  k=3/10 seq=7/12 (31/120)  t0=4776   rollout=  1.6s  avg= 1.7s/seq  elapsed=  0.9m  eta=  2.5m
[run] flowcast  k=3/10 seq=8/12 (32/120)  t0=5572   rollout=  1.7s  avg= 1.7s/seq  elapsed=  0.9m  eta=  2.4m
[run] flowcast  k=3/10 seq=9/12 (33/120)  t0=6368   rollout=  1.6s  avg= 1.7s/seq  elapsed=  0.9m  eta=  2.4m
[run] flowcast  k=3/10 seq=10/12 (34/120)  t0=7164   rollout=  1.7s  avg= 1.7s/seq  elapsed=  0.9m  eta=  2.4m
[run] flowcast  k=3/10 seq=11/12 (35/120)  t0=7960   rollout=  1.6s  avg= 1.7s/seq  elapsed=  1.0m  eta=  2.4m
[run] flowcast  k=3/10 seq=12/12 (36/120)  t0=8757   rollout=  1.6s  avg= 1.7s/seq  elapsed=  1.0m  eta=  2.3m
[run] flowcast  k=4/10 seq=1/12 (37/120)  t0=0      rollout=  1.7s  avg= 1.7s/seq  elapsed=  1.0m  eta=  2.3m
[run] flowcast  k=4/10 seq=2/12 (38/120)  t0=796    rollout=  1.7s  avg= 1.7s/seq  elapsed=  1.1m  eta=  2.3m
[run] flowcast  k=4/10 seq=3/12 (39/120)  t0=1592   rollout=  1.6s  avg= 1.7s/seq  elapsed=  1.1m  eta=  2.2m
[run] flowcast  k=4/10 seq=4/12 (40/120)  t0=2388   rollout=  1.7s  avg= 1.7s/seq  elapsed=  1.1m  eta=  2.2m
[run] flowcast  k=4/10 seq=5/12 (41/120)  t0=3184   rollout=  1.7s  avg= 1.7s/seq  elapsed=  1.1m  eta=  2.2m
[run] flowcast  k=4/10 seq=6/12 (42/120)  t0=3980   rollout=  1.7s  avg= 1.7s/seq  elapsed=  1.2m  eta=  2.2m
[run] flowcast  k=4/10 seq=7/12 (43/120)  t0=4776   rollout=  1.6s  avg= 1.7s/seq  elapsed=  1.2m  eta=  2.1m
[run] flowcast  k=4/10 seq=8/12 (44/120)  t0=5572   rollout=  1.7s  avg= 1.7s/seq  elapsed=  1.2m  eta=  2.1m
[run] flowcast  k=4/10 seq=9/12 (45/120)  t0=6368   rollout=  1.6s  avg= 1.7s/seq  elapsed=  1.2m  eta=  2.1m
[run] flowcast  k=4/10 seq=10/12 (46/120)  t0=7164   rollout=  1.7s  avg= 1.7s/seq  elapsed=  1.3m  eta=  2.1m
[run] flowcast  k=4/10 seq=11/12 (47/120)  t0=7960   rollout=  1.7s  avg= 1.7s/seq  elapsed=  1.3m  eta=  2.0m
[run] flowcast  k=4/10 seq=12/12 (48/120)  t0=8757   rollout=  1.6s  avg= 1.7s/seq  elapsed=  1.3m  eta=  2.0m
[run] flowcast  k=5/10 seq=1/12 (49/120)  t0=0      rollout=  1.7s  avg= 1.7s/seq  elapsed=  1.4m  eta=  2.0m
[run] flowcast  k=5/10 seq=2/12 (50/120)  t0=796    rollout=  1.7s  avg= 1.7s/seq  elapsed=  1.4m  eta=  1.9m
[run] flowcast  k=5/10 seq=3/12 (51/120)  t0=1592   rollout=  1.7s  avg= 1.7s/seq  elapsed=  1.4m  eta=  1.9m
[run] flowcast  k=5/10 seq=4/12 (52/120)  t0=2388   rollout=  1.7s  avg= 1.7s/seq  elapsed=  1.4m  eta=  1.9m
[run] flowcast  k=5/10 seq=5/12 (53/120)  t0=3184   rollout=  1.7s  avg= 1.7s/seq  elapsed=  1.5m  eta=  1.9m
[run] flowcast  k=5/10 seq=6/12 (54/120)  t0=3980   rollout=  1.7s  avg= 1.7s/seq  elapsed=  1.5m  eta=  1.8m
[run] flowcast  k=5/10 seq=7/12 (55/120)  t0=4776   rollout=  1.7s  avg= 1.7s/seq  elapsed=  1.5m  eta=  1.8m
[run] flowcast  k=5/10 seq=8/12 (56/120)  t0=5572   rollout=  1.7s  avg= 1.7s/seq  elapsed=  1.6m  eta=  1.8m
[run] flowcast  k=5/10 seq=9/12 (57/120)  t0=6368   rollout=  1.7s  avg= 1.7s/seq  elapsed=  1.6m  eta=  1.7m
[run] flowcast  k=5/10 seq=10/12 (58/120)  t0=7164   rollout=  1.6s  avg= 1.7s/seq  elapsed=  1.6m  eta=  1.7m
[run] flowcast  k=5/10 seq=11/12 (59/120)  t0=7960   rollout=  1.7s  avg= 1.7s/seq  elapsed=  1.6m  eta=  1.7m
[run] flowcast  k=5/10 seq=12/12 (60/120)  t0=8757   rollout=  1.6s  avg= 1.7s/seq  elapsed=  1.7m  eta=  1.7m
[run] flowcast  k=6/10 seq=1/12 (61/120)  t0=0      rollout=  1.6s  avg= 1.7s/seq  elapsed=  1.7m  eta=  1.6m
[run] flowcast  k=6/10 seq=2/12 (62/120)  t0=796    rollout=  1.6s  avg= 1.7s/seq  elapsed=  1.7m  eta=  1.6m
[run] flowcast  k=6/10 seq=3/12 (63/120)  t0=1592   rollout=  1.7s  avg= 1.7s/seq  elapsed=  1.7m  eta=  1.6m
[run] flowcast  k=6/10 seq=4/12 (64/120)  t0=2388   rollout=  1.7s  avg= 1.7s/seq  elapsed=  1.8m  eta=  1.6m
[run] flowcast  k=6/10 seq=5/12 (65/120)  t0=3184   rollout=  1.7s  avg= 1.7s/seq  elapsed=  1.8m  eta=  1.5m
[run] flowcast  k=6/10 seq=6/12 (66/120)  t0=3980   rollout=  1.7s  avg= 1.7s/seq  elapsed=  1.8m  eta=  1.5m
[run] flowcast  k=6/10 seq=7/12 (67/120)  t0=4776   rollout=  1.9s  avg= 1.7s/seq  elapsed=  1.9m  eta=  1.5m
[run] flowcast  k=6/10 seq=8/12 (68/120)  t0=5572   rollout=  1.7s  avg= 1.7s/seq  elapsed=  1.9m  eta=  1.4m
[run] flowcast  k=6/10 seq=9/12 (69/120)  t0=6368   rollout=  1.7s  avg= 1.7s/seq  elapsed=  1.9m  eta=  1.4m
[run] flowcast  k=6/10 seq=10/12 (70/120)  t0=7164   rollout=  1.8s  avg= 1.7s/seq  elapsed=  1.9m  eta=  1.4m
[run] flowcast  k=6/10 seq=11/12 (71/120)  t0=7960   rollout=  1.7s  avg= 1.7s/seq  elapsed=  2.0m  eta=  1.4m
[run] flowcast  k=6/10 seq=12/12 (72/120)  t0=8757   rollout=  1.8s  avg= 1.7s/seq  elapsed=  2.0m  eta=  1.3m
[run] flowcast  k=7/10 seq=1/12 (73/120)  t0=0      rollout=  1.7s  avg= 1.7s/seq  elapsed=  2.0m  eta=  1.3m
[run] flowcast  k=7/10 seq=2/12 (74/120)  t0=796    rollout=  1.7s  avg= 1.7s/seq  elapsed=  2.1m  eta=  1.3m
[run] flowcast  k=7/10 seq=3/12 (75/120)  t0=1592   rollout=  1.8s  avg= 1.7s/seq  elapsed=  2.1m  eta=  1.3m
[run] flowcast  k=7/10 seq=4/12 (76/120)  t0=2388   rollout=  1.8s  avg= 1.7s/seq  elapsed=  2.1m  eta=  1.2m
[run] flowcast  k=7/10 seq=5/12 (77/120)  t0=3184   rollout=  1.7s  avg= 1.7s/seq  elapsed=  2.2m  eta=  1.2m
[run] flowcast  k=7/10 seq=6/12 (78/120)  t0=3980   rollout=  1.7s  avg= 1.7s/seq  elapsed=  2.2m  eta=  1.2m
[run] flowcast  k=7/10 seq=7/12 (79/120)  t0=4776   rollout=  1.6s  avg= 1.7s/seq  elapsed=  2.2m  eta=  1.1m
[run] flowcast  k=7/10 seq=8/12 (80/120)  t0=5572   rollout=  1.7s  avg= 1.7s/seq  elapsed=  2.2m  eta=  1.1m
[run] flowcast  k=7/10 seq=9/12 (81/120)  t0=6368   rollout=  1.6s  avg= 1.7s/seq  elapsed=  2.3m  eta=  1.1m
[run] flowcast  k=7/10 seq=10/12 (82/120)  t0=7164   rollout=  1.7s  avg= 1.7s/seq  elapsed=  2.3m  eta=  1.1m
[run] flowcast  k=7/10 seq=11/12 (83/120)  t0=7960   rollout=  1.6s  avg= 1.7s/seq  elapsed=  2.3m  eta=  1.0m
[run] flowcast  k=7/10 seq=12/12 (84/120)  t0=8757   rollout=  1.7s  avg= 1.7s/seq  elapsed=  2.3m  eta=  1.0m
[run] flowcast  k=8/10 seq=1/12 (85/120)  t0=0      rollout=  1.7s  avg= 1.7s/seq  elapsed=  2.4m  eta=  1.0m
[run] flowcast  k=8/10 seq=2/12 (86/120)  t0=796    rollout=  1.7s  avg= 1.7s/seq  elapsed=  2.4m  eta=  0.9m
[run] flowcast  k=8/10 seq=3/12 (87/120)  t0=1592   rollout=  1.6s  avg= 1.7s/seq  elapsed=  2.4m  eta=  0.9m
[run] flowcast  k=8/10 seq=4/12 (88/120)  t0=2388   rollout=  1.7s  avg= 1.7s/seq  elapsed=  2.5m  eta=  0.9m
[run] flowcast  k=8/10 seq=5/12 (89/120)  t0=3184   rollout=  1.7s  avg= 1.7s/seq  elapsed=  2.5m  eta=  0.9m
[run] flowcast  k=8/10 seq=6/12 (90/120)  t0=3980   rollout=  1.8s  avg= 1.7s/seq  elapsed=  2.5m  eta=  0.8m
[run] flowcast  k=8/10 seq=7/12 (91/120)  t0=4776   rollout=  1.8s  avg= 1.7s/seq  elapsed=  2.5m  eta=  0.8m
[run] flowcast  k=8/10 seq=8/12 (92/120)  t0=5572   rollout=  1.7s  avg= 1.7s/seq  elapsed=  2.6m  eta=  0.8m
[run] flowcast  k=8/10 seq=9/12 (93/120)  t0=6368   rollout=  1.6s  avg= 1.7s/seq  elapsed=  2.6m  eta=  0.8m
[run] flowcast  k=8/10 seq=10/12 (94/120)  t0=7164   rollout=  1.7s  avg= 1.7s/seq  elapsed=  2.6m  eta=  0.7m
[run] flowcast  k=8/10 seq=11/12 (95/120)  t0=7960   rollout=  1.7s  avg= 1.7s/seq  elapsed=  2.7m  eta=  0.7m
[run] flowcast  k=8/10 seq=12/12 (96/120)  t0=8757   rollout=  1.6s  avg= 1.7s/seq  elapsed=  2.7m  eta=  0.7m
[run] flowcast  k=9/10 seq=1/12 (97/120)  t0=0      rollout=  1.6s  avg= 1.7s/seq  elapsed=  2.7m  eta=  0.6m
[run] flowcast  k=9/10 seq=2/12 (98/120)  t0=796    rollout=  1.6s  avg= 1.7s/seq  elapsed=  2.7m  eta=  0.6m
[run] flowcast  k=9/10 seq=3/12 (99/120)  t0=1592   rollout=  1.6s  avg= 1.7s/seq  elapsed=  2.8m  eta=  0.6m
[run] flowcast  k=9/10 seq=4/12 (100/120)  t0=2388   rollout=  1.6s  avg= 1.7s/seq  elapsed=  2.8m  eta=  0.6m
[run] flowcast  k=9/10 seq=5/12 (101/120)  t0=3184   rollout=  1.7s  avg= 1.7s/seq  elapsed=  2.8m  eta=  0.5m
[run] flowcast  k=9/10 seq=6/12 (102/120)  t0=3980   rollout=  1.6s  avg= 1.7s/seq  elapsed=  2.8m  eta=  0.5m
[run] flowcast  k=9/10 seq=7/12 (103/120)  t0=4776   rollout=  1.7s  avg= 1.7s/seq  elapsed=  2.9m  eta=  0.5m
[run] flowcast  k=9/10 seq=8/12 (104/120)  t0=5572   rollout=  1.6s  avg= 1.7s/seq  elapsed=  2.9m  eta=  0.4m
[run] flowcast  k=9/10 seq=9/12 (105/120)  t0=6368   rollout=  1.7s  avg= 1.7s/seq  elapsed=  2.9m  eta=  0.4m
[run] flowcast  k=9/10 seq=10/12 (106/120)  t0=7164   rollout=  1.6s  avg= 1.7s/seq  elapsed=  3.0m  eta=  0.4m
[run] flowcast  k=9/10 seq=11/12 (107/120)  t0=7960   rollout=  1.7s  avg= 1.7s/seq  elapsed=  3.0m  eta=  0.4m
[run] flowcast  k=9/10 seq=12/12 (108/120)  t0=8757   rollout=  1.7s  avg= 1.7s/seq  elapsed=  3.0m  eta=  0.3m
[run] flowcast  k=10/10 seq=1/12 (109/120)  t0=0      rollout=  1.7s  avg= 1.7s/seq  elapsed=  3.0m  eta=  0.3m
[run] flowcast  k=10/10 seq=2/12 (110/120)  t0=796    rollout=  1.7s  avg= 1.7s/seq  elapsed=  3.1m  eta=  0.3m
[run] flowcast  k=10/10 seq=3/12 (111/120)  t0=1592   rollout=  1.7s  avg= 1.7s/seq  elapsed=  3.1m  eta=  0.3m
[run] flowcast  k=10/10 seq=4/12 (112/120)  t0=2388   rollout=  1.7s  avg= 1.7s/seq  elapsed=  3.1m  eta=  0.2m
[run] flowcast  k=10/10 seq=5/12 (113/120)  t0=3184   rollout=  1.7s  avg= 1.7s/seq  elapsed=  3.1m  eta=  0.2m
[run] flowcast  k=10/10 seq=6/12 (114/120)  t0=3980   rollout=  1.7s  avg= 1.7s/seq  elapsed=  3.2m  eta=  0.2m
[run] flowcast  k=10/10 seq=7/12 (115/120)  t0=4776   rollout=  1.7s  avg= 1.7s/seq  elapsed=  3.2m  eta=  0.1m
[run] flowcast  k=10/10 seq=8/12 (116/120)  t0=5572   rollout=  1.6s  avg= 1.7s/seq  elapsed=  3.2m  eta=  0.1m
[run] flowcast  k=10/10 seq=9/12 (117/120)  t0=6368   rollout=  1.7s  avg= 1.7s/seq  elapsed=  3.3m  eta=  0.1m
[run] flowcast  k=10/10 seq=10/12 (118/120)  t0=7164   rollout=  1.7s  avg= 1.7s/seq  elapsed=  3.3m  eta=  0.1m
[run] flowcast  k=10/10 seq=11/12 (119/120)  t0=7960   rollout=  1.7s  avg= 1.7s/seq  elapsed=  3.3m  eta=  0.0m
[run] flowcast  k=10/10 seq=12/12 (120/120)  t0=8757   rollout=  1.7s  avg= 1.7s/seq  elapsed=  3.3m  eta=  0.0m
[run] flowcast ensemble finished in 3.3m
[2026-06-12 11:42:06] [nfe_sweep] NFE= 40  t/seq= 1.64s  CRPS-qpepre=0.1318  CSI-M=0.2653  RMSE-qpepre=0.5749  NFE-elapsed=3.3m
| method | Time/Seq.(s) | CRPS↓ | CSI-M↑ | CSI-P16↑ | FSS-P16-M↑ | HSS-M↑ | FAR-M↓ | RMSE_u10↓ | RMSE_v10↓ | RMSE_t2m↓ | RMSE_qpepre↓ |
|---|---|---|---|---|---|---|---|---|---|---|---|
| flowcast | 1.641 | 0.3076 | 0.2653 | 0.1231 | 0.2355 | 0.3588 | 0.2298 | 0.8684 | 0.8928 | 0.4439 | 0.5749 |

================================================================
[2026-06-12 11:42:06] NFE = 50   (15/15)
================================================================
[run] flowcast ensemble starting: K=10 x S=12 x T=1 = 120 sequence-rollouts
[run] flowcast  k=1/10 seq=1/12 (1/120)  t0=0      rollout=  2.1s  avg= 2.1s/seq  elapsed=  0.0m  eta=  4.2m
[run] flowcast  k=1/10 seq=2/12 (2/120)  t0=796    rollout=  2.1s  avg= 2.1s/seq  elapsed=  0.1m  eta=  4.1m
[run] flowcast  k=1/10 seq=3/12 (3/120)  t0=1592   rollout=  2.1s  avg= 2.1s/seq  elapsed=  0.1m  eta=  4.0m
[run] flowcast  k=1/10 seq=4/12 (4/120)  t0=2388   rollout=  2.1s  avg= 2.1s/seq  elapsed=  0.1m  eta=  4.0m
[run] flowcast  k=1/10 seq=5/12 (5/120)  t0=3184   rollout=  2.1s  avg= 2.1s/seq  elapsed=  0.2m  eta=  4.0m
[run] flowcast  k=1/10 seq=6/12 (6/120)  t0=3980   rollout=  2.0s  avg= 2.1s/seq  elapsed=  0.2m  eta=  3.9m
[run] flowcast  k=1/10 seq=7/12 (7/120)  t0=4776   rollout=  2.0s  avg= 2.1s/seq  elapsed=  0.2m  eta=  3.9m
[run] flowcast  k=1/10 seq=8/12 (8/120)  t0=5572   rollout=  2.0s  avg= 2.1s/seq  elapsed=  0.3m  eta=  3.8m
[run] flowcast  k=1/10 seq=9/12 (9/120)  t0=6368   rollout=  2.1s  avg= 2.1s/seq  elapsed=  0.3m  eta=  3.8m
[run] flowcast  k=1/10 seq=10/12 (10/120)  t0=7164   rollout=  2.0s  avg= 2.1s/seq  elapsed=  0.3m  eta=  3.8m
[run] flowcast  k=1/10 seq=11/12 (11/120)  t0=7960   rollout=  2.0s  avg= 2.1s/seq  elapsed=  0.4m  eta=  3.7m
[run] flowcast  k=1/10 seq=12/12 (12/120)  t0=8757   rollout=  2.0s  avg= 2.1s/seq  elapsed=  0.4m  eta=  3.7m
[run] flowcast  k=2/10 seq=1/12 (13/120)  t0=0      rollout=  2.0s  avg= 2.1s/seq  elapsed=  0.4m  eta=  3.7m
[run] flowcast  k=2/10 seq=2/12 (14/120)  t0=796    rollout=  2.1s  avg= 2.1s/seq  elapsed=  0.5m  eta=  3.6m
[run] flowcast  k=2/10 seq=3/12 (15/120)  t0=1592   rollout=  2.0s  avg= 2.1s/seq  elapsed=  0.5m  eta=  3.6m
[run] flowcast  k=2/10 seq=4/12 (16/120)  t0=2388   rollout=  2.0s  avg= 2.0s/seq  elapsed=  0.5m  eta=  3.6m
[run] flowcast  k=2/10 seq=5/12 (17/120)  t0=3184   rollout=  2.0s  avg= 2.0s/seq  elapsed=  0.6m  eta=  3.5m
[run] flowcast  k=2/10 seq=6/12 (18/120)  t0=3980   rollout=  2.0s  avg= 2.0s/seq  elapsed=  0.6m  eta=  3.5m
[run] flowcast  k=2/10 seq=7/12 (19/120)  t0=4776   rollout=  2.0s  avg= 2.0s/seq  elapsed=  0.6m  eta=  3.4m
[run] flowcast  k=2/10 seq=8/12 (20/120)  t0=5572   rollout=  2.0s  avg= 2.0s/seq  elapsed=  0.7m  eta=  3.4m
[run] flowcast  k=2/10 seq=9/12 (21/120)  t0=6368   rollout=  2.0s  avg= 2.0s/seq  elapsed=  0.7m  eta=  3.4m
[run] flowcast  k=2/10 seq=10/12 (22/120)  t0=7164   rollout=  2.0s  avg= 2.0s/seq  elapsed=  0.7m  eta=  3.3m
[run] flowcast  k=2/10 seq=11/12 (23/120)  t0=7960   rollout=  2.0s  avg= 2.0s/seq  elapsed=  0.8m  eta=  3.3m
[run] flowcast  k=2/10 seq=12/12 (24/120)  t0=8757   rollout=  2.0s  avg= 2.0s/seq  elapsed=  0.8m  eta=  3.3m
[run] flowcast  k=3/10 seq=1/12 (25/120)  t0=0      rollout=  2.0s  avg= 2.0s/seq  elapsed=  0.9m  eta=  3.2m
[run] flowcast  k=3/10 seq=2/12 (26/120)  t0=796    rollout=  2.0s  avg= 2.0s/seq  elapsed=  0.9m  eta=  3.2m
[run] flowcast  k=3/10 seq=3/12 (27/120)  t0=1592   rollout=  2.0s  avg= 2.0s/seq  elapsed=  0.9m  eta=  3.2m
[run] flowcast  k=3/10 seq=4/12 (28/120)  t0=2388   rollout=  2.0s  avg= 2.0s/seq  elapsed=  1.0m  eta=  3.1m
[run] flowcast  k=3/10 seq=5/12 (29/120)  t0=3184   rollout=  2.0s  avg= 2.0s/seq  elapsed=  1.0m  eta=  3.1m
[run] flowcast  k=3/10 seq=6/12 (30/120)  t0=3980   rollout=  2.0s  avg= 2.0s/seq  elapsed=  1.0m  eta=  3.1m
[run] flowcast  k=3/10 seq=7/12 (31/120)  t0=4776   rollout=  2.0s  avg= 2.0s/seq  elapsed=  1.1m  eta=  3.0m
[run] flowcast  k=3/10 seq=8/12 (32/120)  t0=5572   rollout=  2.0s  avg= 2.0s/seq  elapsed=  1.1m  eta=  3.0m
[run] flowcast  k=3/10 seq=9/12 (33/120)  t0=6368   rollout=  2.0s  avg= 2.0s/seq  elapsed=  1.1m  eta=  3.0m
[run] flowcast  k=3/10 seq=10/12 (34/120)  t0=7164   rollout=  2.0s  avg= 2.0s/seq  elapsed=  1.2m  eta=  2.9m
[run] flowcast  k=3/10 seq=11/12 (35/120)  t0=7960   rollout=  2.0s  avg= 2.0s/seq  elapsed=  1.2m  eta=  2.9m
[run] flowcast  k=3/10 seq=12/12 (36/120)  t0=8757   rollout=  2.1s  avg= 2.0s/seq  elapsed=  1.2m  eta=  2.9m
[run] flowcast  k=4/10 seq=1/12 (37/120)  t0=0      rollout=  2.0s  avg= 2.0s/seq  elapsed=  1.3m  eta=  2.8m
[run] flowcast  k=4/10 seq=2/12 (38/120)  t0=796    rollout=  2.0s  avg= 2.0s/seq  elapsed=  1.3m  eta=  2.8m
[run] flowcast  k=4/10 seq=3/12 (39/120)  t0=1592   rollout=  2.0s  avg= 2.0s/seq  elapsed=  1.3m  eta=  2.8m
[run] flowcast  k=4/10 seq=4/12 (40/120)  t0=2388   rollout=  2.0s  avg= 2.0s/seq  elapsed=  1.4m  eta=  2.7m
[run] flowcast  k=4/10 seq=5/12 (41/120)  t0=3184   rollout=  2.0s  avg= 2.0s/seq  elapsed=  1.4m  eta=  2.7m
[run] flowcast  k=4/10 seq=6/12 (42/120)  t0=3980   rollout=  2.1s  avg= 2.0s/seq  elapsed=  1.4m  eta=  2.7m
[run] flowcast  k=4/10 seq=7/12 (43/120)  t0=4776   rollout=  2.0s  avg= 2.0s/seq  elapsed=  1.5m  eta=  2.6m
[run] flowcast  k=4/10 seq=8/12 (44/120)  t0=5572   rollout=  2.0s  avg= 2.0s/seq  elapsed=  1.5m  eta=  2.6m
[run] flowcast  k=4/10 seq=9/12 (45/120)  t0=6368   rollout=  2.1s  avg= 2.0s/seq  elapsed=  1.5m  eta=  2.6m
[run] flowcast  k=4/10 seq=10/12 (46/120)  t0=7164   rollout=  2.0s  avg= 2.0s/seq  elapsed=  1.6m  eta=  2.5m
[run] flowcast  k=4/10 seq=11/12 (47/120)  t0=7960   rollout=  2.0s  avg= 2.0s/seq  elapsed=  1.6m  eta=  2.5m
[run] flowcast  k=4/10 seq=12/12 (48/120)  t0=8757   rollout=  2.0s  avg= 2.0s/seq  elapsed=  1.6m  eta=  2.4m
[run] flowcast  k=5/10 seq=1/12 (49/120)  t0=0      rollout=  2.0s  avg= 2.0s/seq  elapsed=  1.7m  eta=  2.4m
[run] flowcast  k=5/10 seq=2/12 (50/120)  t0=796    rollout=  2.0s  avg= 2.0s/seq  elapsed=  1.7m  eta=  2.4m
[run] flowcast  k=5/10 seq=3/12 (51/120)  t0=1592   rollout=  2.0s  avg= 2.0s/seq  elapsed=  1.7m  eta=  2.3m
[run] flowcast  k=5/10 seq=4/12 (52/120)  t0=2388   rollout=  2.0s  avg= 2.0s/seq  elapsed=  1.8m  eta=  2.3m
[run] flowcast  k=5/10 seq=5/12 (53/120)  t0=3184   rollout=  2.0s  avg= 2.0s/seq  elapsed=  1.8m  eta=  2.3m
[run] flowcast  k=5/10 seq=6/12 (54/120)  t0=3980   rollout=  2.0s  avg= 2.0s/seq  elapsed=  1.8m  eta=  2.2m
[run] flowcast  k=5/10 seq=7/12 (55/120)  t0=4776   rollout=  2.0s  avg= 2.0s/seq  elapsed=  1.9m  eta=  2.2m
[run] flowcast  k=5/10 seq=8/12 (56/120)  t0=5572   rollout=  2.0s  avg= 2.0s/seq  elapsed=  1.9m  eta=  2.2m
[run] flowcast  k=5/10 seq=9/12 (57/120)  t0=6368   rollout=  2.0s  avg= 2.0s/seq  elapsed=  1.9m  eta=  2.1m
[run] flowcast  k=5/10 seq=10/12 (58/120)  t0=7164   rollout=  2.1s  avg= 2.0s/seq  elapsed=  2.0m  eta=  2.1m
[run] flowcast  k=5/10 seq=11/12 (59/120)  t0=7960   rollout=  2.0s  avg= 2.0s/seq  elapsed=  2.0m  eta=  2.1m
[run] flowcast  k=5/10 seq=12/12 (60/120)  t0=8757   rollout=  2.0s  avg= 2.0s/seq  elapsed=  2.0m  eta=  2.0m
[run] flowcast  k=6/10 seq=1/12 (61/120)  t0=0      rollout=  2.1s  avg= 2.0s/seq  elapsed=  2.1m  eta=  2.0m
[run] flowcast  k=6/10 seq=2/12 (62/120)  t0=796    rollout=  2.1s  avg= 2.0s/seq  elapsed=  2.1m  eta=  2.0m
[run] flowcast  k=6/10 seq=3/12 (63/120)  t0=1592   rollout=  2.1s  avg= 2.0s/seq  elapsed=  2.1m  eta=  1.9m
[run] flowcast  k=6/10 seq=4/12 (64/120)  t0=2388   rollout=  2.0s  avg= 2.0s/seq  elapsed=  2.2m  eta=  1.9m
[run] flowcast  k=6/10 seq=5/12 (65/120)  t0=3184   rollout=  2.0s  avg= 2.0s/seq  elapsed=  2.2m  eta=  1.9m
[run] flowcast  k=6/10 seq=6/12 (66/120)  t0=3980   rollout=  2.0s  avg= 2.0s/seq  elapsed=  2.2m  eta=  1.8m
[run] flowcast  k=6/10 seq=7/12 (67/120)  t0=4776   rollout=  2.0s  avg= 2.0s/seq  elapsed=  2.3m  eta=  1.8m
[run] flowcast  k=6/10 seq=8/12 (68/120)  t0=5572   rollout=  2.1s  avg= 2.0s/seq  elapsed=  2.3m  eta=  1.8m
[run] flowcast  k=6/10 seq=9/12 (69/120)  t0=6368   rollout=  2.1s  avg= 2.0s/seq  elapsed=  2.3m  eta=  1.7m
[run] flowcast  k=6/10 seq=10/12 (70/120)  t0=7164   rollout=  2.1s  avg= 2.0s/seq  elapsed=  2.4m  eta=  1.7m
[run] flowcast  k=6/10 seq=11/12 (71/120)  t0=7960   rollout=  2.1s  avg= 2.0s/seq  elapsed=  2.4m  eta=  1.7m
[run] flowcast  k=6/10 seq=12/12 (72/120)  t0=8757   rollout=  2.0s  avg= 2.0s/seq  elapsed=  2.5m  eta=  1.6m
[run] flowcast  k=7/10 seq=1/12 (73/120)  t0=0      rollout=  2.0s  avg= 2.0s/seq  elapsed=  2.5m  eta=  1.6m
[run] flowcast  k=7/10 seq=2/12 (74/120)  t0=796    rollout=  2.1s  avg= 2.0s/seq  elapsed=  2.5m  eta=  1.6m
[run] flowcast  k=7/10 seq=3/12 (75/120)  t0=1592   rollout=  2.0s  avg= 2.0s/seq  elapsed=  2.6m  eta=  1.5m
[run] flowcast  k=7/10 seq=4/12 (76/120)  t0=2388   rollout=  2.0s  avg= 2.0s/seq  elapsed=  2.6m  eta=  1.5m
[run] flowcast  k=7/10 seq=5/12 (77/120)  t0=3184   rollout=  2.1s  avg= 2.0s/seq  elapsed=  2.6m  eta=  1.5m
[run] flowcast  k=7/10 seq=6/12 (78/120)  t0=3980   rollout=  2.0s  avg= 2.0s/seq  elapsed=  2.7m  eta=  1.4m
[run] flowcast  k=7/10 seq=7/12 (79/120)  t0=4776   rollout=  2.1s  avg= 2.0s/seq  elapsed=  2.7m  eta=  1.4m
[run] flowcast  k=7/10 seq=8/12 (80/120)  t0=5572   rollout=  2.2s  avg= 2.0s/seq  elapsed=  2.7m  eta=  1.4m
[run] flowcast  k=7/10 seq=9/12 (81/120)  t0=6368   rollout=  2.0s  avg= 2.0s/seq  elapsed=  2.8m  eta=  1.3m
[run] flowcast  k=7/10 seq=10/12 (82/120)  t0=7164   rollout=  2.1s  avg= 2.0s/seq  elapsed=  2.8m  eta=  1.3m
[run] flowcast  k=7/10 seq=11/12 (83/120)  t0=7960   rollout=  2.1s  avg= 2.0s/seq  elapsed=  2.8m  eta=  1.3m
[run] flowcast  k=7/10 seq=12/12 (84/120)  t0=8757   rollout=  2.0s  avg= 2.0s/seq  elapsed=  2.9m  eta=  1.2m
[run] flowcast  k=8/10 seq=1/12 (85/120)  t0=0      rollout=  2.1s  avg= 2.0s/seq  elapsed=  2.9m  eta=  1.2m
[run] flowcast  k=8/10 seq=2/12 (86/120)  t0=796    rollout=  2.0s  avg= 2.0s/seq  elapsed=  2.9m  eta=  1.2m
[run] flowcast  k=8/10 seq=3/12 (87/120)  t0=1592   rollout=  2.0s  avg= 2.0s/seq  elapsed=  3.0m  eta=  1.1m
[run] flowcast  k=8/10 seq=4/12 (88/120)  t0=2388   rollout=  2.1s  avg= 2.0s/seq  elapsed=  3.0m  eta=  1.1m
[run] flowcast  k=8/10 seq=5/12 (89/120)  t0=3184   rollout=  2.0s  avg= 2.0s/seq  elapsed=  3.0m  eta=  1.1m
[run] flowcast  k=8/10 seq=6/12 (90/120)  t0=3980   rollout=  2.0s  avg= 2.0s/seq  elapsed=  3.1m  eta=  1.0m
[run] flowcast  k=8/10 seq=7/12 (91/120)  t0=4776   rollout=  2.0s  avg= 2.0s/seq  elapsed=  3.1m  eta=  1.0m
[run] flowcast  k=8/10 seq=8/12 (92/120)  t0=5572   rollout=  2.0s  avg= 2.0s/seq  elapsed=  3.1m  eta=  1.0m
[run] flowcast  k=8/10 seq=9/12 (93/120)  t0=6368   rollout=  2.0s  avg= 2.0s/seq  elapsed=  3.2m  eta=  0.9m
[run] flowcast  k=8/10 seq=10/12 (94/120)  t0=7164   rollout=  2.1s  avg= 2.0s/seq  elapsed=  3.2m  eta=  0.9m
[run] flowcast  k=8/10 seq=11/12 (95/120)  t0=7960   rollout=  2.1s  avg= 2.0s/seq  elapsed=  3.2m  eta=  0.9m
[run] flowcast  k=8/10 seq=12/12 (96/120)  t0=8757   rollout=  2.1s  avg= 2.0s/seq  elapsed=  3.3m  eta=  0.8m
[run] flowcast  k=9/10 seq=1/12 (97/120)  t0=0      rollout=  2.0s  avg= 2.0s/seq  elapsed=  3.3m  eta=  0.8m
[run] flowcast  k=9/10 seq=2/12 (98/120)  t0=796    rollout=  2.0s  avg= 2.0s/seq  elapsed=  3.3m  eta=  0.8m
[run] flowcast  k=9/10 seq=3/12 (99/120)  t0=1592   rollout=  2.0s  avg= 2.0s/seq  elapsed=  3.4m  eta=  0.7m
[run] flowcast  k=9/10 seq=4/12 (100/120)  t0=2388   rollout=  2.0s  avg= 2.0s/seq  elapsed=  3.4m  eta=  0.7m
[run] flowcast  k=9/10 seq=5/12 (101/120)  t0=3184   rollout=  2.0s  avg= 2.0s/seq  elapsed=  3.4m  eta=  0.6m
[run] flowcast  k=9/10 seq=6/12 (102/120)  t0=3980   rollout=  2.0s  avg= 2.0s/seq  elapsed=  3.5m  eta=  0.6m
[run] flowcast  k=9/10 seq=7/12 (103/120)  t0=4776   rollout=  2.0s  avg= 2.0s/seq  elapsed=  3.5m  eta=  0.6m
[run] flowcast  k=9/10 seq=8/12 (104/120)  t0=5572   rollout=  2.0s  avg= 2.0s/seq  elapsed=  3.5m  eta=  0.5m
[run] flowcast  k=9/10 seq=9/12 (105/120)  t0=6368   rollout=  2.0s  avg= 2.0s/seq  elapsed=  3.6m  eta=  0.5m
[run] flowcast  k=9/10 seq=10/12 (106/120)  t0=7164   rollout=  2.1s  avg= 2.0s/seq  elapsed=  3.6m  eta=  0.5m
[run] flowcast  k=9/10 seq=11/12 (107/120)  t0=7960   rollout=  2.1s  avg= 2.0s/seq  elapsed=  3.6m  eta=  0.4m
[run] flowcast  k=9/10 seq=12/12 (108/120)  t0=8757   rollout=  2.1s  avg= 2.0s/seq  elapsed=  3.7m  eta=  0.4m
[run] flowcast  k=10/10 seq=1/12 (109/120)  t0=0      rollout=  2.1s  avg= 2.0s/seq  elapsed=  3.7m  eta=  0.4m
[run] flowcast  k=10/10 seq=2/12 (110/120)  t0=796    rollout=  2.1s  avg= 2.0s/seq  elapsed=  3.8m  eta=  0.3m
[run] flowcast  k=10/10 seq=3/12 (111/120)  t0=1592   rollout=  2.1s  avg= 2.0s/seq  elapsed=  3.8m  eta=  0.3m
[run] flowcast  k=10/10 seq=4/12 (112/120)  t0=2388   rollout=  2.1s  avg= 2.0s/seq  elapsed=  3.8m  eta=  0.3m
[run] flowcast  k=10/10 seq=5/12 (113/120)  t0=3184   rollout=  2.1s  avg= 2.0s/seq  elapsed=  3.9m  eta=  0.2m
[run] flowcast  k=10/10 seq=6/12 (114/120)  t0=3980   rollout=  2.1s  avg= 2.0s/seq  elapsed=  3.9m  eta=  0.2m
[run] flowcast  k=10/10 seq=7/12 (115/120)  t0=4776   rollout=  2.1s  avg= 2.0s/seq  elapsed=  3.9m  eta=  0.2m
[run] flowcast  k=10/10 seq=8/12 (116/120)  t0=5572   rollout=  2.0s  avg= 2.0s/seq  elapsed=  4.0m  eta=  0.1m
[run] flowcast  k=10/10 seq=9/12 (117/120)  t0=6368   rollout=  2.1s  avg= 2.0s/seq  elapsed=  4.0m  eta=  0.1m
[run] flowcast  k=10/10 seq=10/12 (118/120)  t0=7164   rollout=  2.1s  avg= 2.0s/seq  elapsed=  4.0m  eta=  0.1m
[run] flowcast  k=10/10 seq=11/12 (119/120)  t0=7960   rollout=  2.1s  avg= 2.0s/seq  elapsed=  4.1m  eta=  0.0m
[run] flowcast  k=10/10 seq=12/12 (120/120)  t0=8757   rollout=  2.1s  avg= 2.0s/seq  elapsed=  4.1m  eta=  0.0m
[run] flowcast ensemble finished in 4.1m
[2026-06-12 11:46:12] [nfe_sweep] NFE= 50  t/seq= 2.06s  CRPS-qpepre=0.1316  CSI-M=0.2648  RMSE-qpepre=0.5764  NFE-elapsed=4.1m
| method | Time/Seq.(s) | CRPS↓ | CSI-M↑ | CSI-P16↑ | FSS-P16-M↑ | HSS-M↑ | FAR-M↓ | RMSE_u10↓ | RMSE_v10↓ | RMSE_t2m↓ | RMSE_qpepre↓ |
|---|---|---|---|---|---|---|---|---|---|---|---|
| flowcast | 2.055 | 0.3075 | 0.2648 | 0.1212 | 0.2536 | 0.3582 | 0.2485 | 0.8696 | 0.8948 | 0.4441 | 0.5764 |

================================================================
[2026-06-12 11:46:12] sweep finished in 21.9 min
================================================================
[2026-06-12 11:46:12] [nfe_sweep] rendering plots ...
[2026-06-12 11:46:13] [nfe_sweep] done -- outputs under /home3/davidlcs/Econ-Rag/Local_LLM/test_meeting/Stormcast-Distilation/experiment_scripts/results/flowcast_nfe_sweep
[2026-06-12 11:46:13] [nfe_sweep]   table : nfe_sweep.{csv,md}
[2026-06-12 11:46:13] [nfe_sweep]   plots : plot_quality_vs_nfe.png  plot_time_vs_nfe.png  plot_pareto.png
[2026-06-12 11:46:13] [nfe_sweep]   detail: nfe_<NFE>/scoreboard.{md,csv} + per_threshold.csv + rmse_per_channel.csv
[2026-06-12 11:46:15] [nfe_sweep] flowcast sweep done in 1368s
[2026-06-12 11:46:15] [nfe_sweep] preview of flowcast nfe_sweep.md:
[nfe_sweep]     | # FlowCast NFE Pareto sweep
[nfe_sweep]     | 
[nfe_sweep]     | Per-NFE single-step validation skill, qpepre in mm/h after `denormalize_state`.
[nfe_sweep]     | 
[nfe_sweep]     | | nfe | time_per_seq_s | rmse_u10 | rmse_v10 | rmse_t2m | rmse_qpepre | crps_u10 | crps_v10 | crps_t2m | crps_qpepre | csi_m | csi_p16 | fss_p16_m | hss_m | far_m |
[nfe_sweep]     | |---:|---:|---:|---:|---:|---:|---:|---:|---:|---:|---:|---:|---:|---:|---:|
[nfe_sweep]     | | 1 | 0.4790 | 0.8501 | 0.8518 | 0.4200 | 0.5637 | 0.5509 | 0.5615 | 0.2545 | 0.1588 | 0.2499 | 0.0476 | 0.0775 | 0.3314 | 0.1206 |
[nfe_sweep]     | | 2 | 0.1888 | 0.8476 | 0.8505 | 0.4168 | 0.5643 | 0.5041 | 0.5145 | 0.2369 | 0.1486 | 0.2509 | 0.0476 | 0.0775 | 0.3322 | 0.1105 |
[nfe_sweep]     | | 3 | 0.2277 | 0.8482 | 0.8531 | 0.4217 | 0.5649 | 0.4780 | 0.4907 | 0.2312 | 0.1438 | 0.2519 | 0.0476 | 0.0775 | 0.3333 | 0.1108 |
[nfe_sweep]     | | 4 | 0.2692 | 0.8494 | 0.8570 | 0.4265 | 0.5657 | 0.4627 | 0.4777 | 0.2296 | 0.1412 | 0.2507 | 0.0476 | 0.0775 | 0.3319 | 0.1179 |
[nfe_sweep]     | | 5 | 0.3108 | 0.8509 | 0.8603 | 0.4303 | 0.5663 | 0.4531 | 0.4702 | 0.2288 | 0.1394 | 0.2529 | 0.0635 | 0.1074 | 0.3365 | 0.1188 |
[nfe_sweep]     | | 6 | 0.3480 | 0.8522 | 0.8623 | 0.4319 | 0.5666 | 0.4464 | 0.4648 | 0.2267 | 0.1381 | 0.2527 | 0.0635 | 0.1074 | 0.3366 | 0.1259 |
[nfe_sweep]     | | 8 | 0.4273 | 0.8549 | 0.8675 | 0.4346 | 0.5675 | 0.4381 | 0.4592 | 0.2245 | 0.1363 | 0.2526 | 0.0635 | 0.1074 | 0.3367 | 0.1350 |
[nfe_sweep]     | | 10 | 0.5085 | 0.8568 | 0.8721 | 0.4366 | 0.5679 | 0.4336 | 0.4571 | 0.2234 | 0.1351 | 0.2523 | 0.0625 | 0.1265 | 0.3362 | 0.1862 |
[nfe_sweep]     | | 12 | 0.6074 | 0.8584 | 0.8750 | 0.4383 | 0.5686 | 0.4307 | 0.4554 | 0.2228 | 0.1343 | 0.2533 | 0.0625 | 0.1265 | 0.3382 | 0.1945 |
[nfe_sweep]     | | 16 | 0.7497 | 0.8609 | 0.8803 | 0.4393 | 0.5699 | 0.4278 | 0.4544 | 0.2210 | 0.1333 | 0.2569 | 0.0769 | 0.1678 | 0.3444 | 0.2173 |
[nfe_sweep]     | | 20 | 0.9322 | 0.8630 | 0.8842 | 0.4408 | 0.5708 | 0.4265 | 0.4544 | 0.2207 | 0.1327 | 0.2631 | 0.1077 | 0.2150 | 0.3547 | 0.2130 |
[nfe_sweep]     | | 25 | 1.1158 | 0.8647 | 0.8868 | 0.4416 | 0.5723 | 0.4255 | 0.4540 | 0.2200 | 0.1323 | 0.2657 | 0.1231 | 0.2355 | 0.3593 | 0.2141 |
[nfe_sweep]     | | 32 | 1.3626 | 0.8668 | 0.8901 | 0.4427 | 0.5737 | 0.4249 | 0.4542 | 0.2197 | 0.1320 | 0.2653 | 0.1231 | 0.2355 | 0.3588 | 0.2253 |
[nfe_sweep]     | | 40 | 1.6410 | 0.8684 | 0.8928 | 0.4439 | 0.5749 | 0.4245 | 0.4546 | 0.2198 | 0.1318 | 0.2653 | 0.1231 | 0.2355 | 0.3588 | 0.2298 |
[nfe_sweep]     | | 50 | 2.0552 | 0.8696 | 0.8948 | 0.4441 | 0.5764 | 0.4243 | 0.4548 | 0.2192 | 0.1316 | 0.2648 | 0.1212 | 0.2536 | 0.3582 | 0.2485 |

================================================================
[2026-06-12 11:46:15] Running meanflow sweep across NFEs: 1 2 3 4 5 6 8 10 12 16 20 25 32 40 50
================================================================
[2026-06-12 11:46:15] [nfe_sweep] log -> /home3/davidlcs/Econ-Rag/Local_LLM/test_meeting/Stormcast-Distilation/experiment_scripts/results/meanflow_nfe_sweep/run.log
/home3/davidlcs/Econ-Rag/Local_LLM/test_meeting/Stormcast-Distilation/physicsnemo/distributed/manager.py:415: UserWarning: Could not initialize using ENV, SLURM or OPENMPI methods. Assuming this is a single process job
  warn(

================================================================
[2026-06-12 11:46:29] MeanFlow NFE Pareto sweep
================================================================
[2026-06-12 11:46:29] [nfe_sweep] device     = cuda:0
[2026-06-12 11:46:29] [nfe_sweep] method     = meanflow
[2026-06-12 11:46:29] [nfe_sweep] data       = /home3/davidlcs/Econ-Rag/Local_LLM/test_meeting/Stormcast-Distilation/exp_3_train_2_5_yrs_val_1yr_tp1/zarr_exp3_L_24_H_24_train_2_5_years_full_cleaned_4_27_2026
[2026-06-12 11:46:29] [nfe_sweep] regression = /home3/davidlcs/Econ-Rag/Local_LLM/test_meeting/Stormcast-Distilation/runs/regression_zettabyte_v1_cleaned_4_27_2026/regression_zettabyte_cleaned_4_27_2026/run_0/checkpoints_regression/StormCastUNet.0.8000.mdlus
[2026-06-12 11:46:29] [nfe_sweep] meanflow   = /home3/davidlcs/Econ-Rag/Local_LLM/test_meeting/Stormcast-Distilation/runs/meanflow_zettabyte_v1_cleaned_4_27_2026/meanflow_zettabyte_cleaned_4_27_2026/run_0/checkpoints_meanflow/MeanFlowPrecond.0.20000.mdlus
[2026-06-12 11:46:29] [nfe_sweep] NFE list   = [1, 2, 3, 4, 5, 6, 8, 10, 12, 16, 20, 25, 32, 40, 50]  (15 values)
[2026-06-12 11:46:29] [nfe_sweep] solver     = euler  sigma_data = 0.5  (solver ignored for meanflow)
[2026-06-12 11:46:29] [nfe_sweep] S=12 sequences x T=1 steps x K=10 members
[2026-06-12 11:46:29] [nfe_sweep] output     = /home3/davidlcs/Econ-Rag/Local_LLM/test_meeting/Stormcast-Distilation/experiment_scripts/results/meanflow_nfe_sweep
[2026-06-12 11:46:29] [nfe_sweep] loading dataset ...
[2026-06-12 11:46:31] [nfe_sweep] dataset    : usable pairs = 8759  channels = ['u10', 'v10', 't2m', 'qpepre']
[2026-06-12 11:46:31] [nfe_sweep] sequences  : 12 t0 indices (0 ... 8757)
[2026-06-12 11:46:31] [nfe_sweep] loading regression /home3/davidlcs/Econ-Rag/Local_LLM/test_meeting/Stormcast-Distilation/runs/regression_zettabyte_v1_cleaned_4_27_2026/regression_zettabyte_cleaned_4_27_2026/run_0/checkpoints_regression/StormCastUNet.0.8000.mdlus
[2026-06-12 11:46:33] [nfe_sweep] loading meanflow   /home3/davidlcs/Econ-Rag/Local_LLM/test_meeting/Stormcast-Distilation/runs/meanflow_zettabyte_v1_cleaned_4_27_2026/meanflow_zettabyte_cleaned_4_27_2026/run_0/checkpoints_meanflow/MeanFlowPrecond.0.20000.mdlus

================================================================
[2026-06-12 11:46:34] NFE = 1   (1/15)
================================================================
[run] meanflow ensemble starting: K=10 x S=12 x T=1 = 120 sequence-rollouts
[run] meanflow  k=1/10 seq=1/12 (1/120)  t0=0      rollout=  1.1s  avg= 1.1s/seq  elapsed=  0.0m  eta=  2.2m
[run] meanflow  k=1/10 seq=2/12 (2/120)  t0=796    rollout=  0.2s  avg= 0.6s/seq  elapsed=  0.0m  eta=  1.3m
[run] meanflow  k=1/10 seq=3/12 (3/120)  t0=1592   rollout=  0.2s  avg= 0.5s/seq  elapsed=  0.0m  eta=  0.9m
[run] meanflow  k=1/10 seq=4/12 (4/120)  t0=2388   rollout=  0.2s  avg= 0.4s/seq  elapsed=  0.0m  eta=  0.8m
[run] meanflow  k=1/10 seq=5/12 (5/120)  t0=3184   rollout=  0.2s  avg= 0.4s/seq  elapsed=  0.0m  eta=  0.7m
[run] meanflow  k=1/10 seq=6/12 (6/120)  t0=3980   rollout=  0.2s  avg= 0.3s/seq  elapsed=  0.0m  eta=  0.6m
[run] meanflow  k=1/10 seq=7/12 (7/120)  t0=4776   rollout=  0.1s  avg= 0.3s/seq  elapsed=  0.0m  eta=  0.6m
[run] meanflow  k=1/10 seq=8/12 (8/120)  t0=5572   rollout=  0.2s  avg= 0.3s/seq  elapsed=  0.0m  eta=  0.5m
[run] meanflow  k=1/10 seq=9/12 (9/120)  t0=6368   rollout=  0.2s  avg= 0.3s/seq  elapsed=  0.0m  eta=  0.5m
[run] meanflow  k=1/10 seq=10/12 (10/120)  t0=7164   rollout=  0.2s  avg= 0.3s/seq  elapsed=  0.0m  eta=  0.5m
[run] meanflow  k=1/10 seq=11/12 (11/120)  t0=7960   rollout=  0.1s  avg= 0.2s/seq  elapsed=  0.0m  eta=  0.4m
[run] meanflow  k=1/10 seq=12/12 (12/120)  t0=8757   rollout=  0.1s  avg= 0.2s/seq  elapsed=  0.0m  eta=  0.4m
[run] meanflow  k=2/10 seq=1/12 (13/120)  t0=0      rollout=  0.1s  avg= 0.2s/seq  elapsed=  0.0m  eta=  0.4m
[run] meanflow  k=2/10 seq=2/12 (14/120)  t0=796    rollout=  0.1s  avg= 0.2s/seq  elapsed=  0.1m  eta=  0.4m
[run] meanflow  k=2/10 seq=3/12 (15/120)  t0=1592   rollout=  0.1s  avg= 0.2s/seq  elapsed=  0.1m  eta=  0.4m
[run] meanflow  k=2/10 seq=4/12 (16/120)  t0=2388   rollout=  0.1s  avg= 0.2s/seq  elapsed=  0.1m  eta=  0.4m
[run] meanflow  k=2/10 seq=5/12 (17/120)  t0=3184   rollout=  0.1s  avg= 0.2s/seq  elapsed=  0.1m  eta=  0.4m
[run] meanflow  k=2/10 seq=6/12 (18/120)  t0=3980   rollout=  0.1s  avg= 0.2s/seq  elapsed=  0.1m  eta=  0.4m
[run] meanflow  k=2/10 seq=7/12 (19/120)  t0=4776   rollout=  0.1s  avg= 0.2s/seq  elapsed=  0.1m  eta=  0.3m
[run] meanflow  k=2/10 seq=8/12 (20/120)  t0=5572   rollout=  0.1s  avg= 0.2s/seq  elapsed=  0.1m  eta=  0.3m
[run] meanflow  k=2/10 seq=9/12 (21/120)  t0=6368   rollout=  0.1s  avg= 0.2s/seq  elapsed=  0.1m  eta=  0.3m
[run] meanflow  k=2/10 seq=10/12 (22/120)  t0=7164   rollout=  0.1s  avg= 0.2s/seq  elapsed=  0.1m  eta=  0.3m
[run] meanflow  k=2/10 seq=11/12 (23/120)  t0=7960   rollout=  0.1s  avg= 0.2s/seq  elapsed=  0.1m  eta=  0.3m
[run] meanflow  k=2/10 seq=12/12 (24/120)  t0=8757   rollout=  0.1s  avg= 0.2s/seq  elapsed=  0.1m  eta=  0.3m
[run] meanflow  k=3/10 seq=1/12 (25/120)  t0=0      rollout=  0.2s  avg= 0.2s/seq  elapsed=  0.1m  eta=  0.3m
[run] meanflow  k=3/10 seq=2/12 (26/120)  t0=796    rollout=  0.1s  avg= 0.2s/seq  elapsed=  0.1m  eta=  0.3m
[run] meanflow  k=3/10 seq=3/12 (27/120)  t0=1592   rollout=  0.1s  avg= 0.2s/seq  elapsed=  0.1m  eta=  0.3m
[run] meanflow  k=3/10 seq=4/12 (28/120)  t0=2388   rollout=  0.2s  avg= 0.2s/seq  elapsed=  0.1m  eta=  0.3m
[run] meanflow  k=3/10 seq=5/12 (29/120)  t0=3184   rollout=  0.2s  avg= 0.2s/seq  elapsed=  0.1m  eta=  0.3m
[run] meanflow  k=3/10 seq=6/12 (30/120)  t0=3980   rollout=  0.1s  avg= 0.2s/seq  elapsed=  0.1m  eta=  0.3m
[run] meanflow  k=3/10 seq=7/12 (31/120)  t0=4776   rollout=  0.2s  avg= 0.2s/seq  elapsed=  0.1m  eta=  0.3m
[run] meanflow  k=3/10 seq=8/12 (32/120)  t0=5572   rollout=  0.1s  avg= 0.2s/seq  elapsed=  0.1m  eta=  0.3m
[run] meanflow  k=3/10 seq=9/12 (33/120)  t0=6368   rollout=  0.1s  avg= 0.2s/seq  elapsed=  0.1m  eta=  0.3m
[run] meanflow  k=3/10 seq=10/12 (34/120)  t0=7164   rollout=  0.1s  avg= 0.2s/seq  elapsed=  0.1m  eta=  0.3m
[run] meanflow  k=3/10 seq=11/12 (35/120)  t0=7960   rollout=  0.1s  avg= 0.2s/seq  elapsed=  0.1m  eta=  0.3m
[run] meanflow  k=3/10 seq=12/12 (36/120)  t0=8757   rollout=  0.1s  avg= 0.2s/seq  elapsed=  0.1m  eta=  0.2m
[run] meanflow  k=4/10 seq=1/12 (37/120)  t0=0      rollout=  0.1s  avg= 0.2s/seq  elapsed=  0.1m  eta=  0.2m
[run] meanflow  k=4/10 seq=2/12 (38/120)  t0=796    rollout=  0.1s  avg= 0.2s/seq  elapsed=  0.1m  eta=  0.2m
[run] meanflow  k=4/10 seq=3/12 (39/120)  t0=1592   rollout=  0.1s  avg= 0.2s/seq  elapsed=  0.1m  eta=  0.2m
[run] meanflow  k=4/10 seq=4/12 (40/120)  t0=2388   rollout=  0.2s  avg= 0.2s/seq  elapsed=  0.1m  eta=  0.2m
[run] meanflow  k=4/10 seq=5/12 (41/120)  t0=3184   rollout=  0.1s  avg= 0.2s/seq  elapsed=  0.1m  eta=  0.2m
[run] meanflow  k=4/10 seq=6/12 (42/120)  t0=3980   rollout=  0.1s  avg= 0.2s/seq  elapsed=  0.1m  eta=  0.2m
[run] meanflow  k=4/10 seq=7/12 (43/120)  t0=4776   rollout=  0.1s  avg= 0.2s/seq  elapsed=  0.1m  eta=  0.2m
[run] meanflow  k=4/10 seq=8/12 (44/120)  t0=5572   rollout=  0.1s  avg= 0.2s/seq  elapsed=  0.1m  eta=  0.2m
[run] meanflow  k=4/10 seq=9/12 (45/120)  t0=6368   rollout=  0.1s  avg= 0.2s/seq  elapsed=  0.1m  eta=  0.2m
[run] meanflow  k=4/10 seq=10/12 (46/120)  t0=7164   rollout=  0.2s  avg= 0.2s/seq  elapsed=  0.1m  eta=  0.2m
[run] meanflow  k=4/10 seq=11/12 (47/120)  t0=7960   rollout=  0.2s  avg= 0.2s/seq  elapsed=  0.1m  eta=  0.2m
[run] meanflow  k=4/10 seq=12/12 (48/120)  t0=8757   rollout=  0.2s  avg= 0.2s/seq  elapsed=  0.1m  eta=  0.2m
[run] meanflow  k=5/10 seq=1/12 (49/120)  t0=0      rollout=  0.2s  avg= 0.2s/seq  elapsed=  0.1m  eta=  0.2m
[run] meanflow  k=5/10 seq=2/12 (50/120)  t0=796    rollout=  0.2s  avg= 0.2s/seq  elapsed=  0.1m  eta=  0.2m
[run] meanflow  k=5/10 seq=3/12 (51/120)  t0=1592   rollout=  0.2s  avg= 0.2s/seq  elapsed=  0.1m  eta=  0.2m
[run] meanflow  k=5/10 seq=4/12 (52/120)  t0=2388   rollout=  0.2s  avg= 0.2s/seq  elapsed=  0.1m  eta=  0.2m
[run] meanflow  k=5/10 seq=5/12 (53/120)  t0=3184   rollout=  0.2s  avg= 0.2s/seq  elapsed=  0.2m  eta=  0.2m
[run] meanflow  k=5/10 seq=6/12 (54/120)  t0=3980   rollout=  0.2s  avg= 0.2s/seq  elapsed=  0.2m  eta=  0.2m
[run] meanflow  k=5/10 seq=7/12 (55/120)  t0=4776   rollout=  0.2s  avg= 0.2s/seq  elapsed=  0.2m  eta=  0.2m
[run] meanflow  k=5/10 seq=8/12 (56/120)  t0=5572   rollout=  0.2s  avg= 0.2s/seq  elapsed=  0.2m  eta=  0.2m
[run] meanflow  k=5/10 seq=9/12 (57/120)  t0=6368   rollout=  0.2s  avg= 0.2s/seq  elapsed=  0.2m  eta=  0.2m
[run] meanflow  k=5/10 seq=10/12 (58/120)  t0=7164   rollout=  0.2s  avg= 0.2s/seq  elapsed=  0.2m  eta=  0.2m
[run] meanflow  k=5/10 seq=11/12 (59/120)  t0=7960   rollout=  0.2s  avg= 0.2s/seq  elapsed=  0.2m  eta=  0.2m
[run] meanflow  k=5/10 seq=12/12 (60/120)  t0=8757   rollout=  0.2s  avg= 0.2s/seq  elapsed=  0.2m  eta=  0.2m
[run] meanflow  k=6/10 seq=1/12 (61/120)  t0=0      rollout=  0.1s  avg= 0.2s/seq  elapsed=  0.2m  eta=  0.2m
[run] meanflow  k=6/10 seq=2/12 (62/120)  t0=796    rollout=  0.1s  avg= 0.2s/seq  elapsed=  0.2m  eta=  0.2m
[run] meanflow  k=6/10 seq=3/12 (63/120)  t0=1592   rollout=  0.1s  avg= 0.2s/seq  elapsed=  0.2m  eta=  0.2m
[run] meanflow  k=6/10 seq=4/12 (64/120)  t0=2388   rollout=  0.1s  avg= 0.2s/seq  elapsed=  0.2m  eta=  0.2m
[run] meanflow  k=6/10 seq=5/12 (65/120)  t0=3184   rollout=  0.2s  avg= 0.2s/seq  elapsed=  0.2m  eta=  0.2m
[run] meanflow  k=6/10 seq=6/12 (66/120)  t0=3980   rollout=  0.1s  avg= 0.2s/seq  elapsed=  0.2m  eta=  0.2m
[run] meanflow  k=6/10 seq=7/12 (67/120)  t0=4776   rollout=  0.1s  avg= 0.2s/seq  elapsed=  0.2m  eta=  0.1m
[run] meanflow  k=6/10 seq=8/12 (68/120)  t0=5572   rollout=  0.1s  avg= 0.2s/seq  elapsed=  0.2m  eta=  0.1m
[run] meanflow  k=6/10 seq=9/12 (69/120)  t0=6368   rollout=  0.2s  avg= 0.2s/seq  elapsed=  0.2m  eta=  0.1m
[run] meanflow  k=6/10 seq=10/12 (70/120)  t0=7164   rollout=  0.1s  avg= 0.2s/seq  elapsed=  0.2m  eta=  0.1m
[run] meanflow  k=6/10 seq=11/12 (71/120)  t0=7960   rollout=  0.2s  avg= 0.2s/seq  elapsed=  0.2m  eta=  0.1m
[run] meanflow  k=6/10 seq=12/12 (72/120)  t0=8757   rollout=  0.2s  avg= 0.2s/seq  elapsed=  0.2m  eta=  0.1m
[run] meanflow  k=7/10 seq=1/12 (73/120)  t0=0      rollout=  0.2s  avg= 0.2s/seq  elapsed=  0.2m  eta=  0.1m
[run] meanflow  k=7/10 seq=2/12 (74/120)  t0=796    rollout=  0.1s  avg= 0.2s/seq  elapsed=  0.2m  eta=  0.1m
[run] meanflow  k=7/10 seq=3/12 (75/120)  t0=1592   rollout=  0.1s  avg= 0.2s/seq  elapsed=  0.2m  eta=  0.1m
[run] meanflow  k=7/10 seq=4/12 (76/120)  t0=2388   rollout=  0.1s  avg= 0.2s/seq  elapsed=  0.2m  eta=  0.1m
[run] meanflow  k=7/10 seq=5/12 (77/120)  t0=3184   rollout=  0.1s  avg= 0.2s/seq  elapsed=  0.2m  eta=  0.1m
[run] meanflow  k=7/10 seq=6/12 (78/120)  t0=3980   rollout=  0.2s  avg= 0.2s/seq  elapsed=  0.2m  eta=  0.1m
[run] meanflow  k=7/10 seq=7/12 (79/120)  t0=4776   rollout=  0.2s  avg= 0.2s/seq  elapsed=  0.2m  eta=  0.1m
[run] meanflow  k=7/10 seq=8/12 (80/120)  t0=5572   rollout=  0.1s  avg= 0.2s/seq  elapsed=  0.2m  eta=  0.1m
[run] meanflow  k=7/10 seq=9/12 (81/120)  t0=6368   rollout=  0.1s  avg= 0.2s/seq  elapsed=  0.2m  eta=  0.1m
[run] meanflow  k=7/10 seq=10/12 (82/120)  t0=7164   rollout=  0.1s  avg= 0.2s/seq  elapsed=  0.2m  eta=  0.1m
[run] meanflow  k=7/10 seq=11/12 (83/120)  t0=7960   rollout=  0.1s  avg= 0.2s/seq  elapsed=  0.2m  eta=  0.1m
[run] meanflow  k=7/10 seq=12/12 (84/120)  t0=8757   rollout=  0.1s  avg= 0.2s/seq  elapsed=  0.2m  eta=  0.1m
[run] meanflow  k=8/10 seq=1/12 (85/120)  t0=0      rollout=  0.1s  avg= 0.2s/seq  elapsed=  0.2m  eta=  0.1m
[run] meanflow  k=8/10 seq=2/12 (86/120)  t0=796    rollout=  0.1s  avg= 0.2s/seq  elapsed=  0.2m  eta=  0.1m
[run] meanflow  k=8/10 seq=3/12 (87/120)  t0=1592   rollout=  0.1s  avg= 0.2s/seq  elapsed=  0.2m  eta=  0.1m
[run] meanflow  k=8/10 seq=4/12 (88/120)  t0=2388   rollout=  0.1s  avg= 0.2s/seq  elapsed=  0.2m  eta=  0.1m
[run] meanflow  k=8/10 seq=5/12 (89/120)  t0=3184   rollout=  0.1s  avg= 0.2s/seq  elapsed=  0.2m  eta=  0.1m
[run] meanflow  k=8/10 seq=6/12 (90/120)  t0=3980   rollout=  0.1s  avg= 0.2s/seq  elapsed=  0.2m  eta=  0.1m
[run] meanflow  k=8/10 seq=7/12 (91/120)  t0=4776   rollout=  0.1s  avg= 0.2s/seq  elapsed=  0.2m  eta=  0.1m
[run] meanflow  k=8/10 seq=8/12 (92/120)  t0=5572   rollout=  0.1s  avg= 0.2s/seq  elapsed=  0.2m  eta=  0.1m
[run] meanflow  k=8/10 seq=9/12 (93/120)  t0=6368   rollout=  0.1s  avg= 0.2s/seq  elapsed=  0.3m  eta=  0.1m
[run] meanflow  k=8/10 seq=10/12 (94/120)  t0=7164   rollout=  0.1s  avg= 0.2s/seq  elapsed=  0.3m  eta=  0.1m
[run] meanflow  k=8/10 seq=11/12 (95/120)  t0=7960   rollout=  0.1s  avg= 0.2s/seq  elapsed=  0.3m  eta=  0.1m
[run] meanflow  k=8/10 seq=12/12 (96/120)  t0=8757   rollout=  0.2s  avg= 0.2s/seq  elapsed=  0.3m  eta=  0.1m
[run] meanflow  k=9/10 seq=1/12 (97/120)  t0=0      rollout=  0.2s  avg= 0.2s/seq  elapsed=  0.3m  eta=  0.1m
[run] meanflow  k=9/10 seq=2/12 (98/120)  t0=796    rollout=  0.2s  avg= 0.2s/seq  elapsed=  0.3m  eta=  0.1m
[run] meanflow  k=9/10 seq=3/12 (99/120)  t0=1592   rollout=  0.1s  avg= 0.2s/seq  elapsed=  0.3m  eta=  0.1m
[run] meanflow  k=9/10 seq=4/12 (100/120)  t0=2388   rollout=  0.2s  avg= 0.2s/seq  elapsed=  0.3m  eta=  0.1m
[run] meanflow  k=9/10 seq=5/12 (101/120)  t0=3184   rollout=  0.2s  avg= 0.2s/seq  elapsed=  0.3m  eta=  0.1m
[run] meanflow  k=9/10 seq=6/12 (102/120)  t0=3980   rollout=  0.2s  avg= 0.2s/seq  elapsed=  0.3m  eta=  0.0m
[run] meanflow  k=9/10 seq=7/12 (103/120)  t0=4776   rollout=  0.2s  avg= 0.2s/seq  elapsed=  0.3m  eta=  0.0m
[run] meanflow  k=9/10 seq=8/12 (104/120)  t0=5572   rollout=  0.1s  avg= 0.2s/seq  elapsed=  0.3m  eta=  0.0m
[run] meanflow  k=9/10 seq=9/12 (105/120)  t0=6368   rollout=  0.2s  avg= 0.2s/seq  elapsed=  0.3m  eta=  0.0m
[run] meanflow  k=9/10 seq=10/12 (106/120)  t0=7164   rollout=  0.2s  avg= 0.2s/seq  elapsed=  0.3m  eta=  0.0m
[run] meanflow  k=9/10 seq=11/12 (107/120)  t0=7960   rollout=  0.2s  avg= 0.2s/seq  elapsed=  0.3m  eta=  0.0m
[run] meanflow  k=9/10 seq=12/12 (108/120)  t0=8757   rollout=  0.2s  avg= 0.2s/seq  elapsed=  0.3m  eta=  0.0m
[run] meanflow  k=10/10 seq=1/12 (109/120)  t0=0      rollout=  0.2s  avg= 0.2s/seq  elapsed=  0.3m  eta=  0.0m
[run] meanflow  k=10/10 seq=2/12 (110/120)  t0=796    rollout=  0.2s  avg= 0.2s/seq  elapsed=  0.3m  eta=  0.0m
[run] meanflow  k=10/10 seq=3/12 (111/120)  t0=1592   rollout=  0.2s  avg= 0.2s/seq  elapsed=  0.3m  eta=  0.0m
[run] meanflow  k=10/10 seq=4/12 (112/120)  t0=2388   rollout=  0.2s  avg= 0.2s/seq  elapsed=  0.3m  eta=  0.0m
[run] meanflow  k=10/10 seq=5/12 (113/120)  t0=3184   rollout=  0.1s  avg= 0.2s/seq  elapsed=  0.3m  eta=  0.0m
[run] meanflow  k=10/10 seq=6/12 (114/120)  t0=3980   rollout=  0.1s  avg= 0.2s/seq  elapsed=  0.3m  eta=  0.0m
[run] meanflow  k=10/10 seq=7/12 (115/120)  t0=4776   rollout=  0.1s  avg= 0.2s/seq  elapsed=  0.3m  eta=  0.0m
[run] meanflow  k=10/10 seq=8/12 (116/120)  t0=5572   rollout=  0.1s  avg= 0.2s/seq  elapsed=  0.3m  eta=  0.0m
[run] meanflow  k=10/10 seq=9/12 (117/120)  t0=6368   rollout=  0.1s  avg= 0.2s/seq  elapsed=  0.3m  eta=  0.0m
[run] meanflow  k=10/10 seq=10/12 (118/120)  t0=7164   rollout=  0.1s  avg= 0.2s/seq  elapsed=  0.3m  eta=  0.0m
[run] meanflow  k=10/10 seq=11/12 (119/120)  t0=7960   rollout=  0.1s  avg= 0.2s/seq  elapsed=  0.3m  eta=  0.0m
[run] meanflow  k=10/10 seq=12/12 (120/120)  t0=8757   rollout=  0.1s  avg= 0.2s/seq  elapsed=  0.3m  eta=  0.0m
[run] meanflow ensemble finished in 0.3m
[2026-06-12 11:46:54] [nfe_sweep] NFE=  1  t/seq= 0.24s  CRPS-qpepre=0.1359  CSI-M=0.2720  RMSE-qpepre=0.5522  NFE-elapsed=0.3m
| method | Time/Seq.(s) | CRPS↓ | CSI-M↑ | CSI-P16↑ | FSS-P16-M↑ | HSS-M↑ | FAR-M↓ | RMSE_u10↓ | RMSE_v10↓ | RMSE_t2m↓ | RMSE_qpepre↓ |
|---|---|---|---|---|---|---|---|---|---|---|---|
| meanflow | 0.236 | 0.3357 | 0.2720 | 0.0794 | 0.1265 | 0.3595 | 0.1657 | 0.8379 | 0.8626 | 0.4064 | 0.5522 |

================================================================
[2026-06-12 11:46:54] NFE = 2   (2/15)
================================================================
[run] meanflow ensemble starting: K=10 x S=12 x T=1 = 120 sequence-rollouts
[run] meanflow  k=1/10 seq=1/12 (1/120)  t0=0      rollout=  0.2s  avg= 0.2s/seq  elapsed=  0.0m  eta=  0.4m
[run] meanflow  k=1/10 seq=2/12 (2/120)  t0=796    rollout=  0.2s  avg= 0.2s/seq  elapsed=  0.0m  eta=  0.4m
[run] meanflow  k=1/10 seq=3/12 (3/120)  t0=1592   rollout=  0.2s  avg= 0.2s/seq  elapsed=  0.0m  eta=  0.4m
[run] meanflow  k=1/10 seq=4/12 (4/120)  t0=2388   rollout=  0.2s  avg= 0.2s/seq  elapsed=  0.0m  eta=  0.4m
[run] meanflow  k=1/10 seq=5/12 (5/120)  t0=3184   rollout=  0.2s  avg= 0.2s/seq  elapsed=  0.0m  eta=  0.4m
[run] meanflow  k=1/10 seq=6/12 (6/120)  t0=3980   rollout=  0.2s  avg= 0.2s/seq  elapsed=  0.0m  eta=  0.4m
[run] meanflow  k=1/10 seq=7/12 (7/120)  t0=4776   rollout=  0.2s  avg= 0.2s/seq  elapsed=  0.0m  eta=  0.4m
[run] meanflow  k=1/10 seq=8/12 (8/120)  t0=5572   rollout=  0.2s  avg= 0.2s/seq  elapsed=  0.0m  eta=  0.4m
[run] meanflow  k=1/10 seq=9/12 (9/120)  t0=6368   rollout=  0.2s  avg= 0.2s/seq  elapsed=  0.0m  eta=  0.3m
[run] meanflow  k=1/10 seq=10/12 (10/120)  t0=7164   rollout=  0.2s  avg= 0.2s/seq  elapsed=  0.0m  eta=  0.3m
[run] meanflow  k=1/10 seq=11/12 (11/120)  t0=7960   rollout=  0.2s  avg= 0.2s/seq  elapsed=  0.0m  eta=  0.3m
[run] meanflow  k=1/10 seq=12/12 (12/120)  t0=8757   rollout=  0.2s  avg= 0.2s/seq  elapsed=  0.0m  eta=  0.3m
[run] meanflow  k=2/10 seq=1/12 (13/120)  t0=0      rollout=  0.2s  avg= 0.2s/seq  elapsed=  0.0m  eta=  0.3m
[run] meanflow  k=2/10 seq=2/12 (14/120)  t0=796    rollout=  0.2s  avg= 0.2s/seq  elapsed=  0.0m  eta=  0.3m
[run] meanflow  k=2/10 seq=3/12 (15/120)  t0=1592   rollout=  0.2s  avg= 0.2s/seq  elapsed=  0.0m  eta=  0.3m
[run] meanflow  k=2/10 seq=4/12 (16/120)  t0=2388   rollout=  0.2s  avg= 0.2s/seq  elapsed=  0.1m  eta=  0.3m
[run] meanflow  k=2/10 seq=5/12 (17/120)  t0=3184   rollout=  0.2s  avg= 0.2s/seq  elapsed=  0.1m  eta=  0.3m
[run] meanflow  k=2/10 seq=6/12 (18/120)  t0=3980   rollout=  0.2s  avg= 0.2s/seq  elapsed=  0.1m  eta=  0.3m
[run] meanflow  k=2/10 seq=7/12 (19/120)  t0=4776   rollout=  0.2s  avg= 0.2s/seq  elapsed=  0.1m  eta=  0.3m
[run] meanflow  k=2/10 seq=8/12 (20/120)  t0=5572   rollout=  0.2s  avg= 0.2s/seq  elapsed=  0.1m  eta=  0.3m
[run] meanflow  k=2/10 seq=9/12 (21/120)  t0=6368   rollout=  0.2s  avg= 0.2s/seq  elapsed=  0.1m  eta=  0.3m
[run] meanflow  k=2/10 seq=10/12 (22/120)  t0=7164   rollout=  0.2s  avg= 0.2s/seq  elapsed=  0.1m  eta=  0.3m
[run] meanflow  k=2/10 seq=11/12 (23/120)  t0=7960   rollout=  0.2s  avg= 0.2s/seq  elapsed=  0.1m  eta=  0.3m
[run] meanflow  k=2/10 seq=12/12 (24/120)  t0=8757   rollout=  0.2s  avg= 0.2s/seq  elapsed=  0.1m  eta=  0.3m
[run] meanflow  k=3/10 seq=1/12 (25/120)  t0=0      rollout=  0.2s  avg= 0.2s/seq  elapsed=  0.1m  eta=  0.3m
[run] meanflow  k=3/10 seq=2/12 (26/120)  t0=796    rollout=  0.2s  avg= 0.2s/seq  elapsed=  0.1m  eta=  0.3m
[run] meanflow  k=3/10 seq=3/12 (27/120)  t0=1592   rollout=  0.2s  avg= 0.2s/seq  elapsed=  0.1m  eta=  0.3m
[run] meanflow  k=3/10 seq=4/12 (28/120)  t0=2388   rollout=  0.2s  avg= 0.2s/seq  elapsed=  0.1m  eta=  0.3m
[run] meanflow  k=3/10 seq=5/12 (29/120)  t0=3184   rollout=  0.2s  avg= 0.2s/seq  elapsed=  0.1m  eta=  0.3m
[run] meanflow  k=3/10 seq=6/12 (30/120)  t0=3980   rollout=  0.2s  avg= 0.2s/seq  elapsed=  0.1m  eta=  0.3m
[run] meanflow  k=3/10 seq=7/12 (31/120)  t0=4776   rollout=  0.2s  avg= 0.2s/seq  elapsed=  0.1m  eta=  0.3m
[run] meanflow  k=3/10 seq=8/12 (32/120)  t0=5572   rollout=  0.2s  avg= 0.2s/seq  elapsed=  0.1m  eta=  0.3m
[run] meanflow  k=3/10 seq=9/12 (33/120)  t0=6368   rollout=  0.2s  avg= 0.2s/seq  elapsed=  0.1m  eta=  0.3m
[run] meanflow  k=3/10 seq=10/12 (34/120)  t0=7164   rollout=  0.2s  avg= 0.2s/seq  elapsed=  0.1m  eta=  0.3m
[run] meanflow  k=3/10 seq=11/12 (35/120)  t0=7960   rollout=  0.2s  avg= 0.2s/seq  elapsed=  0.1m  eta=  0.3m
[run] meanflow  k=3/10 seq=12/12 (36/120)  t0=8757   rollout=  0.2s  avg= 0.2s/seq  elapsed=  0.1m  eta=  0.3m
[run] meanflow  k=4/10 seq=1/12 (37/120)  t0=0      rollout=  0.2s  avg= 0.2s/seq  elapsed=  0.1m  eta=  0.3m
[run] meanflow  k=4/10 seq=2/12 (38/120)  t0=796    rollout=  0.2s  avg= 0.2s/seq  elapsed=  0.1m  eta=  0.3m
[run] meanflow  k=4/10 seq=3/12 (39/120)  t0=1592   rollout=  0.2s  avg= 0.2s/seq  elapsed=  0.1m  eta=  0.3m
[run] meanflow  k=4/10 seq=4/12 (40/120)  t0=2388   rollout=  0.2s  avg= 0.2s/seq  elapsed=  0.1m  eta=  0.3m
[run] meanflow  k=4/10 seq=5/12 (41/120)  t0=3184   rollout=  0.2s  avg= 0.2s/seq  elapsed=  0.1m  eta=  0.3m
[run] meanflow  k=4/10 seq=6/12 (42/120)  t0=3980   rollout=  0.2s  avg= 0.2s/seq  elapsed=  0.1m  eta=  0.2m
[run] meanflow  k=4/10 seq=7/12 (43/120)  t0=4776   rollout=  0.2s  avg= 0.2s/seq  elapsed=  0.1m  eta=  0.2m
[run] meanflow  k=4/10 seq=8/12 (44/120)  t0=5572   rollout=  0.2s  avg= 0.2s/seq  elapsed=  0.1m  eta=  0.2m
[run] meanflow  k=4/10 seq=9/12 (45/120)  t0=6368   rollout=  0.2s  avg= 0.2s/seq  elapsed=  0.1m  eta=  0.2m
[run] meanflow  k=4/10 seq=10/12 (46/120)  t0=7164   rollout=  0.2s  avg= 0.2s/seq  elapsed=  0.1m  eta=  0.2m
[run] meanflow  k=4/10 seq=11/12 (47/120)  t0=7960   rollout=  0.2s  avg= 0.2s/seq  elapsed=  0.1m  eta=  0.2m
[run] meanflow  k=4/10 seq=12/12 (48/120)  t0=8757   rollout=  0.2s  avg= 0.2s/seq  elapsed=  0.2m  eta=  0.2m
[run] meanflow  k=5/10 seq=1/12 (49/120)  t0=0      rollout=  0.2s  avg= 0.2s/seq  elapsed=  0.2m  eta=  0.2m
[run] meanflow  k=5/10 seq=2/12 (50/120)  t0=796    rollout=  0.2s  avg= 0.2s/seq  elapsed=  0.2m  eta=  0.2m
[run] meanflow  k=5/10 seq=3/12 (51/120)  t0=1592   rollout=  0.2s  avg= 0.2s/seq  elapsed=  0.2m  eta=  0.2m
[run] meanflow  k=5/10 seq=4/12 (52/120)  t0=2388   rollout=  0.2s  avg= 0.2s/seq  elapsed=  0.2m  eta=  0.2m
[run] meanflow  k=5/10 seq=5/12 (53/120)  t0=3184   rollout=  0.2s  avg= 0.2s/seq  elapsed=  0.2m  eta=  0.2m
[run] meanflow  k=5/10 seq=6/12 (54/120)  t0=3980   rollout=  0.2s  avg= 0.2s/seq  elapsed=  0.2m  eta=  0.2m
[run] meanflow  k=5/10 seq=7/12 (55/120)  t0=4776   rollout=  0.2s  avg= 0.2s/seq  elapsed=  0.2m  eta=  0.2m
[run] meanflow  k=5/10 seq=8/12 (56/120)  t0=5572   rollout=  0.2s  avg= 0.2s/seq  elapsed=  0.2m  eta=  0.2m
[run] meanflow  k=5/10 seq=9/12 (57/120)  t0=6368   rollout=  0.2s  avg= 0.2s/seq  elapsed=  0.2m  eta=  0.2m
[run] meanflow  k=5/10 seq=10/12 (58/120)  t0=7164   rollout=  0.2s  avg= 0.2s/seq  elapsed=  0.2m  eta=  0.2m
[run] meanflow  k=5/10 seq=11/12 (59/120)  t0=7960   rollout=  0.2s  avg= 0.2s/seq  elapsed=  0.2m  eta=  0.2m
[run] meanflow  k=5/10 seq=12/12 (60/120)  t0=8757   rollout=  0.2s  avg= 0.2s/seq  elapsed=  0.2m  eta=  0.2m
[run] meanflow  k=6/10 seq=1/12 (61/120)  t0=0      rollout=  0.2s  avg= 0.2s/seq  elapsed=  0.2m  eta=  0.2m
[run] meanflow  k=6/10 seq=2/12 (62/120)  t0=796    rollout=  0.2s  avg= 0.2s/seq  elapsed=  0.2m  eta=  0.2m
[run] meanflow  k=6/10 seq=3/12 (63/120)  t0=1592   rollout=  0.2s  avg= 0.2s/seq  elapsed=  0.2m  eta=  0.2m
[run] meanflow  k=6/10 seq=4/12 (64/120)  t0=2388   rollout=  0.2s  avg= 0.2s/seq  elapsed=  0.2m  eta=  0.2m
[run] meanflow  k=6/10 seq=5/12 (65/120)  t0=3184   rollout=  0.2s  avg= 0.2s/seq  elapsed=  0.2m  eta=  0.2m
[run] meanflow  k=6/10 seq=6/12 (66/120)  t0=3980   rollout=  0.2s  avg= 0.2s/seq  elapsed=  0.2m  eta=  0.2m
[run] meanflow  k=6/10 seq=7/12 (67/120)  t0=4776   rollout=  0.2s  avg= 0.2s/seq  elapsed=  0.2m  eta=  0.2m
[run] meanflow  k=6/10 seq=8/12 (68/120)  t0=5572   rollout=  0.2s  avg= 0.2s/seq  elapsed=  0.2m  eta=  0.2m
[run] meanflow  k=6/10 seq=9/12 (69/120)  t0=6368   rollout=  0.2s  avg= 0.2s/seq  elapsed=  0.2m  eta=  0.2m
[run] meanflow  k=6/10 seq=10/12 (70/120)  t0=7164   rollout=  0.2s  avg= 0.2s/seq  elapsed=  0.2m  eta=  0.2m
[run] meanflow  k=6/10 seq=11/12 (71/120)  t0=7960   rollout=  0.2s  avg= 0.2s/seq  elapsed=  0.2m  eta=  0.2m
[run] meanflow  k=6/10 seq=12/12 (72/120)  t0=8757   rollout=  0.2s  avg= 0.2s/seq  elapsed=  0.2m  eta=  0.2m
[run] meanflow  k=7/10 seq=1/12 (73/120)  t0=0      rollout=  0.2s  avg= 0.2s/seq  elapsed=  0.2m  eta=  0.2m
[run] meanflow  k=7/10 seq=2/12 (74/120)  t0=796    rollout=  0.2s  avg= 0.2s/seq  elapsed=  0.2m  eta=  0.1m
[run] meanflow  k=7/10 seq=3/12 (75/120)  t0=1592   rollout=  0.2s  avg= 0.2s/seq  elapsed=  0.2m  eta=  0.1m
[run] meanflow  k=7/10 seq=4/12 (76/120)  t0=2388   rollout=  0.2s  avg= 0.2s/seq  elapsed=  0.2m  eta=  0.1m
[run] meanflow  k=7/10 seq=5/12 (77/120)  t0=3184   rollout=  0.2s  avg= 0.2s/seq  elapsed=  0.2m  eta=  0.1m
[run] meanflow  k=7/10 seq=6/12 (78/120)  t0=3980   rollout=  0.2s  avg= 0.2s/seq  elapsed=  0.3m  eta=  0.1m
[run] meanflow  k=7/10 seq=7/12 (79/120)  t0=4776   rollout=  0.2s  avg= 0.2s/seq  elapsed=  0.3m  eta=  0.1m
[run] meanflow  k=7/10 seq=8/12 (80/120)  t0=5572   rollout=  0.2s  avg= 0.2s/seq  elapsed=  0.3m  eta=  0.1m
[run] meanflow  k=7/10 seq=9/12 (81/120)  t0=6368   rollout=  0.2s  avg= 0.2s/seq  elapsed=  0.3m  eta=  0.1m
[run] meanflow  k=7/10 seq=10/12 (82/120)  t0=7164   rollout=  0.2s  avg= 0.2s/seq  elapsed=  0.3m  eta=  0.1m
[run] meanflow  k=7/10 seq=11/12 (83/120)  t0=7960   rollout=  0.2s  avg= 0.2s/seq  elapsed=  0.3m  eta=  0.1m
[run] meanflow  k=7/10 seq=12/12 (84/120)  t0=8757   rollout=  0.2s  avg= 0.2s/seq  elapsed=  0.3m  eta=  0.1m
[run] meanflow  k=8/10 seq=1/12 (85/120)  t0=0      rollout=  0.2s  avg= 0.2s/seq  elapsed=  0.3m  eta=  0.1m
[run] meanflow  k=8/10 seq=2/12 (86/120)  t0=796    rollout=  0.2s  avg= 0.2s/seq  elapsed=  0.3m  eta=  0.1m
[run] meanflow  k=8/10 seq=3/12 (87/120)  t0=1592   rollout=  0.2s  avg= 0.2s/seq  elapsed=  0.3m  eta=  0.1m
[run] meanflow  k=8/10 seq=4/12 (88/120)  t0=2388   rollout=  0.2s  avg= 0.2s/seq  elapsed=  0.3m  eta=  0.1m
[run] meanflow  k=8/10 seq=5/12 (89/120)  t0=3184   rollout=  0.2s  avg= 0.2s/seq  elapsed=  0.3m  eta=  0.1m
[run] meanflow  k=8/10 seq=6/12 (90/120)  t0=3980   rollout=  0.2s  avg= 0.2s/seq  elapsed=  0.3m  eta=  0.1m
[run] meanflow  k=8/10 seq=7/12 (91/120)  t0=4776   rollout=  0.2s  avg= 0.2s/seq  elapsed=  0.3m  eta=  0.1m
[run] meanflow  k=8/10 seq=8/12 (92/120)  t0=5572   rollout=  0.2s  avg= 0.2s/seq  elapsed=  0.3m  eta=  0.1m
[run] meanflow  k=8/10 seq=9/12 (93/120)  t0=6368   rollout=  0.2s  avg= 0.2s/seq  elapsed=  0.3m  eta=  0.1m
[run] meanflow  k=8/10 seq=10/12 (94/120)  t0=7164   rollout=  0.2s  avg= 0.2s/seq  elapsed=  0.3m  eta=  0.1m
[run] meanflow  k=8/10 seq=11/12 (95/120)  t0=7960   rollout=  0.2s  avg= 0.2s/seq  elapsed=  0.3m  eta=  0.1m
[run] meanflow  k=8/10 seq=12/12 (96/120)  t0=8757   rollout=  0.2s  avg= 0.2s/seq  elapsed=  0.3m  eta=  0.1m
[run] meanflow  k=9/10 seq=1/12 (97/120)  t0=0      rollout=  0.2s  avg= 0.2s/seq  elapsed=  0.3m  eta=  0.1m
[run] meanflow  k=9/10 seq=2/12 (98/120)  t0=796    rollout=  0.2s  avg= 0.2s/seq  elapsed=  0.3m  eta=  0.1m
[run] meanflow  k=9/10 seq=3/12 (99/120)  t0=1592   rollout=  0.2s  avg= 0.2s/seq  elapsed=  0.3m  eta=  0.1m
[run] meanflow  k=9/10 seq=4/12 (100/120)  t0=2388   rollout=  0.2s  avg= 0.2s/seq  elapsed=  0.3m  eta=  0.1m
[run] meanflow  k=9/10 seq=5/12 (101/120)  t0=3184   rollout=  0.2s  avg= 0.2s/seq  elapsed=  0.3m  eta=  0.1m
[run] meanflow  k=9/10 seq=6/12 (102/120)  t0=3980   rollout=  0.2s  avg= 0.2s/seq  elapsed=  0.3m  eta=  0.1m
[run] meanflow  k=9/10 seq=7/12 (103/120)  t0=4776   rollout=  0.2s  avg= 0.2s/seq  elapsed=  0.3m  eta=  0.1m
[run] meanflow  k=9/10 seq=8/12 (104/120)  t0=5572   rollout=  0.2s  avg= 0.2s/seq  elapsed=  0.3m  eta=  0.1m
[run] meanflow  k=9/10 seq=9/12 (105/120)  t0=6368   rollout=  0.2s  avg= 0.2s/seq  elapsed=  0.3m  eta=  0.0m
[run] meanflow  k=9/10 seq=10/12 (106/120)  t0=7164   rollout=  0.2s  avg= 0.2s/seq  elapsed=  0.3m  eta=  0.0m
[run] meanflow  k=9/10 seq=11/12 (107/120)  t0=7960   rollout=  0.2s  avg= 0.2s/seq  elapsed=  0.3m  eta=  0.0m
[run] meanflow  k=9/10 seq=12/12 (108/120)  t0=8757   rollout=  0.2s  avg= 0.2s/seq  elapsed=  0.3m  eta=  0.0m
[run] meanflow  k=10/10 seq=1/12 (109/120)  t0=0      rollout=  0.2s  avg= 0.2s/seq  elapsed=  0.3m  eta=  0.0m
[run] meanflow  k=10/10 seq=2/12 (110/120)  t0=796    rollout=  0.2s  avg= 0.2s/seq  elapsed=  0.4m  eta=  0.0m
[run] meanflow  k=10/10 seq=3/12 (111/120)  t0=1592   rollout=  0.2s  avg= 0.2s/seq  elapsed=  0.4m  eta=  0.0m
[run] meanflow  k=10/10 seq=4/12 (112/120)  t0=2388   rollout=  0.2s  avg= 0.2s/seq  elapsed=  0.4m  eta=  0.0m
[run] meanflow  k=10/10 seq=5/12 (113/120)  t0=3184   rollout=  0.2s  avg= 0.2s/seq  elapsed=  0.4m  eta=  0.0m
[run] meanflow  k=10/10 seq=6/12 (114/120)  t0=3980   rollout=  0.2s  avg= 0.2s/seq  elapsed=  0.4m  eta=  0.0m
[run] meanflow  k=10/10 seq=7/12 (115/120)  t0=4776   rollout=  0.2s  avg= 0.2s/seq  elapsed=  0.4m  eta=  0.0m
[run] meanflow  k=10/10 seq=8/12 (116/120)  t0=5572   rollout=  0.2s  avg= 0.2s/seq  elapsed=  0.4m  eta=  0.0m
[run] meanflow  k=10/10 seq=9/12 (117/120)  t0=6368   rollout=  0.2s  avg= 0.2s/seq  elapsed=  0.4m  eta=  0.0m
[run] meanflow  k=10/10 seq=10/12 (118/120)  t0=7164   rollout=  0.2s  avg= 0.2s/seq  elapsed=  0.4m  eta=  0.0m
[run] meanflow  k=10/10 seq=11/12 (119/120)  t0=7960   rollout=  0.2s  avg= 0.2s/seq  elapsed=  0.4m  eta=  0.0m
[run] meanflow  k=10/10 seq=12/12 (120/120)  t0=8757   rollout=  0.2s  avg= 0.2s/seq  elapsed=  0.4m  eta=  0.0m
[run] meanflow ensemble finished in 0.4m
[2026-06-12 11:47:17] [nfe_sweep] NFE=  2  t/seq= 0.19s  CRPS-qpepre=0.1278  CSI-M=0.2777  RMSE-qpepre=0.5505  NFE-elapsed=0.4m
| method | Time/Seq.(s) | CRPS↓ | CSI-M↑ | CSI-P16↑ | FSS-P16-M↑ | HSS-M↑ | FAR-M↓ | RMSE_u10↓ | RMSE_v10↓ | RMSE_t2m↓ | RMSE_qpepre↓ |
|---|---|---|---|---|---|---|---|---|---|---|---|
| meanflow | 0.187 | 0.3122 | 0.2777 | 0.0952 | 0.1568 | 0.3676 | 0.1924 | 0.8150 | 0.8191 | 0.3770 | 0.5505 |

================================================================
[2026-06-12 11:47:17] NFE = 3   (3/15)
================================================================
[run] meanflow ensemble starting: K=10 x S=12 x T=1 = 120 sequence-rollouts
[run] meanflow  k=1/10 seq=1/12 (1/120)  t0=0      rollout=  0.2s  avg= 0.2s/seq  elapsed=  0.0m  eta=  0.5m
[run] meanflow  k=1/10 seq=2/12 (2/120)  t0=796    rollout=  0.2s  avg= 0.2s/seq  elapsed=  0.0m  eta=  0.5m
[run] meanflow  k=1/10 seq=3/12 (3/120)  t0=1592   rollout=  0.2s  avg= 0.2s/seq  elapsed=  0.0m  eta=  0.5m
[run] meanflow  k=1/10 seq=4/12 (4/120)  t0=2388   rollout=  0.2s  avg= 0.2s/seq  elapsed=  0.0m  eta=  0.5m
[run] meanflow  k=1/10 seq=5/12 (5/120)  t0=3184   rollout=  0.2s  avg= 0.2s/seq  elapsed=  0.0m  eta=  0.5m
[run] meanflow  k=1/10 seq=6/12 (6/120)  t0=3980   rollout=  0.2s  avg= 0.2s/seq  elapsed=  0.0m  eta=  0.4m
[run] meanflow  k=1/10 seq=7/12 (7/120)  t0=4776   rollout=  0.2s  avg= 0.2s/seq  elapsed=  0.0m  eta=  0.4m
[run] meanflow  k=1/10 seq=8/12 (8/120)  t0=5572   rollout=  0.2s  avg= 0.2s/seq  elapsed=  0.0m  eta=  0.4m
[run] meanflow  k=1/10 seq=9/12 (9/120)  t0=6368   rollout=  0.2s  avg= 0.2s/seq  elapsed=  0.0m  eta=  0.4m
[run] meanflow  k=1/10 seq=10/12 (10/120)  t0=7164   rollout=  0.2s  avg= 0.2s/seq  elapsed=  0.0m  eta=  0.4m
[run] meanflow  k=1/10 seq=11/12 (11/120)  t0=7960   rollout=  0.2s  avg= 0.2s/seq  elapsed=  0.0m  eta=  0.4m
[run] meanflow  k=1/10 seq=12/12 (12/120)  t0=8757   rollout=  0.2s  avg= 0.2s/seq  elapsed=  0.0m  eta=  0.4m
[run] meanflow  k=2/10 seq=1/12 (13/120)  t0=0      rollout=  0.2s  avg= 0.2s/seq  elapsed=  0.0m  eta=  0.4m
[run] meanflow  k=2/10 seq=2/12 (14/120)  t0=796    rollout=  0.2s  avg= 0.2s/seq  elapsed=  0.1m  eta=  0.4m
[run] meanflow  k=2/10 seq=3/12 (15/120)  t0=1592   rollout=  0.2s  avg= 0.2s/seq  elapsed=  0.1m  eta=  0.4m
[run] meanflow  k=2/10 seq=4/12 (16/120)  t0=2388   rollout=  0.2s  avg= 0.2s/seq  elapsed=  0.1m  eta=  0.4m
[run] meanflow  k=2/10 seq=5/12 (17/120)  t0=3184   rollout=  0.2s  avg= 0.2s/seq  elapsed=  0.1m  eta=  0.4m
[run] meanflow  k=2/10 seq=6/12 (18/120)  t0=3980   rollout=  0.2s  avg= 0.2s/seq  elapsed=  0.1m  eta=  0.4m
[run] meanflow  k=2/10 seq=7/12 (19/120)  t0=4776   rollout=  0.2s  avg= 0.2s/seq  elapsed=  0.1m  eta=  0.4m
[run] meanflow  k=2/10 seq=8/12 (20/120)  t0=5572   rollout=  0.2s  avg= 0.2s/seq  elapsed=  0.1m  eta=  0.4m
[run] meanflow  k=2/10 seq=9/12 (21/120)  t0=6368   rollout=  0.2s  avg= 0.2s/seq  elapsed=  0.1m  eta=  0.4m
[run] meanflow  k=2/10 seq=10/12 (22/120)  t0=7164   rollout=  0.2s  avg= 0.2s/seq  elapsed=  0.1m  eta=  0.4m
[run] meanflow  k=2/10 seq=11/12 (23/120)  t0=7960   rollout=  0.2s  avg= 0.2s/seq  elapsed=  0.1m  eta=  0.4m
[run] meanflow  k=2/10 seq=12/12 (24/120)  t0=8757   rollout=  0.2s  avg= 0.2s/seq  elapsed=  0.1m  eta=  0.4m
[run] meanflow  k=3/10 seq=1/12 (25/120)  t0=0      rollout=  0.2s  avg= 0.2s/seq  elapsed=  0.1m  eta=  0.4m
[run] meanflow  k=3/10 seq=2/12 (26/120)  t0=796    rollout=  0.2s  avg= 0.2s/seq  elapsed=  0.1m  eta=  0.4m
[run] meanflow  k=3/10 seq=3/12 (27/120)  t0=1592   rollout=  0.2s  avg= 0.2s/seq  elapsed=  0.1m  eta=  0.4m
[run] meanflow  k=3/10 seq=4/12 (28/120)  t0=2388   rollout=  0.2s  avg= 0.2s/seq  elapsed=  0.1m  eta=  0.4m
[run] meanflow  k=3/10 seq=5/12 (29/120)  t0=3184   rollout=  0.2s  avg= 0.2s/seq  elapsed=  0.1m  eta=  0.3m
[run] meanflow  k=3/10 seq=6/12 (30/120)  t0=3980   rollout=  0.2s  avg= 0.2s/seq  elapsed=  0.1m  eta=  0.3m
[run] meanflow  k=3/10 seq=7/12 (31/120)  t0=4776   rollout=  0.2s  avg= 0.2s/seq  elapsed=  0.1m  eta=  0.3m
[run] meanflow  k=3/10 seq=8/12 (32/120)  t0=5572   rollout=  0.2s  avg= 0.2s/seq  elapsed=  0.1m  eta=  0.3m
[run] meanflow  k=3/10 seq=9/12 (33/120)  t0=6368   rollout=  0.2s  avg= 0.2s/seq  elapsed=  0.1m  eta=  0.3m
[run] meanflow  k=3/10 seq=10/12 (34/120)  t0=7164   rollout=  0.2s  avg= 0.2s/seq  elapsed=  0.1m  eta=  0.3m
[run] meanflow  k=3/10 seq=11/12 (35/120)  t0=7960   rollout=  0.2s  avg= 0.2s/seq  elapsed=  0.1m  eta=  0.3m
[run] meanflow  k=3/10 seq=12/12 (36/120)  t0=8757   rollout=  0.2s  avg= 0.2s/seq  elapsed=  0.1m  eta=  0.3m
[run] meanflow  k=4/10 seq=1/12 (37/120)  t0=0      rollout=  0.2s  avg= 0.2s/seq  elapsed=  0.1m  eta=  0.3m
[run] meanflow  k=4/10 seq=2/12 (38/120)  t0=796    rollout=  0.2s  avg= 0.2s/seq  elapsed=  0.1m  eta=  0.3m
[run] meanflow  k=4/10 seq=3/12 (39/120)  t0=1592   rollout=  0.2s  avg= 0.2s/seq  elapsed=  0.1m  eta=  0.3m
[run] meanflow  k=4/10 seq=4/12 (40/120)  t0=2388   rollout=  0.2s  avg= 0.2s/seq  elapsed=  0.2m  eta=  0.3m
[run] meanflow  k=4/10 seq=5/12 (41/120)  t0=3184   rollout=  0.2s  avg= 0.2s/seq  elapsed=  0.2m  eta=  0.3m
[run] meanflow  k=4/10 seq=6/12 (42/120)  t0=3980   rollout=  0.2s  avg= 0.2s/seq  elapsed=  0.2m  eta=  0.3m
[run] meanflow  k=4/10 seq=7/12 (43/120)  t0=4776   rollout=  0.2s  avg= 0.2s/seq  elapsed=  0.2m  eta=  0.3m
[run] meanflow  k=4/10 seq=8/12 (44/120)  t0=5572   rollout=  0.2s  avg= 0.2s/seq  elapsed=  0.2m  eta=  0.3m
[run] meanflow  k=4/10 seq=9/12 (45/120)  t0=6368   rollout=  0.2s  avg= 0.2s/seq  elapsed=  0.2m  eta=  0.3m
[run] meanflow  k=4/10 seq=10/12 (46/120)  t0=7164   rollout=  0.2s  avg= 0.2s/seq  elapsed=  0.2m  eta=  0.3m
[run] meanflow  k=4/10 seq=11/12 (47/120)  t0=7960   rollout=  0.2s  avg= 0.2s/seq  elapsed=  0.2m  eta=  0.3m
[run] meanflow  k=4/10 seq=12/12 (48/120)  t0=8757   rollout=  0.2s  avg= 0.2s/seq  elapsed=  0.2m  eta=  0.3m
[run] meanflow  k=5/10 seq=1/12 (49/120)  t0=0      rollout=  0.2s  avg= 0.2s/seq  elapsed=  0.2m  eta=  0.3m
[run] meanflow  k=5/10 seq=2/12 (50/120)  t0=796    rollout=  0.2s  avg= 0.2s/seq  elapsed=  0.2m  eta=  0.3m
[run] meanflow  k=5/10 seq=3/12 (51/120)  t0=1592   rollout=  0.2s  avg= 0.2s/seq  elapsed=  0.2m  eta=  0.3m
[run] meanflow  k=5/10 seq=4/12 (52/120)  t0=2388   rollout=  0.2s  avg= 0.2s/seq  elapsed=  0.2m  eta=  0.3m
[run] meanflow  k=5/10 seq=5/12 (53/120)  t0=3184   rollout=  0.2s  avg= 0.2s/seq  elapsed=  0.2m  eta=  0.3m
[run] meanflow  k=5/10 seq=6/12 (54/120)  t0=3980   rollout=  0.2s  avg= 0.2s/seq  elapsed=  0.2m  eta=  0.3m
[run] meanflow  k=5/10 seq=7/12 (55/120)  t0=4776   rollout=  0.2s  avg= 0.2s/seq  elapsed=  0.2m  eta=  0.2m
[run] meanflow  k=5/10 seq=8/12 (56/120)  t0=5572   rollout=  0.2s  avg= 0.2s/seq  elapsed=  0.2m  eta=  0.2m
[run] meanflow  k=5/10 seq=9/12 (57/120)  t0=6368   rollout=  0.2s  avg= 0.2s/seq  elapsed=  0.2m  eta=  0.2m
[run] meanflow  k=5/10 seq=10/12 (58/120)  t0=7164   rollout=  0.2s  avg= 0.2s/seq  elapsed=  0.2m  eta=  0.2m
[run] meanflow  k=5/10 seq=11/12 (59/120)  t0=7960   rollout=  0.2s  avg= 0.2s/seq  elapsed=  0.2m  eta=  0.2m
[run] meanflow  k=5/10 seq=12/12 (60/120)  t0=8757   rollout=  0.2s  avg= 0.2s/seq  elapsed=  0.2m  eta=  0.2m
[run] meanflow  k=6/10 seq=1/12 (61/120)  t0=0      rollout=  0.2s  avg= 0.2s/seq  elapsed=  0.2m  eta=  0.2m
[run] meanflow  k=6/10 seq=2/12 (62/120)  t0=796    rollout=  0.2s  avg= 0.2s/seq  elapsed=  0.2m  eta=  0.2m
[run] meanflow  k=6/10 seq=3/12 (63/120)  t0=1592   rollout=  0.2s  avg= 0.2s/seq  elapsed=  0.2m  eta=  0.2m
[run] meanflow  k=6/10 seq=4/12 (64/120)  t0=2388   rollout=  0.2s  avg= 0.2s/seq  elapsed=  0.2m  eta=  0.2m
[run] meanflow  k=6/10 seq=5/12 (65/120)  t0=3184   rollout=  0.2s  avg= 0.2s/seq  elapsed=  0.2m  eta=  0.2m
[run] meanflow  k=6/10 seq=6/12 (66/120)  t0=3980   rollout=  0.2s  avg= 0.2s/seq  elapsed=  0.3m  eta=  0.2m
[run] meanflow  k=6/10 seq=7/12 (67/120)  t0=4776   rollout=  0.2s  avg= 0.2s/seq  elapsed=  0.3m  eta=  0.2m
[run] meanflow  k=6/10 seq=8/12 (68/120)  t0=5572   rollout=  0.2s  avg= 0.2s/seq  elapsed=  0.3m  eta=  0.2m
[run] meanflow  k=6/10 seq=9/12 (69/120)  t0=6368   rollout=  0.3s  avg= 0.2s/seq  elapsed=  0.3m  eta=  0.2m
[run] meanflow  k=6/10 seq=10/12 (70/120)  t0=7164   rollout=  0.2s  avg= 0.2s/seq  elapsed=  0.3m  eta=  0.2m
[run] meanflow  k=6/10 seq=11/12 (71/120)  t0=7960   rollout=  0.2s  avg= 0.2s/seq  elapsed=  0.3m  eta=  0.2m
[run] meanflow  k=6/10 seq=12/12 (72/120)  t0=8757   rollout=  0.2s  avg= 0.2s/seq  elapsed=  0.3m  eta=  0.2m
[run] meanflow  k=7/10 seq=1/12 (73/120)  t0=0      rollout=  0.2s  avg= 0.2s/seq  elapsed=  0.3m  eta=  0.2m
[run] meanflow  k=7/10 seq=2/12 (74/120)  t0=796    rollout=  0.2s  avg= 0.2s/seq  elapsed=  0.3m  eta=  0.2m
[run] meanflow  k=7/10 seq=3/12 (75/120)  t0=1592   rollout=  0.2s  avg= 0.2s/seq  elapsed=  0.3m  eta=  0.2m
[run] meanflow  k=7/10 seq=4/12 (76/120)  t0=2388   rollout=  0.2s  avg= 0.2s/seq  elapsed=  0.3m  eta=  0.2m
[run] meanflow  k=7/10 seq=5/12 (77/120)  t0=3184   rollout=  0.2s  avg= 0.2s/seq  elapsed=  0.3m  eta=  0.2m
[run] meanflow  k=7/10 seq=6/12 (78/120)  t0=3980   rollout=  0.2s  avg= 0.2s/seq  elapsed=  0.3m  eta=  0.2m
[run] meanflow  k=7/10 seq=7/12 (79/120)  t0=4776   rollout=  0.2s  avg= 0.2s/seq  elapsed=  0.3m  eta=  0.2m
[run] meanflow  k=7/10 seq=8/12 (80/120)  t0=5572   rollout=  0.2s  avg= 0.2s/seq  elapsed=  0.3m  eta=  0.2m
[run] meanflow  k=7/10 seq=9/12 (81/120)  t0=6368   rollout=  0.2s  avg= 0.2s/seq  elapsed=  0.3m  eta=  0.1m
[run] meanflow  k=7/10 seq=10/12 (82/120)  t0=7164   rollout=  0.2s  avg= 0.2s/seq  elapsed=  0.3m  eta=  0.1m
[run] meanflow  k=7/10 seq=11/12 (83/120)  t0=7960   rollout=  0.2s  avg= 0.2s/seq  elapsed=  0.3m  eta=  0.1m
[run] meanflow  k=7/10 seq=12/12 (84/120)  t0=8757   rollout=  0.2s  avg= 0.2s/seq  elapsed=  0.3m  eta=  0.1m
[run] meanflow  k=8/10 seq=1/12 (85/120)  t0=0      rollout=  0.2s  avg= 0.2s/seq  elapsed=  0.3m  eta=  0.1m
[run] meanflow  k=8/10 seq=2/12 (86/120)  t0=796    rollout=  0.2s  avg= 0.2s/seq  elapsed=  0.3m  eta=  0.1m
[run] meanflow  k=8/10 seq=3/12 (87/120)  t0=1592   rollout=  0.2s  avg= 0.2s/seq  elapsed=  0.3m  eta=  0.1m
[run] meanflow  k=8/10 seq=4/12 (88/120)  t0=2388   rollout=  0.2s  avg= 0.2s/seq  elapsed=  0.3m  eta=  0.1m
[run] meanflow  k=8/10 seq=5/12 (89/120)  t0=3184   rollout=  0.2s  avg= 0.2s/seq  elapsed=  0.3m  eta=  0.1m
[run] meanflow  k=8/10 seq=6/12 (90/120)  t0=3980   rollout=  0.4s  avg= 0.2s/seq  elapsed=  0.3m  eta=  0.1m
[run] meanflow  k=8/10 seq=7/12 (91/120)  t0=4776   rollout=  0.2s  avg= 0.2s/seq  elapsed=  0.4m  eta=  0.1m
[run] meanflow  k=8/10 seq=8/12 (92/120)  t0=5572   rollout=  0.2s  avg= 0.2s/seq  elapsed=  0.4m  eta=  0.1m
[run] meanflow  k=8/10 seq=9/12 (93/120)  t0=6368   rollout=  0.2s  avg= 0.2s/seq  elapsed=  0.4m  eta=  0.1m
[run] meanflow  k=8/10 seq=10/12 (94/120)  t0=7164   rollout=  0.2s  avg= 0.2s/seq  elapsed=  0.4m  eta=  0.1m
[run] meanflow  k=8/10 seq=11/12 (95/120)  t0=7960   rollout=  0.2s  avg= 0.2s/seq  elapsed=  0.4m  eta=  0.1m
[run] meanflow  k=8/10 seq=12/12 (96/120)  t0=8757   rollout=  0.2s  avg= 0.2s/seq  elapsed=  0.4m  eta=  0.1m
[run] meanflow  k=9/10 seq=1/12 (97/120)  t0=0      rollout=  0.2s  avg= 0.2s/seq  elapsed=  0.4m  eta=  0.1m
[run] meanflow  k=9/10 seq=2/12 (98/120)  t0=796    rollout=  0.3s  avg= 0.2s/seq  elapsed=  0.4m  eta=  0.1m
[run] meanflow  k=9/10 seq=3/12 (99/120)  t0=1592   rollout=  0.2s  avg= 0.2s/seq  elapsed=  0.4m  eta=  0.1m
[run] meanflow  k=9/10 seq=4/12 (100/120)  t0=2388   rollout=  0.2s  avg= 0.2s/seq  elapsed=  0.4m  eta=  0.1m
[run] meanflow  k=9/10 seq=5/12 (101/120)  t0=3184   rollout=  0.2s  avg= 0.2s/seq  elapsed=  0.4m  eta=  0.1m
[run] meanflow  k=9/10 seq=6/12 (102/120)  t0=3980   rollout=  0.2s  avg= 0.2s/seq  elapsed=  0.4m  eta=  0.1m
[run] meanflow  k=9/10 seq=7/12 (103/120)  t0=4776   rollout=  0.2s  avg= 0.2s/seq  elapsed=  0.4m  eta=  0.1m
[run] meanflow  k=9/10 seq=8/12 (104/120)  t0=5572   rollout=  0.2s  avg= 0.2s/seq  elapsed=  0.4m  eta=  0.1m
[run] meanflow  k=9/10 seq=9/12 (105/120)  t0=6368   rollout=  0.4s  avg= 0.2s/seq  elapsed=  0.4m  eta=  0.1m
[run] meanflow  k=9/10 seq=10/12 (106/120)  t0=7164   rollout=  0.2s  avg= 0.2s/seq  elapsed=  0.4m  eta=  0.1m
[run] meanflow  k=9/10 seq=11/12 (107/120)  t0=7960   rollout=  0.2s  avg= 0.2s/seq  elapsed=  0.4m  eta=  0.1m
[run] meanflow  k=9/10 seq=12/12 (108/120)  t0=8757   rollout=  0.2s  avg= 0.2s/seq  elapsed=  0.4m  eta=  0.0m
[run] meanflow  k=10/10 seq=1/12 (109/120)  t0=0      rollout=  0.2s  avg= 0.2s/seq  elapsed=  0.4m  eta=  0.0m
[run] meanflow  k=10/10 seq=2/12 (110/120)  t0=796    rollout=  0.2s  avg= 0.2s/seq  elapsed=  0.4m  eta=  0.0m
[run] meanflow  k=10/10 seq=3/12 (111/120)  t0=1592   rollout=  0.2s  avg= 0.2s/seq  elapsed=  0.4m  eta=  0.0m
[run] meanflow  k=10/10 seq=4/12 (112/120)  t0=2388   rollout=  0.2s  avg= 0.2s/seq  elapsed=  0.4m  eta=  0.0m
[run] meanflow  k=10/10 seq=5/12 (113/120)  t0=3184   rollout=  0.2s  avg= 0.2s/seq  elapsed=  0.4m  eta=  0.0m
[run] meanflow  k=10/10 seq=6/12 (114/120)  t0=3980   rollout=  0.2s  avg= 0.2s/seq  elapsed=  0.4m  eta=  0.0m
[run] meanflow  k=10/10 seq=7/12 (115/120)  t0=4776   rollout=  0.2s  avg= 0.2s/seq  elapsed=  0.4m  eta=  0.0m
[run] meanflow  k=10/10 seq=8/12 (116/120)  t0=5572   rollout=  0.2s  avg= 0.2s/seq  elapsed=  0.5m  eta=  0.0m
[run] meanflow  k=10/10 seq=9/12 (117/120)  t0=6368   rollout=  1.7s  avg= 0.2s/seq  elapsed=  0.5m  eta=  0.0m
[run] meanflow  k=10/10 seq=10/12 (118/120)  t0=7164   rollout=  0.7s  avg= 0.2s/seq  elapsed=  0.5m  eta=  0.0m
[run] meanflow  k=10/10 seq=11/12 (119/120)  t0=7960   rollout=  0.3s  avg= 0.2s/seq  elapsed=  0.5m  eta=  0.0m
[run] meanflow  k=10/10 seq=12/12 (120/120)  t0=8757   rollout=  0.2s  avg= 0.2s/seq  elapsed=  0.5m  eta=  0.0m
[run] meanflow ensemble finished in 0.5m
[2026-06-12 11:47:47] [nfe_sweep] NFE=  3  t/seq= 0.23s  CRPS-qpepre=0.1251  CSI-M=0.2662  RMSE-qpepre=0.5531  NFE-elapsed=0.5m
| method | Time/Seq.(s) | CRPS↓ | CSI-M↑ | CSI-P16↑ | FSS-P16-M↑ | HSS-M↑ | FAR-M↓ | RMSE_u10↓ | RMSE_v10↓ | RMSE_t2m↓ | RMSE_qpepre↓ |
|---|---|---|---|---|---|---|---|---|---|---|---|
| meanflow | 0.230 | 0.2966 | 0.2662 | 0.0476 | 0.0782 | 0.3501 | 0.1826 | 0.8262 | 0.8455 | 0.3839 | 0.5531 |

================================================================
[2026-06-12 11:47:47] NFE = 4   (4/15)
================================================================
[run] meanflow ensemble starting: K=10 x S=12 x T=1 = 120 sequence-rollouts
[run] meanflow  k=1/10 seq=1/12 (1/120)  t0=0      rollout=  0.3s  avg= 0.3s/seq  elapsed=  0.0m  eta=  0.5m
[run] meanflow  k=1/10 seq=2/12 (2/120)  t0=796    rollout=  0.3s  avg= 0.3s/seq  elapsed=  0.0m  eta=  0.5m
[run] meanflow  k=1/10 seq=3/12 (3/120)  t0=1592   rollout=  0.3s  avg= 0.3s/seq  elapsed=  0.0m  eta=  0.5m
[run] meanflow  k=1/10 seq=4/12 (4/120)  t0=2388   rollout=  0.3s  avg= 0.3s/seq  elapsed=  0.0m  eta=  0.5m
[run] meanflow  k=1/10 seq=5/12 (5/120)  t0=3184   rollout=  0.3s  avg= 0.3s/seq  elapsed=  0.0m  eta=  0.5m
[run] meanflow  k=1/10 seq=6/12 (6/120)  t0=3980   rollout=  0.3s  avg= 0.3s/seq  elapsed=  0.0m  eta=  0.5m
[run] meanflow  k=1/10 seq=7/12 (7/120)  t0=4776   rollout=  0.3s  avg= 0.3s/seq  elapsed=  0.0m  eta=  0.5m
[run] meanflow  k=1/10 seq=8/12 (8/120)  t0=5572   rollout=  0.3s  avg= 0.3s/seq  elapsed=  0.0m  eta=  0.5m
[run] meanflow  k=1/10 seq=9/12 (9/120)  t0=6368   rollout=  0.3s  avg= 0.3s/seq  elapsed=  0.0m  eta=  0.5m
[run] meanflow  k=1/10 seq=10/12 (10/120)  t0=7164   rollout=  0.3s  avg= 0.3s/seq  elapsed=  0.0m  eta=  0.5m
[run] meanflow  k=1/10 seq=11/12 (11/120)  t0=7960   rollout=  0.3s  avg= 0.3s/seq  elapsed=  0.0m  eta=  0.5m
[run] meanflow  k=1/10 seq=12/12 (12/120)  t0=8757   rollout=  0.3s  avg= 0.3s/seq  elapsed=  0.1m  eta=  0.5m
[run] meanflow  k=2/10 seq=1/12 (13/120)  t0=0      rollout=  0.3s  avg= 0.3s/seq  elapsed=  0.1m  eta=  0.5m
[run] meanflow  k=2/10 seq=2/12 (14/120)  t0=796    rollout=  0.3s  avg= 0.3s/seq  elapsed=  0.1m  eta=  0.5m
[run] meanflow  k=2/10 seq=3/12 (15/120)  t0=1592   rollout=  0.3s  avg= 0.3s/seq  elapsed=  0.1m  eta=  0.5m
[run] meanflow  k=2/10 seq=4/12 (16/120)  t0=2388   rollout=  0.3s  avg= 0.3s/seq  elapsed=  0.1m  eta=  0.5m
[run] meanflow  k=2/10 seq=5/12 (17/120)  t0=3184   rollout=  0.3s  avg= 0.3s/seq  elapsed=  0.1m  eta=  0.5m
[run] meanflow  k=2/10 seq=6/12 (18/120)  t0=3980   rollout=  0.3s  avg= 0.3s/seq  elapsed=  0.1m  eta=  0.5m
[run] meanflow  k=2/10 seq=7/12 (19/120)  t0=4776   rollout=  0.3s  avg= 0.3s/seq  elapsed=  0.1m  eta=  0.4m
[run] meanflow  k=2/10 seq=8/12 (20/120)  t0=5572   rollout=  0.3s  avg= 0.3s/seq  elapsed=  0.1m  eta=  0.4m
[run] meanflow  k=2/10 seq=9/12 (21/120)  t0=6368   rollout=  0.3s  avg= 0.3s/seq  elapsed=  0.1m  eta=  0.4m
[run] meanflow  k=2/10 seq=10/12 (22/120)  t0=7164   rollout=  0.3s  avg= 0.3s/seq  elapsed=  0.1m  eta=  0.4m
[run] meanflow  k=2/10 seq=11/12 (23/120)  t0=7960   rollout=  0.3s  avg= 0.3s/seq  elapsed=  0.1m  eta=  0.4m
[run] meanflow  k=2/10 seq=12/12 (24/120)  t0=8757   rollout=  0.3s  avg= 0.3s/seq  elapsed=  0.1m  eta=  0.4m
[run] meanflow  k=3/10 seq=1/12 (25/120)  t0=0      rollout=  0.3s  avg= 0.3s/seq  elapsed=  0.1m  eta=  0.4m
[run] meanflow  k=3/10 seq=2/12 (26/120)  t0=796    rollout=  0.3s  avg= 0.3s/seq  elapsed=  0.1m  eta=  0.4m
[run] meanflow  k=3/10 seq=3/12 (27/120)  t0=1592   rollout=  0.3s  avg= 0.3s/seq  elapsed=  0.1m  eta=  0.4m
[run] meanflow  k=3/10 seq=4/12 (28/120)  t0=2388   rollout=  0.3s  avg= 0.3s/seq  elapsed=  0.1m  eta=  0.4m
[run] meanflow  k=3/10 seq=5/12 (29/120)  t0=3184   rollout=  0.3s  avg= 0.3s/seq  elapsed=  0.1m  eta=  0.4m
[run] meanflow  k=3/10 seq=6/12 (30/120)  t0=3980   rollout=  0.3s  avg= 0.3s/seq  elapsed=  0.1m  eta=  0.4m
[run] meanflow  k=3/10 seq=7/12 (31/120)  t0=4776   rollout=  0.3s  avg= 0.3s/seq  elapsed=  0.1m  eta=  0.4m
[run] meanflow  k=3/10 seq=8/12 (32/120)  t0=5572   rollout=  0.3s  avg= 0.3s/seq  elapsed=  0.1m  eta=  0.4m
[run] meanflow  k=3/10 seq=9/12 (33/120)  t0=6368   rollout=  0.3s  avg= 0.3s/seq  elapsed=  0.1m  eta=  0.4m
[run] meanflow  k=3/10 seq=10/12 (34/120)  t0=7164   rollout=  0.3s  avg= 0.3s/seq  elapsed=  0.1m  eta=  0.4m
[run] meanflow  k=3/10 seq=11/12 (35/120)  t0=7960   rollout=  0.3s  avg= 0.3s/seq  elapsed=  0.2m  eta=  0.4m
[run] meanflow  k=3/10 seq=12/12 (36/120)  t0=8757   rollout=  0.3s  avg= 0.3s/seq  elapsed=  0.2m  eta=  0.4m
[run] meanflow  k=4/10 seq=1/12 (37/120)  t0=0      rollout=  0.3s  avg= 0.3s/seq  elapsed=  0.2m  eta=  0.4m
[run] meanflow  k=4/10 seq=2/12 (38/120)  t0=796    rollout=  0.3s  avg= 0.3s/seq  elapsed=  0.2m  eta=  0.4m
[run] meanflow  k=4/10 seq=3/12 (39/120)  t0=1592   rollout=  0.3s  avg= 0.3s/seq  elapsed=  0.2m  eta=  0.4m
[run] meanflow  k=4/10 seq=4/12 (40/120)  t0=2388   rollout=  0.3s  avg= 0.3s/seq  elapsed=  0.2m  eta=  0.4m
[run] meanflow  k=4/10 seq=5/12 (41/120)  t0=3184   rollout=  0.3s  avg= 0.3s/seq  elapsed=  0.2m  eta=  0.3m
[run] meanflow  k=4/10 seq=6/12 (42/120)  t0=3980   rollout=  0.3s  avg= 0.3s/seq  elapsed=  0.2m  eta=  0.3m
[run] meanflow  k=4/10 seq=7/12 (43/120)  t0=4776   rollout=  0.3s  avg= 0.3s/seq  elapsed=  0.2m  eta=  0.3m
[run] meanflow  k=4/10 seq=8/12 (44/120)  t0=5572   rollout=  0.3s  avg= 0.3s/seq  elapsed=  0.2m  eta=  0.3m
[run] meanflow  k=4/10 seq=9/12 (45/120)  t0=6368   rollout=  0.3s  avg= 0.3s/seq  elapsed=  0.2m  eta=  0.3m
[run] meanflow  k=4/10 seq=10/12 (46/120)  t0=7164   rollout=  0.3s  avg= 0.3s/seq  elapsed=  0.2m  eta=  0.3m
[run] meanflow  k=4/10 seq=11/12 (47/120)  t0=7960   rollout=  0.3s  avg= 0.3s/seq  elapsed=  0.2m  eta=  0.3m
[run] meanflow  k=4/10 seq=12/12 (48/120)  t0=8757   rollout=  0.3s  avg= 0.3s/seq  elapsed=  0.2m  eta=  0.3m
[run] meanflow  k=5/10 seq=1/12 (49/120)  t0=0      rollout=  0.3s  avg= 0.3s/seq  elapsed=  0.2m  eta=  0.3m
[run] meanflow  k=5/10 seq=2/12 (50/120)  t0=796    rollout=  0.3s  avg= 0.3s/seq  elapsed=  0.2m  eta=  0.3m
[run] meanflow  k=5/10 seq=3/12 (51/120)  t0=1592   rollout=  0.3s  avg= 0.3s/seq  elapsed=  0.2m  eta=  0.3m
[run] meanflow  k=5/10 seq=4/12 (52/120)  t0=2388   rollout=  0.3s  avg= 0.3s/seq  elapsed=  0.2m  eta=  0.3m
[run] meanflow  k=5/10 seq=5/12 (53/120)  t0=3184   rollout=  0.3s  avg= 0.3s/seq  elapsed=  0.2m  eta=  0.3m
[run] meanflow  k=5/10 seq=6/12 (54/120)  t0=3980   rollout=  0.3s  avg= 0.3s/seq  elapsed=  0.2m  eta=  0.3m
[run] meanflow  k=5/10 seq=7/12 (55/120)  t0=4776   rollout=  0.3s  avg= 0.3s/seq  elapsed=  0.2m  eta=  0.3m
[run] meanflow  k=5/10 seq=8/12 (56/120)  t0=5572   rollout=  0.3s  avg= 0.3s/seq  elapsed=  0.2m  eta=  0.3m
[run] meanflow  k=5/10 seq=9/12 (57/120)  t0=6368   rollout=  0.3s  avg= 0.3s/seq  elapsed=  0.3m  eta=  0.3m
[run] meanflow  k=5/10 seq=10/12 (58/120)  t0=7164   rollout=  0.3s  avg= 0.3s/seq  elapsed=  0.3m  eta=  0.3m
[run] meanflow  k=5/10 seq=11/12 (59/120)  t0=7960   rollout=  0.3s  avg= 0.3s/seq  elapsed=  0.3m  eta=  0.3m
[run] meanflow  k=5/10 seq=12/12 (60/120)  t0=8757   rollout=  0.3s  avg= 0.3s/seq  elapsed=  0.3m  eta=  0.3m
[run] meanflow  k=6/10 seq=1/12 (61/120)  t0=0      rollout=  0.3s  avg= 0.3s/seq  elapsed=  0.3m  eta=  0.3m
[run] meanflow  k=6/10 seq=2/12 (62/120)  t0=796    rollout=  0.3s  avg= 0.3s/seq  elapsed=  0.3m  eta=  0.3m
[run] meanflow  k=6/10 seq=3/12 (63/120)  t0=1592   rollout=  0.3s  avg= 0.3s/seq  elapsed=  0.3m  eta=  0.3m
[run] meanflow  k=6/10 seq=4/12 (64/120)  t0=2388   rollout=  0.3s  avg= 0.3s/seq  elapsed=  0.3m  eta=  0.2m
[run] meanflow  k=6/10 seq=5/12 (65/120)  t0=3184   rollout=  0.3s  avg= 0.3s/seq  elapsed=  0.3m  eta=  0.2m
[run] meanflow  k=6/10 seq=6/12 (66/120)  t0=3980   rollout=  0.3s  avg= 0.3s/seq  elapsed=  0.3m  eta=  0.2m
[run] meanflow  k=6/10 seq=7/12 (67/120)  t0=4776   rollout=  0.3s  avg= 0.3s/seq  elapsed=  0.3m  eta=  0.2m
[run] meanflow  k=6/10 seq=8/12 (68/120)  t0=5572   rollout=  0.3s  avg= 0.3s/seq  elapsed=  0.3m  eta=  0.2m
[run] meanflow  k=6/10 seq=9/12 (69/120)  t0=6368   rollout=  0.3s  avg= 0.3s/seq  elapsed=  0.3m  eta=  0.2m
[run] meanflow  k=6/10 seq=10/12 (70/120)  t0=7164   rollout=  0.3s  avg= 0.3s/seq  elapsed=  0.3m  eta=  0.2m
[run] meanflow  k=6/10 seq=11/12 (71/120)  t0=7960   rollout=  0.3s  avg= 0.3s/seq  elapsed=  0.3m  eta=  0.2m
[run] meanflow  k=6/10 seq=12/12 (72/120)  t0=8757   rollout=  0.3s  avg= 0.3s/seq  elapsed=  0.3m  eta=  0.2m
[run] meanflow  k=7/10 seq=1/12 (73/120)  t0=0      rollout=  0.3s  avg= 0.3s/seq  elapsed=  0.3m  eta=  0.2m
[run] meanflow  k=7/10 seq=2/12 (74/120)  t0=796    rollout=  0.3s  avg= 0.3s/seq  elapsed=  0.3m  eta=  0.2m
[run] meanflow  k=7/10 seq=3/12 (75/120)  t0=1592   rollout=  0.3s  avg= 0.3s/seq  elapsed=  0.3m  eta=  0.2m
[run] meanflow  k=7/10 seq=4/12 (76/120)  t0=2388   rollout=  0.3s  avg= 0.3s/seq  elapsed=  0.3m  eta=  0.2m
[run] meanflow  k=7/10 seq=5/12 (77/120)  t0=3184   rollout=  0.3s  avg= 0.3s/seq  elapsed=  0.3m  eta=  0.2m
[run] meanflow  k=7/10 seq=6/12 (78/120)  t0=3980   rollout=  0.3s  avg= 0.3s/seq  elapsed=  0.3m  eta=  0.2m
[run] meanflow  k=7/10 seq=7/12 (79/120)  t0=4776   rollout=  0.3s  avg= 0.3s/seq  elapsed=  0.3m  eta=  0.2m
[run] meanflow  k=7/10 seq=8/12 (80/120)  t0=5572   rollout=  0.3s  avg= 0.3s/seq  elapsed=  0.4m  eta=  0.2m
[run] meanflow  k=7/10 seq=9/12 (81/120)  t0=6368   rollout=  0.3s  avg= 0.3s/seq  elapsed=  0.4m  eta=  0.2m
[run] meanflow  k=7/10 seq=10/12 (82/120)  t0=7164   rollout=  0.3s  avg= 0.3s/seq  elapsed=  0.4m  eta=  0.2m
[run] meanflow  k=7/10 seq=11/12 (83/120)  t0=7960   rollout=  0.3s  avg= 0.3s/seq  elapsed=  0.4m  eta=  0.2m
[run] meanflow  k=7/10 seq=12/12 (84/120)  t0=8757   rollout=  0.3s  avg= 0.3s/seq  elapsed=  0.4m  eta=  0.2m
[run] meanflow  k=8/10 seq=1/12 (85/120)  t0=0      rollout=  0.3s  avg= 0.3s/seq  elapsed=  0.4m  eta=  0.2m
[run] meanflow  k=8/10 seq=2/12 (86/120)  t0=796    rollout=  0.3s  avg= 0.3s/seq  elapsed=  0.4m  eta=  0.2m
[run] meanflow  k=8/10 seq=3/12 (87/120)  t0=1592   rollout=  0.3s  avg= 0.3s/seq  elapsed=  0.4m  eta=  0.1m
[run] meanflow  k=8/10 seq=4/12 (88/120)  t0=2388   rollout=  0.3s  avg= 0.3s/seq  elapsed=  0.4m  eta=  0.1m
[run] meanflow  k=8/10 seq=5/12 (89/120)  t0=3184   rollout=  0.3s  avg= 0.3s/seq  elapsed=  0.4m  eta=  0.1m
[run] meanflow  k=8/10 seq=6/12 (90/120)  t0=3980   rollout=  0.3s  avg= 0.3s/seq  elapsed=  0.4m  eta=  0.1m
[run] meanflow  k=8/10 seq=7/12 (91/120)  t0=4776   rollout=  0.3s  avg= 0.3s/seq  elapsed=  0.4m  eta=  0.1m
[run] meanflow  k=8/10 seq=8/12 (92/120)  t0=5572   rollout=  0.3s  avg= 0.3s/seq  elapsed=  0.4m  eta=  0.1m
[run] meanflow  k=8/10 seq=9/12 (93/120)  t0=6368   rollout=  0.3s  avg= 0.3s/seq  elapsed=  0.4m  eta=  0.1m
[run] meanflow  k=8/10 seq=10/12 (94/120)  t0=7164   rollout=  0.3s  avg= 0.3s/seq  elapsed=  0.4m  eta=  0.1m
[run] meanflow  k=8/10 seq=11/12 (95/120)  t0=7960   rollout=  0.3s  avg= 0.3s/seq  elapsed=  0.4m  eta=  0.1m
[run] meanflow  k=8/10 seq=12/12 (96/120)  t0=8757   rollout=  0.3s  avg= 0.3s/seq  elapsed=  0.4m  eta=  0.1m
[run] meanflow  k=9/10 seq=1/12 (97/120)  t0=0      rollout=  0.3s  avg= 0.3s/seq  elapsed=  0.4m  eta=  0.1m
[run] meanflow  k=9/10 seq=2/12 (98/120)  t0=796    rollout=  0.3s  avg= 0.3s/seq  elapsed=  0.4m  eta=  0.1m
[run] meanflow  k=9/10 seq=3/12 (99/120)  t0=1592   rollout=  0.3s  avg= 0.3s/seq  elapsed=  0.4m  eta=  0.1m
[run] meanflow  k=9/10 seq=4/12 (100/120)  t0=2388   rollout=  0.3s  avg= 0.3s/seq  elapsed=  0.4m  eta=  0.1m
[run] meanflow  k=9/10 seq=5/12 (101/120)  t0=3184   rollout=  0.3s  avg= 0.3s/seq  elapsed=  0.4m  eta=  0.1m
[run] meanflow  k=9/10 seq=6/12 (102/120)  t0=3980   rollout=  0.3s  avg= 0.3s/seq  elapsed=  0.5m  eta=  0.1m
[run] meanflow  k=9/10 seq=7/12 (103/120)  t0=4776   rollout=  0.3s  avg= 0.3s/seq  elapsed=  0.5m  eta=  0.1m
[run] meanflow  k=9/10 seq=8/12 (104/120)  t0=5572   rollout=  0.3s  avg= 0.3s/seq  elapsed=  0.5m  eta=  0.1m
[run] meanflow  k=9/10 seq=9/12 (105/120)  t0=6368   rollout=  0.3s  avg= 0.3s/seq  elapsed=  0.5m  eta=  0.1m
[run] meanflow  k=9/10 seq=10/12 (106/120)  t0=7164   rollout=  0.3s  avg= 0.3s/seq  elapsed=  0.5m  eta=  0.1m
[run] meanflow  k=9/10 seq=11/12 (107/120)  t0=7960   rollout=  0.3s  avg= 0.3s/seq  elapsed=  0.5m  eta=  0.1m
[run] meanflow  k=9/10 seq=12/12 (108/120)  t0=8757   rollout=  0.3s  avg= 0.3s/seq  elapsed=  0.5m  eta=  0.1m
[run] meanflow  k=10/10 seq=1/12 (109/120)  t0=0      rollout=  0.3s  avg= 0.3s/seq  elapsed=  0.5m  eta=  0.0m
[run] meanflow  k=10/10 seq=2/12 (110/120)  t0=796    rollout=  0.3s  avg= 0.3s/seq  elapsed=  0.5m  eta=  0.0m
[run] meanflow  k=10/10 seq=3/12 (111/120)  t0=1592   rollout=  0.3s  avg= 0.3s/seq  elapsed=  0.5m  eta=  0.0m
[run] meanflow  k=10/10 seq=4/12 (112/120)  t0=2388   rollout=  0.3s  avg= 0.3s/seq  elapsed=  0.5m  eta=  0.0m
[run] meanflow  k=10/10 seq=5/12 (113/120)  t0=3184   rollout=  0.3s  avg= 0.3s/seq  elapsed=  0.5m  eta=  0.0m
[run] meanflow  k=10/10 seq=6/12 (114/120)  t0=3980   rollout=  0.3s  avg= 0.3s/seq  elapsed=  0.5m  eta=  0.0m
[run] meanflow  k=10/10 seq=7/12 (115/120)  t0=4776   rollout=  0.3s  avg= 0.3s/seq  elapsed=  0.5m  eta=  0.0m
[run] meanflow  k=10/10 seq=8/12 (116/120)  t0=5572   rollout=  0.3s  avg= 0.3s/seq  elapsed=  0.5m  eta=  0.0m
[run] meanflow  k=10/10 seq=9/12 (117/120)  t0=6368   rollout=  0.3s  avg= 0.3s/seq  elapsed=  0.5m  eta=  0.0m
[run] meanflow  k=10/10 seq=10/12 (118/120)  t0=7164   rollout=  0.3s  avg= 0.3s/seq  elapsed=  0.5m  eta=  0.0m
[run] meanflow  k=10/10 seq=11/12 (119/120)  t0=7960   rollout=  0.3s  avg= 0.3s/seq  elapsed=  0.5m  eta=  0.0m
[run] meanflow  k=10/10 seq=12/12 (120/120)  t0=8757   rollout=  0.3s  avg= 0.3s/seq  elapsed=  0.5m  eta=  0.0m
[run] meanflow ensemble finished in 0.5m
[2026-06-12 11:48:19] [nfe_sweep] NFE=  4  t/seq= 0.26s  CRPS-qpepre=0.1239  CSI-M=0.2541  RMSE-qpepre=0.5549  NFE-elapsed=0.5m
| method | Time/Seq.(s) | CRPS↓ | CSI-M↑ | CSI-P16↑ | FSS-P16-M↑ | HSS-M↑ | FAR-M↓ | RMSE_u10↓ | RMSE_v10↓ | RMSE_t2m↓ | RMSE_qpepre↓ |
|---|---|---|---|---|---|---|---|---|---|---|---|
| meanflow | 0.264 | 0.3249 | 0.2541 | 0.0000 | 0.0000 | 0.3301 | 0.2510 | 0.8807 | 1.0174 | 0.4515 | 0.5549 |

================================================================
[2026-06-12 11:48:19] NFE = 5   (5/15)
================================================================
[run] meanflow ensemble starting: K=10 x S=12 x T=1 = 120 sequence-rollouts
[run] meanflow  k=1/10 seq=1/12 (1/120)  t0=0      rollout=  0.3s  avg= 0.3s/seq  elapsed=  0.0m  eta=  0.6m
[run] meanflow  k=1/10 seq=2/12 (2/120)  t0=796    rollout=  0.3s  avg= 0.3s/seq  elapsed=  0.0m  eta=  0.6m
[run] meanflow  k=1/10 seq=3/12 (3/120)  t0=1592   rollout=  0.3s  avg= 0.3s/seq  elapsed=  0.0m  eta=  0.6m
[run] meanflow  k=1/10 seq=4/12 (4/120)  t0=2388   rollout=  0.3s  avg= 0.3s/seq  elapsed=  0.0m  eta=  0.6m
[run] meanflow  k=1/10 seq=5/12 (5/120)  t0=3184   rollout=  0.3s  avg= 0.3s/seq  elapsed=  0.0m  eta=  0.6m
[run] meanflow  k=1/10 seq=6/12 (6/120)  t0=3980   rollout=  0.3s  avg= 0.3s/seq  elapsed=  0.0m  eta=  0.6m
[run] meanflow  k=1/10 seq=7/12 (7/120)  t0=4776   rollout=  0.3s  avg= 0.3s/seq  elapsed=  0.0m  eta=  0.6m
[run] meanflow  k=1/10 seq=8/12 (8/120)  t0=5572   rollout=  0.3s  avg= 0.3s/seq  elapsed=  0.0m  eta=  0.6m
[run] meanflow  k=1/10 seq=9/12 (9/120)  t0=6368   rollout=  0.3s  avg= 0.3s/seq  elapsed=  0.0m  eta=  0.6m
[run] meanflow  k=1/10 seq=10/12 (10/120)  t0=7164   rollout=  0.3s  avg= 0.3s/seq  elapsed=  0.1m  eta=  0.6m
[run] meanflow  k=1/10 seq=11/12 (11/120)  t0=7960   rollout=  0.3s  avg= 0.3s/seq  elapsed=  0.1m  eta=  0.6m
[run] meanflow  k=1/10 seq=12/12 (12/120)  t0=8757   rollout=  0.3s  avg= 0.3s/seq  elapsed=  0.1m  eta=  0.6m
[run] meanflow  k=2/10 seq=1/12 (13/120)  t0=0      rollout=  0.3s  avg= 0.3s/seq  elapsed=  0.1m  eta=  0.6m
[run] meanflow  k=2/10 seq=2/12 (14/120)  t0=796    rollout=  0.3s  avg= 0.3s/seq  elapsed=  0.1m  eta=  0.6m
[run] meanflow  k=2/10 seq=3/12 (15/120)  t0=1592   rollout=  0.3s  avg= 0.3s/seq  elapsed=  0.1m  eta=  0.6m
[run] meanflow  k=2/10 seq=4/12 (16/120)  t0=2388   rollout=  0.3s  avg= 0.3s/seq  elapsed=  0.1m  eta=  0.5m
[run] meanflow  k=2/10 seq=5/12 (17/120)  t0=3184   rollout=  0.3s  avg= 0.3s/seq  elapsed=  0.1m  eta=  0.5m
[run] meanflow  k=2/10 seq=6/12 (18/120)  t0=3980   rollout=  0.3s  avg= 0.3s/seq  elapsed=  0.1m  eta=  0.5m
[run] meanflow  k=2/10 seq=7/12 (19/120)  t0=4776   rollout=  0.3s  avg= 0.3s/seq  elapsed=  0.1m  eta=  0.5m
[run] meanflow  k=2/10 seq=8/12 (20/120)  t0=5572   rollout=  0.3s  avg= 0.3s/seq  elapsed=  0.1m  eta=  0.5m
[run] meanflow  k=2/10 seq=9/12 (21/120)  t0=6368   rollout=  0.3s  avg= 0.3s/seq  elapsed=  0.1m  eta=  0.5m
[run] meanflow  k=2/10 seq=10/12 (22/120)  t0=7164   rollout=  0.3s  avg= 0.3s/seq  elapsed=  0.1m  eta=  0.5m
[run] meanflow  k=2/10 seq=11/12 (23/120)  t0=7960   rollout=  0.3s  avg= 0.3s/seq  elapsed=  0.1m  eta=  0.5m
[run] meanflow  k=2/10 seq=12/12 (24/120)  t0=8757   rollout=  0.3s  avg= 0.3s/seq  elapsed=  0.1m  eta=  0.5m
[run] meanflow  k=3/10 seq=1/12 (25/120)  t0=0      rollout=  0.3s  avg= 0.3s/seq  elapsed=  0.1m  eta=  0.5m
[run] meanflow  k=3/10 seq=2/12 (26/120)  t0=796    rollout=  0.3s  avg= 0.3s/seq  elapsed=  0.1m  eta=  0.5m
[run] meanflow  k=3/10 seq=3/12 (27/120)  t0=1592   rollout=  0.3s  avg= 0.3s/seq  elapsed=  0.1m  eta=  0.5m
[run] meanflow  k=3/10 seq=4/12 (28/120)  t0=2388   rollout=  0.3s  avg= 0.3s/seq  elapsed=  0.1m  eta=  0.5m
[run] meanflow  k=3/10 seq=5/12 (29/120)  t0=3184   rollout=  0.3s  avg= 0.3s/seq  elapsed=  0.2m  eta=  0.5m
[run] meanflow  k=3/10 seq=6/12 (30/120)  t0=3980   rollout=  0.3s  avg= 0.3s/seq  elapsed=  0.2m  eta=  0.5m
[run] meanflow  k=3/10 seq=7/12 (31/120)  t0=4776   rollout=  0.3s  avg= 0.3s/seq  elapsed=  0.2m  eta=  0.5m
[run] meanflow  k=3/10 seq=8/12 (32/120)  t0=5572   rollout=  0.3s  avg= 0.3s/seq  elapsed=  0.2m  eta=  0.5m
[run] meanflow  k=3/10 seq=9/12 (33/120)  t0=6368   rollout=  0.3s  avg= 0.3s/seq  elapsed=  0.2m  eta=  0.5m
[run] meanflow  k=3/10 seq=10/12 (34/120)  t0=7164   rollout=  0.3s  avg= 0.3s/seq  elapsed=  0.2m  eta=  0.5m
[run] meanflow  k=3/10 seq=11/12 (35/120)  t0=7960   rollout=  0.3s  avg= 0.3s/seq  elapsed=  0.2m  eta=  0.4m
[run] meanflow  k=3/10 seq=12/12 (36/120)  t0=8757   rollout=  0.3s  avg= 0.3s/seq  elapsed=  0.2m  eta=  0.4m
[run] meanflow  k=4/10 seq=1/12 (37/120)  t0=0      rollout=  0.3s  avg= 0.3s/seq  elapsed=  0.2m  eta=  0.4m
[run] meanflow  k=4/10 seq=2/12 (38/120)  t0=796    rollout=  0.3s  avg= 0.3s/seq  elapsed=  0.2m  eta=  0.4m
[run] meanflow  k=4/10 seq=3/12 (39/120)  t0=1592   rollout=  0.3s  avg= 0.3s/seq  elapsed=  0.2m  eta=  0.4m
[run] meanflow  k=4/10 seq=4/12 (40/120)  t0=2388   rollout=  0.3s  avg= 0.3s/seq  elapsed=  0.2m  eta=  0.4m
[run] meanflow  k=4/10 seq=5/12 (41/120)  t0=3184   rollout=  0.3s  avg= 0.3s/seq  elapsed=  0.2m  eta=  0.4m
[run] meanflow  k=4/10 seq=6/12 (42/120)  t0=3980   rollout=  0.3s  avg= 0.3s/seq  elapsed=  0.2m  eta=  0.4m
[run] meanflow  k=4/10 seq=7/12 (43/120)  t0=4776   rollout=  0.3s  avg= 0.3s/seq  elapsed=  0.2m  eta=  0.4m
[run] meanflow  k=4/10 seq=8/12 (44/120)  t0=5572   rollout=  0.3s  avg= 0.3s/seq  elapsed=  0.2m  eta=  0.4m
[run] meanflow  k=4/10 seq=9/12 (45/120)  t0=6368   rollout=  0.3s  avg= 0.3s/seq  elapsed=  0.2m  eta=  0.4m
[run] meanflow  k=4/10 seq=10/12 (46/120)  t0=7164   rollout=  0.3s  avg= 0.3s/seq  elapsed=  0.2m  eta=  0.4m
[run] meanflow  k=4/10 seq=11/12 (47/120)  t0=7960   rollout=  0.3s  avg= 0.3s/seq  elapsed=  0.2m  eta=  0.4m
[run] meanflow  k=4/10 seq=12/12 (48/120)  t0=8757   rollout=  0.3s  avg= 0.3s/seq  elapsed=  0.2m  eta=  0.4m
[run] meanflow  k=5/10 seq=1/12 (49/120)  t0=0      rollout=  0.3s  avg= 0.3s/seq  elapsed=  0.3m  eta=  0.4m
[run] meanflow  k=5/10 seq=2/12 (50/120)  t0=796    rollout=  0.3s  avg= 0.3s/seq  elapsed=  0.3m  eta=  0.4m
[run] meanflow  k=5/10 seq=3/12 (51/120)  t0=1592   rollout=  0.3s  avg= 0.3s/seq  elapsed=  0.3m  eta=  0.4m
[run] meanflow  k=5/10 seq=4/12 (52/120)  t0=2388   rollout=  0.3s  avg= 0.3s/seq  elapsed=  0.3m  eta=  0.4m
[run] meanflow  k=5/10 seq=5/12 (53/120)  t0=3184   rollout=  0.3s  avg= 0.3s/seq  elapsed=  0.3m  eta=  0.3m
[run] meanflow  k=5/10 seq=6/12 (54/120)  t0=3980   rollout=  0.3s  avg= 0.3s/seq  elapsed=  0.3m  eta=  0.3m
[run] meanflow  k=5/10 seq=7/12 (55/120)  t0=4776   rollout=  0.3s  avg= 0.3s/seq  elapsed=  0.3m  eta=  0.3m
[run] meanflow  k=5/10 seq=8/12 (56/120)  t0=5572   rollout=  0.3s  avg= 0.3s/seq  elapsed=  0.3m  eta=  0.3m
[run] meanflow  k=5/10 seq=9/12 (57/120)  t0=6368   rollout=  0.3s  avg= 0.3s/seq  elapsed=  0.3m  eta=  0.3m
[run] meanflow  k=5/10 seq=10/12 (58/120)  t0=7164   rollout=  0.3s  avg= 0.3s/seq  elapsed=  0.3m  eta=  0.3m
[run] meanflow  k=5/10 seq=11/12 (59/120)  t0=7960   rollout=  0.3s  avg= 0.3s/seq  elapsed=  0.3m  eta=  0.3m
[run] meanflow  k=5/10 seq=12/12 (60/120)  t0=8757   rollout=  0.3s  avg= 0.3s/seq  elapsed=  0.3m  eta=  0.3m
[run] meanflow  k=6/10 seq=1/12 (61/120)  t0=0      rollout=  0.3s  avg= 0.3s/seq  elapsed=  0.3m  eta=  0.3m
[run] meanflow  k=6/10 seq=2/12 (62/120)  t0=796    rollout=  0.3s  avg= 0.3s/seq  elapsed=  0.3m  eta=  0.3m
[run] meanflow  k=6/10 seq=3/12 (63/120)  t0=1592   rollout=  0.3s  avg= 0.3s/seq  elapsed=  0.3m  eta=  0.3m
[run] meanflow  k=6/10 seq=4/12 (64/120)  t0=2388   rollout=  0.3s  avg= 0.3s/seq  elapsed=  0.3m  eta=  0.3m
[run] meanflow  k=6/10 seq=5/12 (65/120)  t0=3184   rollout=  0.3s  avg= 0.3s/seq  elapsed=  0.3m  eta=  0.3m
[run] meanflow  k=6/10 seq=6/12 (66/120)  t0=3980   rollout=  0.3s  avg= 0.3s/seq  elapsed=  0.3m  eta=  0.3m
[run] meanflow  k=6/10 seq=7/12 (67/120)  t0=4776   rollout=  0.3s  avg= 0.3s/seq  elapsed=  0.3m  eta=  0.3m
[run] meanflow  k=6/10 seq=8/12 (68/120)  t0=5572   rollout=  0.3s  avg= 0.3s/seq  elapsed=  0.4m  eta=  0.3m
[run] meanflow  k=6/10 seq=9/12 (69/120)  t0=6368   rollout=  0.3s  avg= 0.3s/seq  elapsed=  0.4m  eta=  0.3m
[run] meanflow  k=6/10 seq=10/12 (70/120)  t0=7164   rollout=  0.3s  avg= 0.3s/seq  elapsed=  0.4m  eta=  0.3m
[run] meanflow  k=6/10 seq=11/12 (71/120)  t0=7960   rollout=  0.3s  avg= 0.3s/seq  elapsed=  0.4m  eta=  0.3m
[run] meanflow  k=6/10 seq=12/12 (72/120)  t0=8757   rollout=  0.3s  avg= 0.3s/seq  elapsed=  0.4m  eta=  0.2m
[run] meanflow  k=7/10 seq=1/12 (73/120)  t0=0      rollout=  0.3s  avg= 0.3s/seq  elapsed=  0.4m  eta=  0.2m
[run] meanflow  k=7/10 seq=2/12 (74/120)  t0=796    rollout=  0.3s  avg= 0.3s/seq  elapsed=  0.4m  eta=  0.2m
[run] meanflow  k=7/10 seq=3/12 (75/120)  t0=1592   rollout=  0.3s  avg= 0.3s/seq  elapsed=  0.4m  eta=  0.2m
[run] meanflow  k=7/10 seq=4/12 (76/120)  t0=2388   rollout=  0.3s  avg= 0.3s/seq  elapsed=  0.4m  eta=  0.2m
[run] meanflow  k=7/10 seq=5/12 (77/120)  t0=3184   rollout=  0.3s  avg= 0.3s/seq  elapsed=  0.4m  eta=  0.2m
[run] meanflow  k=7/10 seq=6/12 (78/120)  t0=3980   rollout=  0.3s  avg= 0.3s/seq  elapsed=  0.4m  eta=  0.2m
[run] meanflow  k=7/10 seq=7/12 (79/120)  t0=4776   rollout=  0.3s  avg= 0.3s/seq  elapsed=  0.4m  eta=  0.2m
[run] meanflow  k=7/10 seq=8/12 (80/120)  t0=5572   rollout=  0.3s  avg= 0.3s/seq  elapsed=  0.4m  eta=  0.2m
[run] meanflow  k=7/10 seq=9/12 (81/120)  t0=6368   rollout=  0.3s  avg= 0.3s/seq  elapsed=  0.4m  eta=  0.2m
[run] meanflow  k=7/10 seq=10/12 (82/120)  t0=7164   rollout=  0.3s  avg= 0.3s/seq  elapsed=  0.4m  eta=  0.2m
[run] meanflow  k=7/10 seq=11/12 (83/120)  t0=7960   rollout=  0.3s  avg= 0.3s/seq  elapsed=  0.4m  eta=  0.2m
[run] meanflow  k=7/10 seq=12/12 (84/120)  t0=8757   rollout=  0.3s  avg= 0.3s/seq  elapsed=  0.4m  eta=  0.2m
[run] meanflow  k=8/10 seq=1/12 (85/120)  t0=0      rollout=  0.3s  avg= 0.3s/seq  elapsed=  0.4m  eta=  0.2m
[run] meanflow  k=8/10 seq=2/12 (86/120)  t0=796    rollout=  0.3s  avg= 0.3s/seq  elapsed=  0.4m  eta=  0.2m
[run] meanflow  k=8/10 seq=3/12 (87/120)  t0=1592   rollout=  0.3s  avg= 0.3s/seq  elapsed=  0.4m  eta=  0.2m
[run] meanflow  k=8/10 seq=4/12 (88/120)  t0=2388   rollout=  0.3s  avg= 0.3s/seq  elapsed=  0.5m  eta=  0.2m
[run] meanflow  k=8/10 seq=5/12 (89/120)  t0=3184   rollout=  0.3s  avg= 0.3s/seq  elapsed=  0.5m  eta=  0.2m
[run] meanflow  k=8/10 seq=6/12 (90/120)  t0=3980   rollout=  0.3s  avg= 0.3s/seq  elapsed=  0.5m  eta=  0.2m
[run] meanflow  k=8/10 seq=7/12 (91/120)  t0=4776   rollout=  0.3s  avg= 0.3s/seq  elapsed=  0.5m  eta=  0.1m
[run] meanflow  k=8/10 seq=8/12 (92/120)  t0=5572   rollout=  0.3s  avg= 0.3s/seq  elapsed=  0.5m  eta=  0.1m
[run] meanflow  k=8/10 seq=9/12 (93/120)  t0=6368   rollout=  0.3s  avg= 0.3s/seq  elapsed=  0.5m  eta=  0.1m
[run] meanflow  k=8/10 seq=10/12 (94/120)  t0=7164   rollout=  0.3s  avg= 0.3s/seq  elapsed=  0.5m  eta=  0.1m
[run] meanflow  k=8/10 seq=11/12 (95/120)  t0=7960   rollout=  0.3s  avg= 0.3s/seq  elapsed=  0.5m  eta=  0.1m
[run] meanflow  k=8/10 seq=12/12 (96/120)  t0=8757   rollout=  0.3s  avg= 0.3s/seq  elapsed=  0.5m  eta=  0.1m
[run] meanflow  k=9/10 seq=1/12 (97/120)  t0=0      rollout=  0.3s  avg= 0.3s/seq  elapsed=  0.5m  eta=  0.1m
[run] meanflow  k=9/10 seq=2/12 (98/120)  t0=796    rollout=  0.3s  avg= 0.3s/seq  elapsed=  0.5m  eta=  0.1m
[run] meanflow  k=9/10 seq=3/12 (99/120)  t0=1592   rollout=  0.3s  avg= 0.3s/seq  elapsed=  0.5m  eta=  0.1m
[run] meanflow  k=9/10 seq=4/12 (100/120)  t0=2388   rollout=  0.3s  avg= 0.3s/seq  elapsed=  0.5m  eta=  0.1m
[run] meanflow  k=9/10 seq=5/12 (101/120)  t0=3184   rollout=  0.3s  avg= 0.3s/seq  elapsed=  0.5m  eta=  0.1m
[run] meanflow  k=9/10 seq=6/12 (102/120)  t0=3980   rollout=  0.3s  avg= 0.3s/seq  elapsed=  0.5m  eta=  0.1m
[run] meanflow  k=9/10 seq=7/12 (103/120)  t0=4776   rollout=  0.3s  avg= 0.3s/seq  elapsed=  0.5m  eta=  0.1m
[run] meanflow  k=9/10 seq=8/12 (104/120)  t0=5572   rollout=  0.3s  avg= 0.3s/seq  elapsed=  0.5m  eta=  0.1m
[run] meanflow  k=9/10 seq=9/12 (105/120)  t0=6368   rollout=  0.3s  avg= 0.3s/seq  elapsed=  0.5m  eta=  0.1m
[run] meanflow  k=9/10 seq=10/12 (106/120)  t0=7164   rollout=  0.3s  avg= 0.3s/seq  elapsed=  0.5m  eta=  0.1m
[run] meanflow  k=9/10 seq=11/12 (107/120)  t0=7960   rollout=  0.3s  avg= 0.3s/seq  elapsed=  0.5m  eta=  0.1m
[run] meanflow  k=9/10 seq=12/12 (108/120)  t0=8757   rollout=  0.3s  avg= 0.3s/seq  elapsed=  0.6m  eta=  0.1m
[run] meanflow  k=10/10 seq=1/12 (109/120)  t0=0      rollout=  0.3s  avg= 0.3s/seq  elapsed=  0.6m  eta=  0.1m
[run] meanflow  k=10/10 seq=2/12 (110/120)  t0=796    rollout=  0.3s  avg= 0.3s/seq  elapsed=  0.6m  eta=  0.1m
[run] meanflow  k=10/10 seq=3/12 (111/120)  t0=1592   rollout=  0.3s  avg= 0.3s/seq  elapsed=  0.6m  eta=  0.0m
[run] meanflow  k=10/10 seq=4/12 (112/120)  t0=2388   rollout=  0.3s  avg= 0.3s/seq  elapsed=  0.6m  eta=  0.0m
[run] meanflow  k=10/10 seq=5/12 (113/120)  t0=3184   rollout=  0.3s  avg= 0.3s/seq  elapsed=  0.6m  eta=  0.0m
[run] meanflow  k=10/10 seq=6/12 (114/120)  t0=3980   rollout=  0.3s  avg= 0.3s/seq  elapsed=  0.6m  eta=  0.0m
[run] meanflow  k=10/10 seq=7/12 (115/120)  t0=4776   rollout=  0.3s  avg= 0.3s/seq  elapsed=  0.6m  eta=  0.0m
[run] meanflow  k=10/10 seq=8/12 (116/120)  t0=5572   rollout=  0.3s  avg= 0.3s/seq  elapsed=  0.6m  eta=  0.0m
[run] meanflow  k=10/10 seq=9/12 (117/120)  t0=6368   rollout=  0.3s  avg= 0.3s/seq  elapsed=  0.6m  eta=  0.0m
[run] meanflow  k=10/10 seq=10/12 (118/120)  t0=7164   rollout=  0.3s  avg= 0.3s/seq  elapsed=  0.6m  eta=  0.0m
[run] meanflow  k=10/10 seq=11/12 (119/120)  t0=7960   rollout=  0.3s  avg= 0.3s/seq  elapsed=  0.6m  eta=  0.0m
[run] meanflow  k=10/10 seq=12/12 (120/120)  t0=8757   rollout=  0.3s  avg= 0.3s/seq  elapsed=  0.6m  eta=  0.0m
[run] meanflow ensemble finished in 0.6m
[2026-06-12 11:48:56] [nfe_sweep] NFE=  5  t/seq= 0.31s  CRPS-qpepre=0.1231  CSI-M=0.2834  RMSE-qpepre=0.5497  NFE-elapsed=0.6m
| method | Time/Seq.(s) | CRPS↓ | CSI-M↑ | CSI-P16↑ | FSS-P16-M↑ | HSS-M↑ | FAR-M↓ | RMSE_u10↓ | RMSE_v10↓ | RMSE_t2m↓ | RMSE_qpepre↓ |
|---|---|---|---|---|---|---|---|---|---|---|---|
| meanflow | 0.312 | 0.2970 | 0.2834 | 0.1270 | 0.2051 | 0.3777 | 0.2078 | 0.8257 | 0.8560 | 0.3910 | 0.5497 |

================================================================
[2026-06-12 11:48:56] NFE = 6   (6/15)
================================================================
[run] meanflow ensemble starting: K=10 x S=12 x T=1 = 120 sequence-rollouts
[run] meanflow  k=1/10 seq=1/12 (1/120)  t0=0      rollout=  0.3s  avg= 0.3s/seq  elapsed=  0.0m  eta=  0.7m
[run] meanflow  k=1/10 seq=2/12 (2/120)  t0=796    rollout=  0.3s  avg= 0.3s/seq  elapsed=  0.0m  eta=  0.7m
[run] meanflow  k=1/10 seq=3/12 (3/120)  t0=1592   rollout=  0.3s  avg= 0.3s/seq  elapsed=  0.0m  eta=  0.7m
[run] meanflow  k=1/10 seq=4/12 (4/120)  t0=2388   rollout=  0.3s  avg= 0.3s/seq  elapsed=  0.0m  eta=  0.7m
[run] meanflow  k=1/10 seq=5/12 (5/120)  t0=3184   rollout=  0.3s  avg= 0.3s/seq  elapsed=  0.0m  eta=  0.7m
[run] meanflow  k=1/10 seq=6/12 (6/120)  t0=3980   rollout=  0.3s  avg= 0.3s/seq  elapsed=  0.0m  eta=  0.7m
[run] meanflow  k=1/10 seq=7/12 (7/120)  t0=4776   rollout=  0.3s  avg= 0.3s/seq  elapsed=  0.0m  eta=  0.6m
[run] meanflow  k=1/10 seq=8/12 (8/120)  t0=5572   rollout=  0.3s  avg= 0.3s/seq  elapsed=  0.0m  eta=  0.6m
[run] meanflow  k=1/10 seq=9/12 (9/120)  t0=6368   rollout=  0.3s  avg= 0.3s/seq  elapsed=  0.1m  eta=  0.6m
[run] meanflow  k=1/10 seq=10/12 (10/120)  t0=7164   rollout=  0.3s  avg= 0.3s/seq  elapsed=  0.1m  eta=  0.6m
[run] meanflow  k=1/10 seq=11/12 (11/120)  t0=7960   rollout=  0.3s  avg= 0.3s/seq  elapsed=  0.1m  eta=  0.6m
[run] meanflow  k=1/10 seq=12/12 (12/120)  t0=8757   rollout=  0.3s  avg= 0.3s/seq  elapsed=  0.1m  eta=  0.6m
[run] meanflow  k=2/10 seq=1/12 (13/120)  t0=0      rollout=  0.3s  avg= 0.3s/seq  elapsed=  0.1m  eta=  0.6m
[run] meanflow  k=2/10 seq=2/12 (14/120)  t0=796    rollout=  0.3s  avg= 0.3s/seq  elapsed=  0.1m  eta=  0.6m
[run] meanflow  k=2/10 seq=3/12 (15/120)  t0=1592   rollout=  0.3s  avg= 0.3s/seq  elapsed=  0.1m  eta=  0.6m
[run] meanflow  k=2/10 seq=4/12 (16/120)  t0=2388   rollout=  0.3s  avg= 0.3s/seq  elapsed=  0.1m  eta=  0.6m
[run] meanflow  k=2/10 seq=5/12 (17/120)  t0=3184   rollout=  0.3s  avg= 0.3s/seq  elapsed=  0.1m  eta=  0.6m
[run] meanflow  k=2/10 seq=6/12 (18/120)  t0=3980   rollout=  0.4s  avg= 0.3s/seq  elapsed=  0.1m  eta=  0.6m
[run] meanflow  k=2/10 seq=7/12 (19/120)  t0=4776   rollout=  0.3s  avg= 0.3s/seq  elapsed=  0.1m  eta=  0.6m
[run] meanflow  k=2/10 seq=8/12 (20/120)  t0=5572   rollout=  0.3s  avg= 0.3s/seq  elapsed=  0.1m  eta=  0.6m
[run] meanflow  k=2/10 seq=9/12 (21/120)  t0=6368   rollout=  0.3s  avg= 0.3s/seq  elapsed=  0.1m  eta=  0.6m
[run] meanflow  k=2/10 seq=10/12 (22/120)  t0=7164   rollout=  0.3s  avg= 0.3s/seq  elapsed=  0.1m  eta=  0.6m
[run] meanflow  k=2/10 seq=11/12 (23/120)  t0=7960   rollout=  0.3s  avg= 0.3s/seq  elapsed=  0.1m  eta=  0.6m
[run] meanflow  k=2/10 seq=12/12 (24/120)  t0=8757   rollout=  0.3s  avg= 0.3s/seq  elapsed=  0.1m  eta=  0.6m
[run] meanflow  k=3/10 seq=1/12 (25/120)  t0=0      rollout=  0.3s  avg= 0.3s/seq  elapsed=  0.1m  eta=  0.5m
[run] meanflow  k=3/10 seq=2/12 (26/120)  t0=796    rollout=  0.3s  avg= 0.3s/seq  elapsed=  0.1m  eta=  0.5m
[run] meanflow  k=3/10 seq=3/12 (27/120)  t0=1592   rollout=  0.3s  avg= 0.3s/seq  elapsed=  0.2m  eta=  0.5m
[run] meanflow  k=3/10 seq=4/12 (28/120)  t0=2388   rollout=  0.3s  avg= 0.3s/seq  elapsed=  0.2m  eta=  0.5m
[run] meanflow  k=3/10 seq=5/12 (29/120)  t0=3184   rollout=  0.3s  avg= 0.3s/seq  elapsed=  0.2m  eta=  0.5m
[run] meanflow  k=3/10 seq=6/12 (30/120)  t0=3980   rollout=  0.3s  avg= 0.3s/seq  elapsed=  0.2m  eta=  0.5m
[run] meanflow  k=3/10 seq=7/12 (31/120)  t0=4776   rollout=  0.3s  avg= 0.3s/seq  elapsed=  0.2m  eta=  0.5m
[run] meanflow  k=3/10 seq=8/12 (32/120)  t0=5572   rollout=  0.3s  avg= 0.3s/seq  elapsed=  0.2m  eta=  0.5m
[run] meanflow  k=3/10 seq=9/12 (33/120)  t0=6368   rollout=  0.3s  avg= 0.3s/seq  elapsed=  0.2m  eta=  0.5m
[run] meanflow  k=3/10 seq=10/12 (34/120)  t0=7164   rollout=  0.3s  avg= 0.3s/seq  elapsed=  0.2m  eta=  0.5m
[run] meanflow  k=3/10 seq=11/12 (35/120)  t0=7960   rollout=  0.3s  avg= 0.3s/seq  elapsed=  0.2m  eta=  0.5m
[run] meanflow  k=3/10 seq=12/12 (36/120)  t0=8757   rollout=  0.3s  avg= 0.3s/seq  elapsed=  0.2m  eta=  0.5m
[run] meanflow  k=4/10 seq=1/12 (37/120)  t0=0      rollout=  0.3s  avg= 0.3s/seq  elapsed=  0.2m  eta=  0.5m
[run] meanflow  k=4/10 seq=2/12 (38/120)  t0=796    rollout=  0.3s  avg= 0.3s/seq  elapsed=  0.2m  eta=  0.5m
[run] meanflow  k=4/10 seq=3/12 (39/120)  t0=1592   rollout=  0.3s  avg= 0.3s/seq  elapsed=  0.2m  eta=  0.5m
[run] meanflow  k=4/10 seq=4/12 (40/120)  t0=2388   rollout=  0.3s  avg= 0.3s/seq  elapsed=  0.2m  eta=  0.5m
[run] meanflow  k=4/10 seq=5/12 (41/120)  t0=3184   rollout=  0.3s  avg= 0.3s/seq  elapsed=  0.2m  eta=  0.5m
[run] meanflow  k=4/10 seq=6/12 (42/120)  t0=3980   rollout=  0.3s  avg= 0.3s/seq  elapsed=  0.2m  eta=  0.4m
[run] meanflow  k=4/10 seq=7/12 (43/120)  t0=4776   rollout=  0.4s  avg= 0.3s/seq  elapsed=  0.2m  eta=  0.4m
[run] meanflow  k=4/10 seq=8/12 (44/120)  t0=5572   rollout=  0.4s  avg= 0.3s/seq  elapsed=  0.3m  eta=  0.4m
[run] meanflow  k=4/10 seq=9/12 (45/120)  t0=6368   rollout=  0.3s  avg= 0.3s/seq  elapsed=  0.3m  eta=  0.4m
[run] meanflow  k=4/10 seq=10/12 (46/120)  t0=7164   rollout=  0.3s  avg= 0.3s/seq  elapsed=  0.3m  eta=  0.4m
[run] meanflow  k=4/10 seq=11/12 (47/120)  t0=7960   rollout=  0.3s  avg= 0.3s/seq  elapsed=  0.3m  eta=  0.4m
[run] meanflow  k=4/10 seq=12/12 (48/120)  t0=8757   rollout=  0.3s  avg= 0.3s/seq  elapsed=  0.3m  eta=  0.4m
[run] meanflow  k=5/10 seq=1/12 (49/120)  t0=0      rollout=  0.4s  avg= 0.3s/seq  elapsed=  0.3m  eta=  0.4m
[run] meanflow  k=5/10 seq=2/12 (50/120)  t0=796    rollout=  0.4s  avg= 0.3s/seq  elapsed=  0.3m  eta=  0.4m
[run] meanflow  k=5/10 seq=3/12 (51/120)  t0=1592   rollout=  0.4s  avg= 0.3s/seq  elapsed=  0.3m  eta=  0.4m
[run] meanflow  k=5/10 seq=4/12 (52/120)  t0=2388   rollout=  0.4s  avg= 0.3s/seq  elapsed=  0.3m  eta=  0.4m
[run] meanflow  k=5/10 seq=5/12 (53/120)  t0=3184   rollout=  0.4s  avg= 0.3s/seq  elapsed=  0.3m  eta=  0.4m
[run] meanflow  k=5/10 seq=6/12 (54/120)  t0=3980   rollout=  0.4s  avg= 0.3s/seq  elapsed=  0.3m  eta=  0.4m
[run] meanflow  k=5/10 seq=7/12 (55/120)  t0=4776   rollout=  0.4s  avg= 0.3s/seq  elapsed=  0.3m  eta=  0.4m
[run] meanflow  k=5/10 seq=8/12 (56/120)  t0=5572   rollout=  0.4s  avg= 0.3s/seq  elapsed=  0.3m  eta=  0.4m
[run] meanflow  k=5/10 seq=9/12 (57/120)  t0=6368   rollout=  0.4s  avg= 0.3s/seq  elapsed=  0.3m  eta=  0.4m
[run] meanflow  k=5/10 seq=10/12 (58/120)  t0=7164   rollout=  0.4s  avg= 0.3s/seq  elapsed=  0.3m  eta=  0.4m
[run] meanflow  k=5/10 seq=11/12 (59/120)  t0=7960   rollout=  0.3s  avg= 0.3s/seq  elapsed=  0.3m  eta=  0.4m
[run] meanflow  k=5/10 seq=12/12 (60/120)  t0=8757   rollout=  0.4s  avg= 0.3s/seq  elapsed=  0.3m  eta=  0.3m
[run] meanflow  k=6/10 seq=1/12 (61/120)  t0=0      rollout=  0.4s  avg= 0.3s/seq  elapsed=  0.4m  eta=  0.3m
[run] meanflow  k=6/10 seq=2/12 (62/120)  t0=796    rollout=  0.3s  avg= 0.3s/seq  elapsed=  0.4m  eta=  0.3m
[run] meanflow  k=6/10 seq=3/12 (63/120)  t0=1592   rollout=  0.3s  avg= 0.3s/seq  elapsed=  0.4m  eta=  0.3m
[run] meanflow  k=6/10 seq=4/12 (64/120)  t0=2388   rollout=  0.3s  avg= 0.3s/seq  elapsed=  0.4m  eta=  0.3m
[run] meanflow  k=6/10 seq=5/12 (65/120)  t0=3184   rollout=  0.3s  avg= 0.3s/seq  elapsed=  0.4m  eta=  0.3m
[run] meanflow  k=6/10 seq=6/12 (66/120)  t0=3980   rollout=  0.3s  avg= 0.3s/seq  elapsed=  0.4m  eta=  0.3m
[run] meanflow  k=6/10 seq=7/12 (67/120)  t0=4776   rollout=  0.4s  avg= 0.3s/seq  elapsed=  0.4m  eta=  0.3m
[run] meanflow  k=6/10 seq=8/12 (68/120)  t0=5572   rollout=  0.3s  avg= 0.3s/seq  elapsed=  0.4m  eta=  0.3m
[run] meanflow  k=6/10 seq=9/12 (69/120)  t0=6368   rollout=  0.3s  avg= 0.3s/seq  elapsed=  0.4m  eta=  0.3m
[run] meanflow  k=6/10 seq=10/12 (70/120)  t0=7164   rollout=  0.3s  avg= 0.3s/seq  elapsed=  0.4m  eta=  0.3m
[run] meanflow  k=6/10 seq=11/12 (71/120)  t0=7960   rollout=  0.3s  avg= 0.3s/seq  elapsed=  0.4m  eta=  0.3m
[run] meanflow  k=6/10 seq=12/12 (72/120)  t0=8757   rollout=  0.3s  avg= 0.3s/seq  elapsed=  0.4m  eta=  0.3m
[run] meanflow  k=7/10 seq=1/12 (73/120)  t0=0      rollout=  0.4s  avg= 0.3s/seq  elapsed=  0.4m  eta=  0.3m
[run] meanflow  k=7/10 seq=2/12 (74/120)  t0=796    rollout=  0.3s  avg= 0.3s/seq  elapsed=  0.4m  eta=  0.3m
[run] meanflow  k=7/10 seq=3/12 (75/120)  t0=1592   rollout=  0.3s  avg= 0.3s/seq  elapsed=  0.4m  eta=  0.3m
[run] meanflow  k=7/10 seq=4/12 (76/120)  t0=2388   rollout=  0.4s  avg= 0.3s/seq  elapsed=  0.4m  eta=  0.3m
[run] meanflow  k=7/10 seq=5/12 (77/120)  t0=3184   rollout=  0.3s  avg= 0.3s/seq  elapsed=  0.4m  eta=  0.2m
[run] meanflow  k=7/10 seq=6/12 (78/120)  t0=3980   rollout=  0.3s  avg= 0.3s/seq  elapsed=  0.5m  eta=  0.2m
[run] meanflow  k=7/10 seq=7/12 (79/120)  t0=4776   rollout=  0.3s  avg= 0.3s/seq  elapsed=  0.5m  eta=  0.2m
[run] meanflow  k=7/10 seq=8/12 (80/120)  t0=5572   rollout=  0.3s  avg= 0.3s/seq  elapsed=  0.5m  eta=  0.2m
[run] meanflow  k=7/10 seq=9/12 (81/120)  t0=6368   rollout=  0.3s  avg= 0.3s/seq  elapsed=  0.5m  eta=  0.2m
[run] meanflow  k=7/10 seq=10/12 (82/120)  t0=7164   rollout=  0.3s  avg= 0.3s/seq  elapsed=  0.5m  eta=  0.2m
[run] meanflow  k=7/10 seq=11/12 (83/120)  t0=7960   rollout=  0.4s  avg= 0.3s/seq  elapsed=  0.5m  eta=  0.2m
[run] meanflow  k=7/10 seq=12/12 (84/120)  t0=8757   rollout=  0.3s  avg= 0.3s/seq  elapsed=  0.5m  eta=  0.2m
[run] meanflow  k=8/10 seq=1/12 (85/120)  t0=0      rollout=  0.4s  avg= 0.3s/seq  elapsed=  0.5m  eta=  0.2m
[run] meanflow  k=8/10 seq=2/12 (86/120)  t0=796    rollout=  0.3s  avg= 0.3s/seq  elapsed=  0.5m  eta=  0.2m
[run] meanflow  k=8/10 seq=3/12 (87/120)  t0=1592   rollout=  0.3s  avg= 0.3s/seq  elapsed=  0.5m  eta=  0.2m
[run] meanflow  k=8/10 seq=4/12 (88/120)  t0=2388   rollout=  0.3s  avg= 0.3s/seq  elapsed=  0.5m  eta=  0.2m
[run] meanflow  k=8/10 seq=5/12 (89/120)  t0=3184   rollout=  0.3s  avg= 0.3s/seq  elapsed=  0.5m  eta=  0.2m
[run] meanflow  k=8/10 seq=6/12 (90/120)  t0=3980   rollout=  0.3s  avg= 0.3s/seq  elapsed=  0.5m  eta=  0.2m
[run] meanflow  k=8/10 seq=7/12 (91/120)  t0=4776   rollout=  0.3s  avg= 0.3s/seq  elapsed=  0.5m  eta=  0.2m
[run] meanflow  k=8/10 seq=8/12 (92/120)  t0=5572   rollout=  0.3s  avg= 0.3s/seq  elapsed=  0.5m  eta=  0.2m
[run] meanflow  k=8/10 seq=9/12 (93/120)  t0=6368   rollout=  0.3s  avg= 0.3s/seq  elapsed=  0.5m  eta=  0.2m
[run] meanflow  k=8/10 seq=10/12 (94/120)  t0=7164   rollout=  0.4s  avg= 0.3s/seq  elapsed=  0.5m  eta=  0.2m
[run] meanflow  k=8/10 seq=11/12 (95/120)  t0=7960   rollout=  0.3s  avg= 0.3s/seq  elapsed=  0.6m  eta=  0.1m
[run] meanflow  k=8/10 seq=12/12 (96/120)  t0=8757   rollout=  0.3s  avg= 0.3s/seq  elapsed=  0.6m  eta=  0.1m
[run] meanflow  k=9/10 seq=1/12 (97/120)  t0=0      rollout=  0.3s  avg= 0.3s/seq  elapsed=  0.6m  eta=  0.1m
[run] meanflow  k=9/10 seq=2/12 (98/120)  t0=796    rollout=  0.3s  avg= 0.3s/seq  elapsed=  0.6m  eta=  0.1m
[run] meanflow  k=9/10 seq=3/12 (99/120)  t0=1592   rollout=  0.4s  avg= 0.3s/seq  elapsed=  0.6m  eta=  0.1m
[run] meanflow  k=9/10 seq=4/12 (100/120)  t0=2388   rollout=  0.4s  avg= 0.3s/seq  elapsed=  0.6m  eta=  0.1m
[run] meanflow  k=9/10 seq=5/12 (101/120)  t0=3184   rollout=  0.4s  avg= 0.3s/seq  elapsed=  0.6m  eta=  0.1m
[run] meanflow  k=9/10 seq=6/12 (102/120)  t0=3980   rollout=  0.4s  avg= 0.3s/seq  elapsed=  0.6m  eta=  0.1m
[run] meanflow  k=9/10 seq=7/12 (103/120)  t0=4776   rollout=  0.4s  avg= 0.3s/seq  elapsed=  0.6m  eta=  0.1m
[run] meanflow  k=9/10 seq=8/12 (104/120)  t0=5572   rollout=  0.4s  avg= 0.3s/seq  elapsed=  0.6m  eta=  0.1m
[run] meanflow  k=9/10 seq=9/12 (105/120)  t0=6368   rollout=  0.4s  avg= 0.3s/seq  elapsed=  0.6m  eta=  0.1m
[run] meanflow  k=9/10 seq=10/12 (106/120)  t0=7164   rollout=  0.4s  avg= 0.3s/seq  elapsed=  0.6m  eta=  0.1m
[run] meanflow  k=9/10 seq=11/12 (107/120)  t0=7960   rollout=  0.3s  avg= 0.3s/seq  elapsed=  0.6m  eta=  0.1m
[run] meanflow  k=9/10 seq=12/12 (108/120)  t0=8757   rollout=  0.4s  avg= 0.3s/seq  elapsed=  0.6m  eta=  0.1m
[run] meanflow  k=10/10 seq=1/12 (109/120)  t0=0      rollout=  0.3s  avg= 0.3s/seq  elapsed=  0.6m  eta=  0.1m
[run] meanflow  k=10/10 seq=2/12 (110/120)  t0=796    rollout=  0.3s  avg= 0.3s/seq  elapsed=  0.6m  eta=  0.1m
[run] meanflow  k=10/10 seq=3/12 (111/120)  t0=1592   rollout=  0.3s  avg= 0.3s/seq  elapsed=  0.6m  eta=  0.1m
[run] meanflow  k=10/10 seq=4/12 (112/120)  t0=2388   rollout=  0.3s  avg= 0.3s/seq  elapsed=  0.7m  eta=  0.0m
[run] meanflow  k=10/10 seq=5/12 (113/120)  t0=3184   rollout=  0.3s  avg= 0.3s/seq  elapsed=  0.7m  eta=  0.0m
[run] meanflow  k=10/10 seq=6/12 (114/120)  t0=3980   rollout=  0.4s  avg= 0.3s/seq  elapsed=  0.7m  eta=  0.0m
[run] meanflow  k=10/10 seq=7/12 (115/120)  t0=4776   rollout=  0.3s  avg= 0.3s/seq  elapsed=  0.7m  eta=  0.0m
[run] meanflow  k=10/10 seq=8/12 (116/120)  t0=5572   rollout=  0.3s  avg= 0.3s/seq  elapsed=  0.7m  eta=  0.0m
[run] meanflow  k=10/10 seq=9/12 (117/120)  t0=6368   rollout=  0.3s  avg= 0.3s/seq  elapsed=  0.7m  eta=  0.0m
[run] meanflow  k=10/10 seq=10/12 (118/120)  t0=7164   rollout=  0.3s  avg= 0.3s/seq  elapsed=  0.7m  eta=  0.0m
[run] meanflow  k=10/10 seq=11/12 (119/120)  t0=7960   rollout=  0.3s  avg= 0.3s/seq  elapsed=  0.7m  eta=  0.0m
[run] meanflow  k=10/10 seq=12/12 (120/120)  t0=8757   rollout=  0.3s  avg= 0.3s/seq  elapsed=  0.7m  eta=  0.0m
[run] meanflow ensemble finished in 0.7m
[2026-06-12 11:49:38] [nfe_sweep] NFE=  6  t/seq= 0.34s  CRPS-qpepre=0.1201  CSI-M=0.2802  RMSE-qpepre=0.5507  NFE-elapsed=0.7m
| method | Time/Seq.(s) | CRPS↓ | CSI-M↑ | CSI-P16↑ | FSS-P16-M↑ | HSS-M↑ | FAR-M↓ | RMSE_u10↓ | RMSE_v10↓ | RMSE_t2m↓ | RMSE_qpepre↓ |
|---|---|---|---|---|---|---|---|---|---|---|---|
| meanflow | 0.343 | 0.2905 | 0.2802 | 0.1111 | 0.1847 | 0.3732 | 0.2481 | 0.8355 | 0.8405 | 0.4002 | 0.5507 |

================================================================
[2026-06-12 11:49:38] NFE = 8   (7/15)
================================================================
[run] meanflow ensemble starting: K=10 x S=12 x T=1 = 120 sequence-rollouts
[run] meanflow  k=1/10 seq=1/12 (1/120)  t0=0      rollout=  0.5s  avg= 0.5s/seq  elapsed=  0.0m  eta=  0.9m
[run] meanflow  k=1/10 seq=2/12 (2/120)  t0=796    rollout=  0.4s  avg= 0.4s/seq  elapsed=  0.0m  eta=  0.9m
[run] meanflow  k=1/10 seq=3/12 (3/120)  t0=1592   rollout=  0.4s  avg= 0.4s/seq  elapsed=  0.0m  eta=  0.8m
[run] meanflow  k=1/10 seq=4/12 (4/120)  t0=2388   rollout=  0.4s  avg= 0.4s/seq  elapsed=  0.0m  eta=  0.8m
[run] meanflow  k=1/10 seq=5/12 (5/120)  t0=3184   rollout=  0.4s  avg= 0.4s/seq  elapsed=  0.0m  eta=  0.8m
[run] meanflow  k=1/10 seq=6/12 (6/120)  t0=3980   rollout=  0.4s  avg= 0.4s/seq  elapsed=  0.0m  eta=  0.8m
[run] meanflow  k=1/10 seq=7/12 (7/120)  t0=4776   rollout=  0.4s  avg= 0.4s/seq  elapsed=  0.0m  eta=  0.8m
[run] meanflow  k=1/10 seq=8/12 (8/120)  t0=5572   rollout=  0.4s  avg= 0.4s/seq  elapsed=  0.1m  eta=  0.8m
[run] meanflow  k=1/10 seq=9/12 (9/120)  t0=6368   rollout=  0.4s  avg= 0.4s/seq  elapsed=  0.1m  eta=  0.8m
[run] meanflow  k=1/10 seq=10/12 (10/120)  t0=7164   rollout=  0.4s  avg= 0.4s/seq  elapsed=  0.1m  eta=  0.8m
[run] meanflow  k=1/10 seq=11/12 (11/120)  t0=7960   rollout=  0.4s  avg= 0.4s/seq  elapsed=  0.1m  eta=  0.8m
[run] meanflow  k=1/10 seq=12/12 (12/120)  t0=8757   rollout=  0.4s  avg= 0.4s/seq  elapsed=  0.1m  eta=  0.8m
[run] meanflow  k=2/10 seq=1/12 (13/120)  t0=0      rollout=  0.4s  avg= 0.4s/seq  elapsed=  0.1m  eta=  0.8m
[run] meanflow  k=2/10 seq=2/12 (14/120)  t0=796    rollout=  0.4s  avg= 0.4s/seq  elapsed=  0.1m  eta=  0.7m
[run] meanflow  k=2/10 seq=3/12 (15/120)  t0=1592   rollout=  0.4s  avg= 0.4s/seq  elapsed=  0.1m  eta=  0.7m
[run] meanflow  k=2/10 seq=4/12 (16/120)  t0=2388   rollout=  0.4s  avg= 0.4s/seq  elapsed=  0.1m  eta=  0.7m
[run] meanflow  k=2/10 seq=5/12 (17/120)  t0=3184   rollout=  0.4s  avg= 0.4s/seq  elapsed=  0.1m  eta=  0.7m
[run] meanflow  k=2/10 seq=6/12 (18/120)  t0=3980   rollout=  0.4s  avg= 0.4s/seq  elapsed=  0.1m  eta=  0.7m
[run] meanflow  k=2/10 seq=7/12 (19/120)  t0=4776   rollout=  0.4s  avg= 0.4s/seq  elapsed=  0.1m  eta=  0.7m
[run] meanflow  k=2/10 seq=8/12 (20/120)  t0=5572   rollout=  0.4s  avg= 0.4s/seq  elapsed=  0.1m  eta=  0.7m
[run] meanflow  k=2/10 seq=9/12 (21/120)  t0=6368   rollout=  0.4s  avg= 0.4s/seq  elapsed=  0.1m  eta=  0.7m
[run] meanflow  k=2/10 seq=10/12 (22/120)  t0=7164   rollout=  0.4s  avg= 0.4s/seq  elapsed=  0.2m  eta=  0.7m
[run] meanflow  k=2/10 seq=11/12 (23/120)  t0=7960   rollout=  0.4s  avg= 0.4s/seq  elapsed=  0.2m  eta=  0.7m
[run] meanflow  k=2/10 seq=12/12 (24/120)  t0=8757   rollout=  0.4s  avg= 0.4s/seq  elapsed=  0.2m  eta=  0.7m
[run] meanflow  k=3/10 seq=1/12 (25/120)  t0=0      rollout=  0.4s  avg= 0.4s/seq  elapsed=  0.2m  eta=  0.7m
[run] meanflow  k=3/10 seq=2/12 (26/120)  t0=796    rollout=  0.4s  avg= 0.4s/seq  elapsed=  0.2m  eta=  0.7m
[run] meanflow  k=3/10 seq=3/12 (27/120)  t0=1592   rollout=  0.4s  avg= 0.4s/seq  elapsed=  0.2m  eta=  0.7m
[run] meanflow  k=3/10 seq=4/12 (28/120)  t0=2388   rollout=  0.4s  avg= 0.4s/seq  elapsed=  0.2m  eta=  0.6m
[run] meanflow  k=3/10 seq=5/12 (29/120)  t0=3184   rollout=  0.4s  avg= 0.4s/seq  elapsed=  0.2m  eta=  0.6m
[run] meanflow  k=3/10 seq=6/12 (30/120)  t0=3980   rollout=  0.4s  avg= 0.4s/seq  elapsed=  0.2m  eta=  0.6m
[run] meanflow  k=3/10 seq=7/12 (31/120)  t0=4776   rollout=  0.4s  avg= 0.4s/seq  elapsed=  0.2m  eta=  0.6m
[run] meanflow  k=3/10 seq=8/12 (32/120)  t0=5572   rollout=  0.4s  avg= 0.4s/seq  elapsed=  0.2m  eta=  0.6m
[run] meanflow  k=3/10 seq=9/12 (33/120)  t0=6368   rollout=  0.4s  avg= 0.4s/seq  elapsed=  0.2m  eta=  0.6m
[run] meanflow  k=3/10 seq=10/12 (34/120)  t0=7164   rollout=  0.4s  avg= 0.4s/seq  elapsed=  0.2m  eta=  0.6m
[run] meanflow  k=3/10 seq=11/12 (35/120)  t0=7960   rollout=  0.4s  avg= 0.4s/seq  elapsed=  0.2m  eta=  0.6m
[run] meanflow  k=3/10 seq=12/12 (36/120)  t0=8757   rollout=  0.4s  avg= 0.4s/seq  elapsed=  0.3m  eta=  0.6m
[run] meanflow  k=4/10 seq=1/12 (37/120)  t0=0      rollout=  0.4s  avg= 0.4s/seq  elapsed=  0.3m  eta=  0.6m
[run] meanflow  k=4/10 seq=2/12 (38/120)  t0=796    rollout=  0.4s  avg= 0.4s/seq  elapsed=  0.3m  eta=  0.6m
[run] meanflow  k=4/10 seq=3/12 (39/120)  t0=1592   rollout=  0.4s  avg= 0.4s/seq  elapsed=  0.3m  eta=  0.6m
[run] meanflow  k=4/10 seq=4/12 (40/120)  t0=2388   rollout=  0.4s  avg= 0.4s/seq  elapsed=  0.3m  eta=  0.6m
[run] meanflow  k=4/10 seq=5/12 (41/120)  t0=3184   rollout=  0.4s  avg= 0.4s/seq  elapsed=  0.3m  eta=  0.6m
[run] meanflow  k=4/10 seq=6/12 (42/120)  t0=3980   rollout=  0.4s  avg= 0.4s/seq  elapsed=  0.3m  eta=  0.5m
[run] meanflow  k=4/10 seq=7/12 (43/120)  t0=4776   rollout=  0.4s  avg= 0.4s/seq  elapsed=  0.3m  eta=  0.5m
[run] meanflow  k=4/10 seq=8/12 (44/120)  t0=5572   rollout=  0.4s  avg= 0.4s/seq  elapsed=  0.3m  eta=  0.5m
[run] meanflow  k=4/10 seq=9/12 (45/120)  t0=6368   rollout=  0.4s  avg= 0.4s/seq  elapsed=  0.3m  eta=  0.5m
[run] meanflow  k=4/10 seq=10/12 (46/120)  t0=7164   rollout=  0.4s  avg= 0.4s/seq  elapsed=  0.3m  eta=  0.5m
[run] meanflow  k=4/10 seq=11/12 (47/120)  t0=7960   rollout=  0.4s  avg= 0.4s/seq  elapsed=  0.3m  eta=  0.5m
[run] meanflow  k=4/10 seq=12/12 (48/120)  t0=8757   rollout=  0.4s  avg= 0.4s/seq  elapsed=  0.3m  eta=  0.5m
[run] meanflow  k=5/10 seq=1/12 (49/120)  t0=0      rollout=  0.4s  avg= 0.4s/seq  elapsed=  0.3m  eta=  0.5m
[run] meanflow  k=5/10 seq=2/12 (50/120)  t0=796    rollout=  0.4s  avg= 0.4s/seq  elapsed=  0.4m  eta=  0.5m
[run] meanflow  k=5/10 seq=3/12 (51/120)  t0=1592   rollout=  0.4s  avg= 0.4s/seq  elapsed=  0.4m  eta=  0.5m
[run] meanflow  k=5/10 seq=4/12 (52/120)  t0=2388   rollout=  0.4s  avg= 0.4s/seq  elapsed=  0.4m  eta=  0.5m
[run] meanflow  k=5/10 seq=5/12 (53/120)  t0=3184   rollout=  0.4s  avg= 0.4s/seq  elapsed=  0.4m  eta=  0.5m
[run] meanflow  k=5/10 seq=6/12 (54/120)  t0=3980   rollout=  0.4s  avg= 0.4s/seq  elapsed=  0.4m  eta=  0.5m
[run] meanflow  k=5/10 seq=7/12 (55/120)  t0=4776   rollout=  0.4s  avg= 0.4s/seq  elapsed=  0.4m  eta=  0.5m
[run] meanflow  k=5/10 seq=8/12 (56/120)  t0=5572   rollout=  0.4s  avg= 0.4s/seq  elapsed=  0.4m  eta=  0.4m
[run] meanflow  k=5/10 seq=9/12 (57/120)  t0=6368   rollout=  0.4s  avg= 0.4s/seq  elapsed=  0.4m  eta=  0.4m
[run] meanflow  k=5/10 seq=10/12 (58/120)  t0=7164   rollout=  0.4s  avg= 0.4s/seq  elapsed=  0.4m  eta=  0.4m
[run] meanflow  k=5/10 seq=11/12 (59/120)  t0=7960   rollout=  0.4s  avg= 0.4s/seq  elapsed=  0.4m  eta=  0.4m
[run] meanflow  k=5/10 seq=12/12 (60/120)  t0=8757   rollout=  0.4s  avg= 0.4s/seq  elapsed=  0.4m  eta=  0.4m
[run] meanflow  k=6/10 seq=1/12 (61/120)  t0=0      rollout=  0.4s  avg= 0.4s/seq  elapsed=  0.4m  eta=  0.4m
[run] meanflow  k=6/10 seq=2/12 (62/120)  t0=796    rollout=  0.4s  avg= 0.4s/seq  elapsed=  0.4m  eta=  0.4m
[run] meanflow  k=6/10 seq=3/12 (63/120)  t0=1592   rollout=  0.4s  avg= 0.4s/seq  elapsed=  0.4m  eta=  0.4m
[run] meanflow  k=6/10 seq=4/12 (64/120)  t0=2388   rollout=  0.4s  avg= 0.4s/seq  elapsed=  0.4m  eta=  0.4m
[run] meanflow  k=6/10 seq=5/12 (65/120)  t0=3184   rollout=  0.4s  avg= 0.4s/seq  elapsed=  0.5m  eta=  0.4m
[run] meanflow  k=6/10 seq=6/12 (66/120)  t0=3980   rollout=  0.4s  avg= 0.4s/seq  elapsed=  0.5m  eta=  0.4m
[run] meanflow  k=6/10 seq=7/12 (67/120)  t0=4776   rollout=  0.4s  avg= 0.4s/seq  elapsed=  0.5m  eta=  0.4m
[run] meanflow  k=6/10 seq=8/12 (68/120)  t0=5572   rollout=  0.4s  avg= 0.4s/seq  elapsed=  0.5m  eta=  0.4m
[run] meanflow  k=6/10 seq=9/12 (69/120)  t0=6368   rollout=  0.4s  avg= 0.4s/seq  elapsed=  0.5m  eta=  0.4m
[run] meanflow  k=6/10 seq=10/12 (70/120)  t0=7164   rollout=  0.4s  avg= 0.4s/seq  elapsed=  0.5m  eta=  0.4m
[run] meanflow  k=6/10 seq=11/12 (71/120)  t0=7960   rollout=  0.4s  avg= 0.4s/seq  elapsed=  0.5m  eta=  0.3m
[run] meanflow  k=6/10 seq=12/12 (72/120)  t0=8757   rollout=  0.4s  avg= 0.4s/seq  elapsed=  0.5m  eta=  0.3m
[run] meanflow  k=7/10 seq=1/12 (73/120)  t0=0      rollout=  0.4s  avg= 0.4s/seq  elapsed=  0.5m  eta=  0.3m
[run] meanflow  k=7/10 seq=2/12 (74/120)  t0=796    rollout=  0.4s  avg= 0.4s/seq  elapsed=  0.5m  eta=  0.3m
[run] meanflow  k=7/10 seq=3/12 (75/120)  t0=1592   rollout=  0.4s  avg= 0.4s/seq  elapsed=  0.5m  eta=  0.3m
[run] meanflow  k=7/10 seq=4/12 (76/120)  t0=2388   rollout=  0.4s  avg= 0.4s/seq  elapsed=  0.5m  eta=  0.3m
[run] meanflow  k=7/10 seq=5/12 (77/120)  t0=3184   rollout=  0.4s  avg= 0.4s/seq  elapsed=  0.5m  eta=  0.3m
[run] meanflow  k=7/10 seq=6/12 (78/120)  t0=3980   rollout=  0.4s  avg= 0.4s/seq  elapsed=  0.5m  eta=  0.3m
[run] meanflow  k=7/10 seq=7/12 (79/120)  t0=4776   rollout=  0.4s  avg= 0.4s/seq  elapsed=  0.6m  eta=  0.3m
[run] meanflow  k=7/10 seq=8/12 (80/120)  t0=5572   rollout=  0.4s  avg= 0.4s/seq  elapsed=  0.6m  eta=  0.3m
[run] meanflow  k=7/10 seq=9/12 (81/120)  t0=6368   rollout=  0.4s  avg= 0.4s/seq  elapsed=  0.6m  eta=  0.3m
[run] meanflow  k=7/10 seq=10/12 (82/120)  t0=7164   rollout=  0.4s  avg= 0.4s/seq  elapsed=  0.6m  eta=  0.3m
[run] meanflow  k=7/10 seq=11/12 (83/120)  t0=7960   rollout=  0.4s  avg= 0.4s/seq  elapsed=  0.6m  eta=  0.3m
[run] meanflow  k=7/10 seq=12/12 (84/120)  t0=8757   rollout=  0.4s  avg= 0.4s/seq  elapsed=  0.6m  eta=  0.3m
[run] meanflow  k=8/10 seq=1/12 (85/120)  t0=0      rollout=  0.4s  avg= 0.4s/seq  elapsed=  0.6m  eta=  0.2m
[run] meanflow  k=8/10 seq=2/12 (86/120)  t0=796    rollout=  0.4s  avg= 0.4s/seq  elapsed=  0.6m  eta=  0.2m
[run] meanflow  k=8/10 seq=3/12 (87/120)  t0=1592   rollout=  0.4s  avg= 0.4s/seq  elapsed=  0.6m  eta=  0.2m
[run] meanflow  k=8/10 seq=4/12 (88/120)  t0=2388   rollout=  0.4s  avg= 0.4s/seq  elapsed=  0.6m  eta=  0.2m
[run] meanflow  k=8/10 seq=5/12 (89/120)  t0=3184   rollout=  0.4s  avg= 0.4s/seq  elapsed=  0.6m  eta=  0.2m
[run] meanflow  k=8/10 seq=6/12 (90/120)  t0=3980   rollout=  0.4s  avg= 0.4s/seq  elapsed=  0.6m  eta=  0.2m
[run] meanflow  k=8/10 seq=7/12 (91/120)  t0=4776   rollout=  0.4s  avg= 0.4s/seq  elapsed=  0.6m  eta=  0.2m
[run] meanflow  k=8/10 seq=8/12 (92/120)  t0=5572   rollout=  0.4s  avg= 0.4s/seq  elapsed=  0.6m  eta=  0.2m
[run] meanflow  k=8/10 seq=9/12 (93/120)  t0=6368   rollout=  0.4s  avg= 0.4s/seq  elapsed=  0.7m  eta=  0.2m
[run] meanflow  k=8/10 seq=10/12 (94/120)  t0=7164   rollout=  0.4s  avg= 0.4s/seq  elapsed=  0.7m  eta=  0.2m
[run] meanflow  k=8/10 seq=11/12 (95/120)  t0=7960   rollout=  0.4s  avg= 0.4s/seq  elapsed=  0.7m  eta=  0.2m
[run] meanflow  k=8/10 seq=12/12 (96/120)  t0=8757   rollout=  0.4s  avg= 0.4s/seq  elapsed=  0.7m  eta=  0.2m
[run] meanflow  k=9/10 seq=1/12 (97/120)  t0=0      rollout=  0.4s  avg= 0.4s/seq  elapsed=  0.7m  eta=  0.2m
[run] meanflow  k=9/10 seq=2/12 (98/120)  t0=796    rollout=  0.4s  avg= 0.4s/seq  elapsed=  0.7m  eta=  0.2m
[run] meanflow  k=9/10 seq=3/12 (99/120)  t0=1592   rollout=  0.4s  avg= 0.4s/seq  elapsed=  0.7m  eta=  0.1m
[run] meanflow  k=9/10 seq=4/12 (100/120)  t0=2388   rollout=  0.4s  avg= 0.4s/seq  elapsed=  0.7m  eta=  0.1m
[run] meanflow  k=9/10 seq=5/12 (101/120)  t0=3184   rollout=  0.4s  avg= 0.4s/seq  elapsed=  0.7m  eta=  0.1m
[run] meanflow  k=9/10 seq=6/12 (102/120)  t0=3980   rollout=  0.4s  avg= 0.4s/seq  elapsed=  0.7m  eta=  0.1m
[run] meanflow  k=9/10 seq=7/12 (103/120)  t0=4776   rollout=  0.4s  avg= 0.4s/seq  elapsed=  0.7m  eta=  0.1m
[run] meanflow  k=9/10 seq=8/12 (104/120)  t0=5572   rollout=  0.4s  avg= 0.4s/seq  elapsed=  0.7m  eta=  0.1m
[run] meanflow  k=9/10 seq=9/12 (105/120)  t0=6368   rollout=  0.4s  avg= 0.4s/seq  elapsed=  0.7m  eta=  0.1m
[run] meanflow  k=9/10 seq=10/12 (106/120)  t0=7164   rollout=  0.4s  avg= 0.4s/seq  elapsed=  0.7m  eta=  0.1m
[run] meanflow  k=9/10 seq=11/12 (107/120)  t0=7960   rollout=  0.4s  avg= 0.4s/seq  elapsed=  0.8m  eta=  0.1m
[run] meanflow  k=9/10 seq=12/12 (108/120)  t0=8757   rollout=  0.4s  avg= 0.4s/seq  elapsed=  0.8m  eta=  0.1m
[run] meanflow  k=10/10 seq=1/12 (109/120)  t0=0      rollout=  0.4s  avg= 0.4s/seq  elapsed=  0.8m  eta=  0.1m
[run] meanflow  k=10/10 seq=2/12 (110/120)  t0=796    rollout=  0.4s  avg= 0.4s/seq  elapsed=  0.8m  eta=  0.1m
[run] meanflow  k=10/10 seq=3/12 (111/120)  t0=1592   rollout=  0.4s  avg= 0.4s/seq  elapsed=  0.8m  eta=  0.1m
[run] meanflow  k=10/10 seq=4/12 (112/120)  t0=2388   rollout=  0.4s  avg= 0.4s/seq  elapsed=  0.8m  eta=  0.1m
[run] meanflow  k=10/10 seq=5/12 (113/120)  t0=3184   rollout=  0.5s  avg= 0.4s/seq  elapsed=  0.8m  eta=  0.0m
[run] meanflow  k=10/10 seq=6/12 (114/120)  t0=3980   rollout=  0.4s  avg= 0.4s/seq  elapsed=  0.8m  eta=  0.0m
[run] meanflow  k=10/10 seq=7/12 (115/120)  t0=4776   rollout=  0.4s  avg= 0.4s/seq  elapsed=  0.8m  eta=  0.0m
[run] meanflow  k=10/10 seq=8/12 (116/120)  t0=5572   rollout=  0.4s  avg= 0.4s/seq  elapsed=  0.8m  eta=  0.0m
[run] meanflow  k=10/10 seq=9/12 (117/120)  t0=6368   rollout=  0.4s  avg= 0.4s/seq  elapsed=  0.8m  eta=  0.0m
[run] meanflow  k=10/10 seq=10/12 (118/120)  t0=7164   rollout=  0.4s  avg= 0.4s/seq  elapsed=  0.8m  eta=  0.0m
[run] meanflow  k=10/10 seq=11/12 (119/120)  t0=7960   rollout=  0.4s  avg= 0.4s/seq  elapsed=  0.8m  eta=  0.0m
[run] meanflow  k=10/10 seq=12/12 (120/120)  t0=8757   rollout=  0.5s  avg= 0.4s/seq  elapsed=  0.8m  eta=  0.0m
[run] meanflow ensemble finished in 0.8m
[2026-06-12 11:50:29] [nfe_sweep] NFE=  8  t/seq= 0.42s  CRPS-qpepre=0.1203  CSI-M=0.2759  RMSE-qpepre=0.5507  NFE-elapsed=0.8m
| method | Time/Seq.(s) | CRPS↓ | CSI-M↑ | CSI-P16↑ | FSS-P16-M↑ | HSS-M↑ | FAR-M↓ | RMSE_u10↓ | RMSE_v10↓ | RMSE_t2m↓ | RMSE_qpepre↓ |
|---|---|---|---|---|---|---|---|---|---|---|---|
| meanflow | 0.423 | 0.2880 | 0.2759 | 0.0952 | 0.1550 | 0.3666 | 0.2315 | 0.8281 | 0.8425 | 0.3876 | 0.5507 |

================================================================
[2026-06-12 11:50:29] NFE = 10   (8/15)
================================================================
[run] meanflow ensemble starting: K=10 x S=12 x T=1 = 120 sequence-rollouts
[run] meanflow  k=1/10 seq=1/12 (1/120)  t0=0      rollout=  0.5s  avg= 0.5s/seq  elapsed=  0.0m  eta=  1.1m
[run] meanflow  k=1/10 seq=2/12 (2/120)  t0=796    rollout=  0.5s  avg= 0.5s/seq  elapsed=  0.0m  eta=  1.0m
[run] meanflow  k=1/10 seq=3/12 (3/120)  t0=1592   rollout=  0.5s  avg= 0.5s/seq  elapsed=  0.0m  eta=  1.0m
[run] meanflow  k=1/10 seq=4/12 (4/120)  t0=2388   rollout=  0.5s  avg= 0.5s/seq  elapsed=  0.0m  eta=  1.0m
[run] meanflow  k=1/10 seq=5/12 (5/120)  t0=3184   rollout=  0.5s  avg= 0.5s/seq  elapsed=  0.0m  eta=  1.0m
[run] meanflow  k=1/10 seq=6/12 (6/120)  t0=3980   rollout=  0.5s  avg= 0.5s/seq  elapsed=  0.1m  eta=  1.0m
[run] meanflow  k=1/10 seq=7/12 (7/120)  t0=4776   rollout=  0.5s  avg= 0.5s/seq  elapsed=  0.1m  eta=  1.0m
[run] meanflow  k=1/10 seq=8/12 (8/120)  t0=5572   rollout=  0.5s  avg= 0.5s/seq  elapsed=  0.1m  eta=  1.0m
[run] meanflow  k=1/10 seq=9/12 (9/120)  t0=6368   rollout=  0.5s  avg= 0.5s/seq  elapsed=  0.1m  eta=  0.9m
[run] meanflow  k=1/10 seq=10/12 (10/120)  t0=7164   rollout=  0.5s  avg= 0.5s/seq  elapsed=  0.1m  eta=  0.9m
[run] meanflow  k=1/10 seq=11/12 (11/120)  t0=7960   rollout=  0.5s  avg= 0.5s/seq  elapsed=  0.1m  eta=  0.9m
[run] meanflow  k=1/10 seq=12/12 (12/120)  t0=8757   rollout=  0.5s  avg= 0.5s/seq  elapsed=  0.1m  eta=  0.9m
[run] meanflow  k=2/10 seq=1/12 (13/120)  t0=0      rollout=  0.5s  avg= 0.5s/seq  elapsed=  0.1m  eta=  0.9m
[run] meanflow  k=2/10 seq=2/12 (14/120)  t0=796    rollout=  0.5s  avg= 0.5s/seq  elapsed=  0.1m  eta=  0.9m
[run] meanflow  k=2/10 seq=3/12 (15/120)  t0=1592   rollout=  0.5s  avg= 0.5s/seq  elapsed=  0.1m  eta=  0.9m
[run] meanflow  k=2/10 seq=4/12 (16/120)  t0=2388   rollout=  0.5s  avg= 0.5s/seq  elapsed=  0.1m  eta=  0.9m
[run] meanflow  k=2/10 seq=5/12 (17/120)  t0=3184   rollout=  0.5s  avg= 0.5s/seq  elapsed=  0.1m  eta=  0.9m
[run] meanflow  k=2/10 seq=6/12 (18/120)  t0=3980   rollout=  0.5s  avg= 0.5s/seq  elapsed=  0.2m  eta=  0.9m
[run] meanflow  k=2/10 seq=7/12 (19/120)  t0=4776   rollout=  0.5s  avg= 0.5s/seq  elapsed=  0.2m  eta=  0.8m
[run] meanflow  k=2/10 seq=8/12 (20/120)  t0=5572   rollout=  0.5s  avg= 0.5s/seq  elapsed=  0.2m  eta=  0.8m
[run] meanflow  k=2/10 seq=9/12 (21/120)  t0=6368   rollout=  0.5s  avg= 0.5s/seq  elapsed=  0.2m  eta=  0.8m
[run] meanflow  k=2/10 seq=10/12 (22/120)  t0=7164   rollout=  0.5s  avg= 0.5s/seq  elapsed=  0.2m  eta=  0.8m
[run] meanflow  k=2/10 seq=11/12 (23/120)  t0=7960   rollout=  0.5s  avg= 0.5s/seq  elapsed=  0.2m  eta=  0.8m
[run] meanflow  k=2/10 seq=12/12 (24/120)  t0=8757   rollout=  0.5s  avg= 0.5s/seq  elapsed=  0.2m  eta=  0.8m
[run] meanflow  k=3/10 seq=1/12 (25/120)  t0=0      rollout=  0.5s  avg= 0.5s/seq  elapsed=  0.2m  eta=  0.8m
[run] meanflow  k=3/10 seq=2/12 (26/120)  t0=796    rollout=  0.5s  avg= 0.5s/seq  elapsed=  0.2m  eta=  0.8m
[run] meanflow  k=3/10 seq=3/12 (27/120)  t0=1592   rollout=  0.5s  avg= 0.5s/seq  elapsed=  0.2m  eta=  0.8m
[run] meanflow  k=3/10 seq=4/12 (28/120)  t0=2388   rollout=  0.5s  avg= 0.5s/seq  elapsed=  0.2m  eta=  0.8m
[run] meanflow  k=3/10 seq=5/12 (29/120)  t0=3184   rollout=  0.5s  avg= 0.5s/seq  elapsed=  0.2m  eta=  0.8m
[run] meanflow  k=3/10 seq=6/12 (30/120)  t0=3980   rollout=  0.5s  avg= 0.5s/seq  elapsed=  0.3m  eta=  0.8m
[run] meanflow  k=3/10 seq=7/12 (31/120)  t0=4776   rollout=  0.5s  avg= 0.5s/seq  elapsed=  0.3m  eta=  0.7m
[run] meanflow  k=3/10 seq=8/12 (32/120)  t0=5572   rollout=  0.5s  avg= 0.5s/seq  elapsed=  0.3m  eta=  0.7m
[run] meanflow  k=3/10 seq=9/12 (33/120)  t0=6368   rollout=  0.5s  avg= 0.5s/seq  elapsed=  0.3m  eta=  0.7m
[run] meanflow  k=3/10 seq=10/12 (34/120)  t0=7164   rollout=  0.5s  avg= 0.5s/seq  elapsed=  0.3m  eta=  0.7m
[run] meanflow  k=3/10 seq=11/12 (35/120)  t0=7960   rollout=  0.5s  avg= 0.5s/seq  elapsed=  0.3m  eta=  0.7m
[run] meanflow  k=3/10 seq=12/12 (36/120)  t0=8757   rollout=  0.5s  avg= 0.5s/seq  elapsed=  0.3m  eta=  0.7m
[run] meanflow  k=4/10 seq=1/12 (37/120)  t0=0      rollout=  0.5s  avg= 0.5s/seq  elapsed=  0.3m  eta=  0.7m
[run] meanflow  k=4/10 seq=2/12 (38/120)  t0=796    rollout=  0.5s  avg= 0.5s/seq  elapsed=  0.3m  eta=  0.7m
[run] meanflow  k=4/10 seq=3/12 (39/120)  t0=1592   rollout=  0.5s  avg= 0.5s/seq  elapsed=  0.3m  eta=  0.7m
[run] meanflow  k=4/10 seq=4/12 (40/120)  t0=2388   rollout=  0.5s  avg= 0.5s/seq  elapsed=  0.3m  eta=  0.7m
[run] meanflow  k=4/10 seq=5/12 (41/120)  t0=3184   rollout=  0.5s  avg= 0.5s/seq  elapsed=  0.3m  eta=  0.7m
[run] meanflow  k=4/10 seq=6/12 (42/120)  t0=3980   rollout=  0.5s  avg= 0.5s/seq  elapsed=  0.4m  eta=  0.7m
[run] meanflow  k=4/10 seq=7/12 (43/120)  t0=4776   rollout=  0.5s  avg= 0.5s/seq  elapsed=  0.4m  eta=  0.6m
[run] meanflow  k=4/10 seq=8/12 (44/120)  t0=5572   rollout=  0.5s  avg= 0.5s/seq  elapsed=  0.4m  eta=  0.6m
[run] meanflow  k=4/10 seq=9/12 (45/120)  t0=6368   rollout=  0.5s  avg= 0.5s/seq  elapsed=  0.4m  eta=  0.6m
[run] meanflow  k=4/10 seq=10/12 (46/120)  t0=7164   rollout=  0.5s  avg= 0.5s/seq  elapsed=  0.4m  eta=  0.6m
[run] meanflow  k=4/10 seq=11/12 (47/120)  t0=7960   rollout=  0.5s  avg= 0.5s/seq  elapsed=  0.4m  eta=  0.6m
[run] meanflow  k=4/10 seq=12/12 (48/120)  t0=8757   rollout=  0.5s  avg= 0.5s/seq  elapsed=  0.4m  eta=  0.6m
[run] meanflow  k=5/10 seq=1/12 (49/120)  t0=0      rollout=  0.5s  avg= 0.5s/seq  elapsed=  0.4m  eta=  0.6m
[run] meanflow  k=5/10 seq=2/12 (50/120)  t0=796    rollout=  0.5s  avg= 0.5s/seq  elapsed=  0.4m  eta=  0.6m
[run] meanflow  k=5/10 seq=3/12 (51/120)  t0=1592   rollout=  0.5s  avg= 0.5s/seq  elapsed=  0.4m  eta=  0.6m
[run] meanflow  k=5/10 seq=4/12 (52/120)  t0=2388   rollout=  0.5s  avg= 0.5s/seq  elapsed=  0.4m  eta=  0.6m
[run] meanflow  k=5/10 seq=5/12 (53/120)  t0=3184   rollout=  0.5s  avg= 0.5s/seq  elapsed=  0.4m  eta=  0.6m
[run] meanflow  k=5/10 seq=6/12 (54/120)  t0=3980   rollout=  0.5s  avg= 0.5s/seq  elapsed=  0.5m  eta=  0.6m
[run] meanflow  k=5/10 seq=7/12 (55/120)  t0=4776   rollout=  0.5s  avg= 0.5s/seq  elapsed=  0.5m  eta=  0.5m
[run] meanflow  k=5/10 seq=8/12 (56/120)  t0=5572   rollout=  0.5s  avg= 0.5s/seq  elapsed=  0.5m  eta=  0.5m
[run] meanflow  k=5/10 seq=9/12 (57/120)  t0=6368   rollout=  0.5s  avg= 0.5s/seq  elapsed=  0.5m  eta=  0.5m
[run] meanflow  k=5/10 seq=10/12 (58/120)  t0=7164   rollout=  0.5s  avg= 0.5s/seq  elapsed=  0.5m  eta=  0.5m
[run] meanflow  k=5/10 seq=11/12 (59/120)  t0=7960   rollout=  0.5s  avg= 0.5s/seq  elapsed=  0.5m  eta=  0.5m
[run] meanflow  k=5/10 seq=12/12 (60/120)  t0=8757   rollout=  0.5s  avg= 0.5s/seq  elapsed=  0.5m  eta=  0.5m
[run] meanflow  k=6/10 seq=1/12 (61/120)  t0=0      rollout=  0.5s  avg= 0.5s/seq  elapsed=  0.5m  eta=  0.5m
[run] meanflow  k=6/10 seq=2/12 (62/120)  t0=796    rollout=  0.5s  avg= 0.5s/seq  elapsed=  0.5m  eta=  0.5m
[run] meanflow  k=6/10 seq=3/12 (63/120)  t0=1592   rollout=  0.5s  avg= 0.5s/seq  elapsed=  0.5m  eta=  0.5m
[run] meanflow  k=6/10 seq=4/12 (64/120)  t0=2388   rollout=  0.5s  avg= 0.5s/seq  elapsed=  0.5m  eta=  0.5m
[run] meanflow  k=6/10 seq=5/12 (65/120)  t0=3184   rollout=  0.5s  avg= 0.5s/seq  elapsed=  0.5m  eta=  0.5m
[run] meanflow  k=6/10 seq=6/12 (66/120)  t0=3980   rollout=  0.5s  avg= 0.5s/seq  elapsed=  0.5m  eta=  0.4m
[run] meanflow  k=6/10 seq=7/12 (67/120)  t0=4776   rollout=  0.5s  avg= 0.5s/seq  elapsed=  0.6m  eta=  0.4m
[run] meanflow  k=6/10 seq=8/12 (68/120)  t0=5572   rollout=  0.5s  avg= 0.5s/seq  elapsed=  0.6m  eta=  0.4m
[run] meanflow  k=6/10 seq=9/12 (69/120)  t0=6368   rollout=  0.5s  avg= 0.5s/seq  elapsed=  0.6m  eta=  0.4m
[run] meanflow  k=6/10 seq=10/12 (70/120)  t0=7164   rollout=  0.5s  avg= 0.5s/seq  elapsed=  0.6m  eta=  0.4m
[run] meanflow  k=6/10 seq=11/12 (71/120)  t0=7960   rollout=  0.5s  avg= 0.5s/seq  elapsed=  0.6m  eta=  0.4m
[run] meanflow  k=6/10 seq=12/12 (72/120)  t0=8757   rollout=  0.5s  avg= 0.5s/seq  elapsed=  0.6m  eta=  0.4m
[run] meanflow  k=7/10 seq=1/12 (73/120)  t0=0      rollout=  0.5s  avg= 0.5s/seq  elapsed=  0.6m  eta=  0.4m
[run] meanflow  k=7/10 seq=2/12 (74/120)  t0=796    rollout=  0.5s  avg= 0.5s/seq  elapsed=  0.6m  eta=  0.4m
[run] meanflow  k=7/10 seq=3/12 (75/120)  t0=1592   rollout=  0.5s  avg= 0.5s/seq  elapsed=  0.6m  eta=  0.4m
[run] meanflow  k=7/10 seq=4/12 (76/120)  t0=2388   rollout=  0.5s  avg= 0.5s/seq  elapsed=  0.6m  eta=  0.4m
[run] meanflow  k=7/10 seq=5/12 (77/120)  t0=3184   rollout=  0.5s  avg= 0.5s/seq  elapsed=  0.6m  eta=  0.4m
[run] meanflow  k=7/10 seq=6/12 (78/120)  t0=3980   rollout=  0.5s  avg= 0.5s/seq  elapsed=  0.6m  eta=  0.3m
[run] meanflow  k=7/10 seq=7/12 (79/120)  t0=4776   rollout=  0.5s  avg= 0.5s/seq  elapsed=  0.7m  eta=  0.3m
[run] meanflow  k=7/10 seq=8/12 (80/120)  t0=5572   rollout=  0.5s  avg= 0.5s/seq  elapsed=  0.7m  eta=  0.3m
[run] meanflow  k=7/10 seq=9/12 (81/120)  t0=6368   rollout=  0.5s  avg= 0.5s/seq  elapsed=  0.7m  eta=  0.3m
[run] meanflow  k=7/10 seq=10/12 (82/120)  t0=7164   rollout=  0.5s  avg= 0.5s/seq  elapsed=  0.7m  eta=  0.3m
[run] meanflow  k=7/10 seq=11/12 (83/120)  t0=7960   rollout=  0.5s  avg= 0.5s/seq  elapsed=  0.7m  eta=  0.3m
[run] meanflow  k=7/10 seq=12/12 (84/120)  t0=8757   rollout=  0.5s  avg= 0.5s/seq  elapsed=  0.7m  eta=  0.3m
[run] meanflow  k=8/10 seq=1/12 (85/120)  t0=0      rollout=  0.5s  avg= 0.5s/seq  elapsed=  0.7m  eta=  0.3m
[run] meanflow  k=8/10 seq=2/12 (86/120)  t0=796    rollout=  0.5s  avg= 0.5s/seq  elapsed=  0.7m  eta=  0.3m
[run] meanflow  k=8/10 seq=3/12 (87/120)  t0=1592   rollout=  0.5s  avg= 0.5s/seq  elapsed=  0.7m  eta=  0.3m
[run] meanflow  k=8/10 seq=4/12 (88/120)  t0=2388   rollout=  0.5s  avg= 0.5s/seq  elapsed=  0.7m  eta=  0.3m
[run] meanflow  k=8/10 seq=5/12 (89/120)  t0=3184   rollout=  0.5s  avg= 0.5s/seq  elapsed=  0.7m  eta=  0.3m
[run] meanflow  k=8/10 seq=6/12 (90/120)  t0=3980   rollout=  0.5s  avg= 0.5s/seq  elapsed=  0.8m  eta=  0.3m
[run] meanflow  k=8/10 seq=7/12 (91/120)  t0=4776   rollout=  0.5s  avg= 0.5s/seq  elapsed=  0.8m  eta=  0.2m
[run] meanflow  k=8/10 seq=8/12 (92/120)  t0=5572   rollout=  0.5s  avg= 0.5s/seq  elapsed=  0.8m  eta=  0.2m
[run] meanflow  k=8/10 seq=9/12 (93/120)  t0=6368   rollout=  0.5s  avg= 0.5s/seq  elapsed=  0.8m  eta=  0.2m
[run] meanflow  k=8/10 seq=10/12 (94/120)  t0=7164   rollout=  0.5s  avg= 0.5s/seq  elapsed=  0.8m  eta=  0.2m
[run] meanflow  k=8/10 seq=11/12 (95/120)  t0=7960   rollout=  0.5s  avg= 0.5s/seq  elapsed=  0.8m  eta=  0.2m
[run] meanflow  k=8/10 seq=12/12 (96/120)  t0=8757   rollout=  0.5s  avg= 0.5s/seq  elapsed=  0.8m  eta=  0.2m
[run] meanflow  k=9/10 seq=1/12 (97/120)  t0=0      rollout=  0.5s  avg= 0.5s/seq  elapsed=  0.8m  eta=  0.2m
[run] meanflow  k=9/10 seq=2/12 (98/120)  t0=796    rollout=  0.5s  avg= 0.5s/seq  elapsed=  0.8m  eta=  0.2m
[run] meanflow  k=9/10 seq=3/12 (99/120)  t0=1592   rollout=  0.5s  avg= 0.5s/seq  elapsed=  0.8m  eta=  0.2m
[run] meanflow  k=9/10 seq=4/12 (100/120)  t0=2388   rollout=  0.5s  avg= 0.5s/seq  elapsed=  0.8m  eta=  0.2m
[run] meanflow  k=9/10 seq=5/12 (101/120)  t0=3184   rollout=  0.5s  avg= 0.5s/seq  elapsed=  0.8m  eta=  0.2m
[run] meanflow  k=9/10 seq=6/12 (102/120)  t0=3980   rollout=  0.5s  avg= 0.5s/seq  elapsed=  0.9m  eta=  0.2m
[run] meanflow  k=9/10 seq=7/12 (103/120)  t0=4776   rollout=  0.5s  avg= 0.5s/seq  elapsed=  0.9m  eta=  0.1m
[run] meanflow  k=9/10 seq=8/12 (104/120)  t0=5572   rollout=  0.5s  avg= 0.5s/seq  elapsed=  0.9m  eta=  0.1m
[run] meanflow  k=9/10 seq=9/12 (105/120)  t0=6368   rollout=  0.5s  avg= 0.5s/seq  elapsed=  0.9m  eta=  0.1m
[run] meanflow  k=9/10 seq=10/12 (106/120)  t0=7164   rollout=  0.5s  avg= 0.5s/seq  elapsed=  0.9m  eta=  0.1m
[run] meanflow  k=9/10 seq=11/12 (107/120)  t0=7960   rollout=  0.5s  avg= 0.5s/seq  elapsed=  0.9m  eta=  0.1m
[run] meanflow  k=9/10 seq=12/12 (108/120)  t0=8757   rollout=  0.5s  avg= 0.5s/seq  elapsed=  0.9m  eta=  0.1m
[run] meanflow  k=10/10 seq=1/12 (109/120)  t0=0      rollout=  0.5s  avg= 0.5s/seq  elapsed=  0.9m  eta=  0.1m
[run] meanflow  k=10/10 seq=2/12 (110/120)  t0=796    rollout=  0.5s  avg= 0.5s/seq  elapsed=  0.9m  eta=  0.1m
[run] meanflow  k=10/10 seq=3/12 (111/120)  t0=1592   rollout=  0.5s  avg= 0.5s/seq  elapsed=  0.9m  eta=  0.1m
[run] meanflow  k=10/10 seq=4/12 (112/120)  t0=2388   rollout=  0.5s  avg= 0.5s/seq  elapsed=  0.9m  eta=  0.1m
[run] meanflow  k=10/10 seq=5/12 (113/120)  t0=3184   rollout=  0.5s  avg= 0.5s/seq  elapsed=  0.9m  eta=  0.1m
[run] meanflow  k=10/10 seq=6/12 (114/120)  t0=3980   rollout=  0.5s  avg= 0.5s/seq  elapsed=  1.0m  eta=  0.1m
[run] meanflow  k=10/10 seq=7/12 (115/120)  t0=4776   rollout=  0.5s  avg= 0.5s/seq  elapsed=  1.0m  eta=  0.0m
[run] meanflow  k=10/10 seq=8/12 (116/120)  t0=5572   rollout=  0.5s  avg= 0.5s/seq  elapsed=  1.0m  eta=  0.0m
[run] meanflow  k=10/10 seq=9/12 (117/120)  t0=6368   rollout=  0.5s  avg= 0.5s/seq  elapsed=  1.0m  eta=  0.0m
[run] meanflow  k=10/10 seq=10/12 (118/120)  t0=7164   rollout=  0.5s  avg= 0.5s/seq  elapsed=  1.0m  eta=  0.0m
[run] meanflow  k=10/10 seq=11/12 (119/120)  t0=7960   rollout=  0.5s  avg= 0.5s/seq  elapsed=  1.0m  eta=  0.0m
[run] meanflow  k=10/10 seq=12/12 (120/120)  t0=8757   rollout=  0.5s  avg= 0.5s/seq  elapsed=  1.0m  eta=  0.0m
[run] meanflow ensemble finished in 1.0m
[2026-06-12 11:51:29] [nfe_sweep] NFE= 10  t/seq= 0.51s  CRPS-qpepre=0.1195  CSI-M=0.2929  RMSE-qpepre=0.5506  NFE-elapsed=1.0m
| method | Time/Seq.(s) | CRPS↓ | CSI-M↑ | CSI-P16↑ | FSS-P16-M↑ | HSS-M↑ | FAR-M↓ | RMSE_u10↓ | RMSE_v10↓ | RMSE_t2m↓ | RMSE_qpepre↓ |
|---|---|---|---|---|---|---|---|---|---|---|---|
| meanflow | 0.507 | 0.2875 | 0.2929 | 0.1746 | 0.2806 | 0.3930 | 0.2488 | 0.8282 | 0.8434 | 0.3900 | 0.5506 |

================================================================
[2026-06-12 11:51:29] NFE = 12   (9/15)
================================================================
[run] meanflow ensemble starting: K=10 x S=12 x T=1 = 120 sequence-rollouts
[run] meanflow  k=1/10 seq=1/12 (1/120)  t0=0      rollout=  0.6s  avg= 0.6s/seq  elapsed=  0.0m  eta=  1.2m
[run] meanflow  k=1/10 seq=2/12 (2/120)  t0=796    rollout=  0.6s  avg= 0.6s/seq  elapsed=  0.0m  eta=  1.2m
[run] meanflow  k=1/10 seq=3/12 (3/120)  t0=1592   rollout=  0.6s  avg= 0.6s/seq  elapsed=  0.0m  eta=  1.2m
[run] meanflow  k=1/10 seq=4/12 (4/120)  t0=2388   rollout=  0.6s  avg= 0.6s/seq  elapsed=  0.0m  eta=  1.2m
[run] meanflow  k=1/10 seq=5/12 (5/120)  t0=3184   rollout=  0.6s  avg= 0.6s/seq  elapsed=  0.1m  eta=  1.2m
[run] meanflow  k=1/10 seq=6/12 (6/120)  t0=3980   rollout=  0.6s  avg= 0.6s/seq  elapsed=  0.1m  eta=  1.1m
[run] meanflow  k=1/10 seq=7/12 (7/120)  t0=4776   rollout=  0.6s  avg= 0.6s/seq  elapsed=  0.1m  eta=  1.1m
[run] meanflow  k=1/10 seq=8/12 (8/120)  t0=5572   rollout=  0.6s  avg= 0.6s/seq  elapsed=  0.1m  eta=  1.1m
[run] meanflow  k=1/10 seq=9/12 (9/120)  t0=6368   rollout=  0.6s  avg= 0.6s/seq  elapsed=  0.1m  eta=  1.1m
[run] meanflow  k=1/10 seq=10/12 (10/120)  t0=7164   rollout=  0.6s  avg= 0.6s/seq  elapsed=  0.1m  eta=  1.1m
[run] meanflow  k=1/10 seq=11/12 (11/120)  t0=7960   rollout=  0.6s  avg= 0.6s/seq  elapsed=  0.1m  eta=  1.1m
[run] meanflow  k=1/10 seq=12/12 (12/120)  t0=8757   rollout=  0.6s  avg= 0.6s/seq  elapsed=  0.1m  eta=  1.1m
[run] meanflow  k=2/10 seq=1/12 (13/120)  t0=0      rollout=  0.6s  avg= 0.6s/seq  elapsed=  0.1m  eta=  1.1m
[run] meanflow  k=2/10 seq=2/12 (14/120)  t0=796    rollout=  0.6s  avg= 0.6s/seq  elapsed=  0.1m  eta=  1.1m
[run] meanflow  k=2/10 seq=3/12 (15/120)  t0=1592   rollout=  0.6s  avg= 0.6s/seq  elapsed=  0.1m  eta=  1.0m
[run] meanflow  k=2/10 seq=4/12 (16/120)  t0=2388   rollout=  0.6s  avg= 0.6s/seq  elapsed=  0.2m  eta=  1.0m
[run] meanflow  k=2/10 seq=5/12 (17/120)  t0=3184   rollout=  0.6s  avg= 0.6s/seq  elapsed=  0.2m  eta=  1.0m
[run] meanflow  k=2/10 seq=6/12 (18/120)  t0=3980   rollout=  0.6s  avg= 0.6s/seq  elapsed=  0.2m  eta=  1.0m
[run] meanflow  k=2/10 seq=7/12 (19/120)  t0=4776   rollout=  0.6s  avg= 0.6s/seq  elapsed=  0.2m  eta=  1.0m
[run] meanflow  k=2/10 seq=8/12 (20/120)  t0=5572   rollout=  0.6s  avg= 0.6s/seq  elapsed=  0.2m  eta=  1.0m
[run] meanflow  k=2/10 seq=9/12 (21/120)  t0=6368   rollout=  0.6s  avg= 0.6s/seq  elapsed=  0.2m  eta=  1.0m
[run] meanflow  k=2/10 seq=10/12 (22/120)  t0=7164   rollout=  0.6s  avg= 0.6s/seq  elapsed=  0.2m  eta=  1.0m
[run] meanflow  k=2/10 seq=11/12 (23/120)  t0=7960   rollout=  0.6s  avg= 0.6s/seq  elapsed=  0.2m  eta=  1.0m
[run] meanflow  k=2/10 seq=12/12 (24/120)  t0=8757   rollout=  0.6s  avg= 0.6s/seq  elapsed=  0.2m  eta=  1.0m
[run] meanflow  k=3/10 seq=1/12 (25/120)  t0=0      rollout=  0.6s  avg= 0.6s/seq  elapsed=  0.2m  eta=  0.9m
[run] meanflow  k=3/10 seq=2/12 (26/120)  t0=796    rollout=  0.6s  avg= 0.6s/seq  elapsed=  0.3m  eta=  0.9m
[run] meanflow  k=3/10 seq=3/12 (27/120)  t0=1592   rollout=  0.6s  avg= 0.6s/seq  elapsed=  0.3m  eta=  0.9m
[run] meanflow  k=3/10 seq=4/12 (28/120)  t0=2388   rollout=  0.6s  avg= 0.6s/seq  elapsed=  0.3m  eta=  0.9m
[run] meanflow  k=3/10 seq=5/12 (29/120)  t0=3184   rollout=  0.6s  avg= 0.6s/seq  elapsed=  0.3m  eta=  0.9m
[run] meanflow  k=3/10 seq=6/12 (30/120)  t0=3980   rollout=  0.6s  avg= 0.6s/seq  elapsed=  0.3m  eta=  0.9m
[run] meanflow  k=3/10 seq=7/12 (31/120)  t0=4776   rollout=  0.6s  avg= 0.6s/seq  elapsed=  0.3m  eta=  0.9m
[run] meanflow  k=3/10 seq=8/12 (32/120)  t0=5572   rollout=  0.6s  avg= 0.6s/seq  elapsed=  0.3m  eta=  0.9m
[run] meanflow  k=3/10 seq=9/12 (33/120)  t0=6368   rollout=  0.6s  avg= 0.6s/seq  elapsed=  0.3m  eta=  0.9m
[run] meanflow  k=3/10 seq=10/12 (34/120)  t0=7164   rollout=  0.6s  avg= 0.6s/seq  elapsed=  0.3m  eta=  0.9m
[run] meanflow  k=3/10 seq=11/12 (35/120)  t0=7960   rollout=  0.6s  avg= 0.6s/seq  elapsed=  0.3m  eta=  0.8m
[run] meanflow  k=3/10 seq=12/12 (36/120)  t0=8757   rollout=  0.6s  avg= 0.6s/seq  elapsed=  0.4m  eta=  0.8m
[run] meanflow  k=4/10 seq=1/12 (37/120)  t0=0      rollout=  0.6s  avg= 0.6s/seq  elapsed=  0.4m  eta=  0.8m
[run] meanflow  k=4/10 seq=2/12 (38/120)  t0=796    rollout=  0.6s  avg= 0.6s/seq  elapsed=  0.4m  eta=  0.8m
[run] meanflow  k=4/10 seq=3/12 (39/120)  t0=1592   rollout=  0.6s  avg= 0.6s/seq  elapsed=  0.4m  eta=  0.8m
[run] meanflow  k=4/10 seq=4/12 (40/120)  t0=2388   rollout=  0.6s  avg= 0.6s/seq  elapsed=  0.4m  eta=  0.8m
[run] meanflow  k=4/10 seq=5/12 (41/120)  t0=3184   rollout=  0.6s  avg= 0.6s/seq  elapsed=  0.4m  eta=  0.8m
[run] meanflow  k=4/10 seq=6/12 (42/120)  t0=3980   rollout=  0.6s  avg= 0.6s/seq  elapsed=  0.4m  eta=  0.8m
[run] meanflow  k=4/10 seq=7/12 (43/120)  t0=4776   rollout=  0.6s  avg= 0.6s/seq  elapsed=  0.4m  eta=  0.8m
[run] meanflow  k=4/10 seq=8/12 (44/120)  t0=5572   rollout=  0.6s  avg= 0.6s/seq  elapsed=  0.4m  eta=  0.8m
[run] meanflow  k=4/10 seq=9/12 (45/120)  t0=6368   rollout=  0.6s  avg= 0.6s/seq  elapsed=  0.4m  eta=  0.7m
[run] meanflow  k=4/10 seq=10/12 (46/120)  t0=7164   rollout=  0.6s  avg= 0.6s/seq  elapsed=  0.5m  eta=  0.7m
[run] meanflow  k=4/10 seq=11/12 (47/120)  t0=7960   rollout=  0.6s  avg= 0.6s/seq  elapsed=  0.5m  eta=  0.7m
[run] meanflow  k=4/10 seq=12/12 (48/120)  t0=8757   rollout=  0.6s  avg= 0.6s/seq  elapsed=  0.5m  eta=  0.7m
[run] meanflow  k=5/10 seq=1/12 (49/120)  t0=0      rollout=  0.6s  avg= 0.6s/seq  elapsed=  0.5m  eta=  0.7m
[run] meanflow  k=5/10 seq=2/12 (50/120)  t0=796    rollout=  0.6s  avg= 0.6s/seq  elapsed=  0.5m  eta=  0.7m
[run] meanflow  k=5/10 seq=3/12 (51/120)  t0=1592   rollout=  0.6s  avg= 0.6s/seq  elapsed=  0.5m  eta=  0.7m
[run] meanflow  k=5/10 seq=4/12 (52/120)  t0=2388   rollout=  0.6s  avg= 0.6s/seq  elapsed=  0.5m  eta=  0.7m
[run] meanflow  k=5/10 seq=5/12 (53/120)  t0=3184   rollout=  0.6s  avg= 0.6s/seq  elapsed=  0.5m  eta=  0.7m
[run] meanflow  k=5/10 seq=6/12 (54/120)  t0=3980   rollout=  0.6s  avg= 0.6s/seq  elapsed=  0.5m  eta=  0.7m
[run] meanflow  k=5/10 seq=7/12 (55/120)  t0=4776   rollout=  0.6s  avg= 0.6s/seq  elapsed=  0.5m  eta=  0.6m
[run] meanflow  k=5/10 seq=8/12 (56/120)  t0=5572   rollout=  0.6s  avg= 0.6s/seq  elapsed=  0.6m  eta=  0.6m
[run] meanflow  k=5/10 seq=9/12 (57/120)  t0=6368   rollout=  0.6s  avg= 0.6s/seq  elapsed=  0.6m  eta=  0.6m
[run] meanflow  k=5/10 seq=10/12 (58/120)  t0=7164   rollout=  0.6s  avg= 0.6s/seq  elapsed=  0.6m  eta=  0.6m
[run] meanflow  k=5/10 seq=11/12 (59/120)  t0=7960   rollout=  0.6s  avg= 0.6s/seq  elapsed=  0.6m  eta=  0.6m
[run] meanflow  k=5/10 seq=12/12 (60/120)  t0=8757   rollout=  0.6s  avg= 0.6s/seq  elapsed=  0.6m  eta=  0.6m
[run] meanflow  k=6/10 seq=1/12 (61/120)  t0=0      rollout=  0.6s  avg= 0.6s/seq  elapsed=  0.6m  eta=  0.6m
[run] meanflow  k=6/10 seq=2/12 (62/120)  t0=796    rollout=  0.6s  avg= 0.6s/seq  elapsed=  0.6m  eta=  0.6m
[run] meanflow  k=6/10 seq=3/12 (63/120)  t0=1592   rollout=  0.6s  avg= 0.6s/seq  elapsed=  0.6m  eta=  0.6m
[run] meanflow  k=6/10 seq=4/12 (64/120)  t0=2388   rollout=  0.6s  avg= 0.6s/seq  elapsed=  0.6m  eta=  0.6m
[run] meanflow  k=6/10 seq=5/12 (65/120)  t0=3184   rollout=  0.6s  avg= 0.6s/seq  elapsed=  0.6m  eta=  0.5m
[run] meanflow  k=6/10 seq=6/12 (66/120)  t0=3980   rollout=  0.6s  avg= 0.6s/seq  elapsed=  0.7m  eta=  0.5m
[run] meanflow  k=6/10 seq=7/12 (67/120)  t0=4776   rollout=  0.6s  avg= 0.6s/seq  elapsed=  0.7m  eta=  0.5m
[run] meanflow  k=6/10 seq=8/12 (68/120)  t0=5572   rollout=  0.6s  avg= 0.6s/seq  elapsed=  0.7m  eta=  0.5m
[run] meanflow  k=6/10 seq=9/12 (69/120)  t0=6368   rollout=  0.6s  avg= 0.6s/seq  elapsed=  0.7m  eta=  0.5m
[run] meanflow  k=6/10 seq=10/12 (70/120)  t0=7164   rollout=  0.6s  avg= 0.6s/seq  elapsed=  0.7m  eta=  0.5m
[run] meanflow  k=6/10 seq=11/12 (71/120)  t0=7960   rollout=  0.6s  avg= 0.6s/seq  elapsed=  0.7m  eta=  0.5m
[run] meanflow  k=6/10 seq=12/12 (72/120)  t0=8757   rollout=  0.6s  avg= 0.6s/seq  elapsed=  0.7m  eta=  0.5m
[run] meanflow  k=7/10 seq=1/12 (73/120)  t0=0      rollout=  0.6s  avg= 0.6s/seq  elapsed=  0.7m  eta=  0.5m
[run] meanflow  k=7/10 seq=2/12 (74/120)  t0=796    rollout=  0.6s  avg= 0.6s/seq  elapsed=  0.7m  eta=  0.5m
[run] meanflow  k=7/10 seq=3/12 (75/120)  t0=1592   rollout=  0.6s  avg= 0.6s/seq  elapsed=  0.7m  eta=  0.4m
[run] meanflow  k=7/10 seq=4/12 (76/120)  t0=2388   rollout=  0.6s  avg= 0.6s/seq  elapsed=  0.8m  eta=  0.4m
[run] meanflow  k=7/10 seq=5/12 (77/120)  t0=3184   rollout=  0.6s  avg= 0.6s/seq  elapsed=  0.8m  eta=  0.4m
[run] meanflow  k=7/10 seq=6/12 (78/120)  t0=3980   rollout=  0.6s  avg= 0.6s/seq  elapsed=  0.8m  eta=  0.4m
[run] meanflow  k=7/10 seq=7/12 (79/120)  t0=4776   rollout=  0.6s  avg= 0.6s/seq  elapsed=  0.8m  eta=  0.4m
[run] meanflow  k=7/10 seq=8/12 (80/120)  t0=5572   rollout=  0.6s  avg= 0.6s/seq  elapsed=  0.8m  eta=  0.4m
[run] meanflow  k=7/10 seq=9/12 (81/120)  t0=6368   rollout=  0.6s  avg= 0.6s/seq  elapsed=  0.8m  eta=  0.4m
[run] meanflow  k=7/10 seq=10/12 (82/120)  t0=7164   rollout=  0.6s  avg= 0.6s/seq  elapsed=  0.8m  eta=  0.4m
[run] meanflow  k=7/10 seq=11/12 (83/120)  t0=7960   rollout=  0.6s  avg= 0.6s/seq  elapsed=  0.8m  eta=  0.4m
[run] meanflow  k=7/10 seq=12/12 (84/120)  t0=8757   rollout=  0.6s  avg= 0.6s/seq  elapsed=  0.8m  eta=  0.4m
[run] meanflow  k=8/10 seq=1/12 (85/120)  t0=0      rollout=  0.6s  avg= 0.6s/seq  elapsed=  0.8m  eta=  0.3m
[run] meanflow  k=8/10 seq=2/12 (86/120)  t0=796    rollout=  0.6s  avg= 0.6s/seq  elapsed=  0.9m  eta=  0.3m
[run] meanflow  k=8/10 seq=3/12 (87/120)  t0=1592   rollout=  0.6s  avg= 0.6s/seq  elapsed=  0.9m  eta=  0.3m
[run] meanflow  k=8/10 seq=4/12 (88/120)  t0=2388   rollout=  0.6s  avg= 0.6s/seq  elapsed=  0.9m  eta=  0.3m
[run] meanflow  k=8/10 seq=5/12 (89/120)  t0=3184   rollout=  0.6s  avg= 0.6s/seq  elapsed=  0.9m  eta=  0.3m
[run] meanflow  k=8/10 seq=6/12 (90/120)  t0=3980   rollout=  0.6s  avg= 0.6s/seq  elapsed=  0.9m  eta=  0.3m
[run] meanflow  k=8/10 seq=7/12 (91/120)  t0=4776   rollout=  0.6s  avg= 0.6s/seq  elapsed=  0.9m  eta=  0.3m
[run] meanflow  k=8/10 seq=8/12 (92/120)  t0=5572   rollout=  0.6s  avg= 0.6s/seq  elapsed=  0.9m  eta=  0.3m
[run] meanflow  k=8/10 seq=9/12 (93/120)  t0=6368   rollout=  0.6s  avg= 0.6s/seq  elapsed=  0.9m  eta=  0.3m
[run] meanflow  k=8/10 seq=10/12 (94/120)  t0=7164   rollout=  0.6s  avg= 0.6s/seq  elapsed=  0.9m  eta=  0.3m
[run] meanflow  k=8/10 seq=11/12 (95/120)  t0=7960   rollout=  0.6s  avg= 0.6s/seq  elapsed=  0.9m  eta=  0.2m
[run] meanflow  k=8/10 seq=12/12 (96/120)  t0=8757   rollout=  0.6s  avg= 0.6s/seq  elapsed=  1.0m  eta=  0.2m
[run] meanflow  k=9/10 seq=1/12 (97/120)  t0=0      rollout=  0.6s  avg= 0.6s/seq  elapsed=  1.0m  eta=  0.2m
[run] meanflow  k=9/10 seq=2/12 (98/120)  t0=796    rollout=  0.6s  avg= 0.6s/seq  elapsed=  1.0m  eta=  0.2m
[run] meanflow  k=9/10 seq=3/12 (99/120)  t0=1592   rollout=  0.6s  avg= 0.6s/seq  elapsed=  1.0m  eta=  0.2m
[run] meanflow  k=9/10 seq=4/12 (100/120)  t0=2388   rollout=  0.6s  avg= 0.6s/seq  elapsed=  1.0m  eta=  0.2m
[run] meanflow  k=9/10 seq=5/12 (101/120)  t0=3184   rollout=  0.6s  avg= 0.6s/seq  elapsed=  1.0m  eta=  0.2m
[run] meanflow  k=9/10 seq=6/12 (102/120)  t0=3980   rollout=  0.6s  avg= 0.6s/seq  elapsed=  1.0m  eta=  0.2m
[run] meanflow  k=9/10 seq=7/12 (103/120)  t0=4776   rollout=  0.6s  avg= 0.6s/seq  elapsed=  1.0m  eta=  0.2m
[run] meanflow  k=9/10 seq=8/12 (104/120)  t0=5572   rollout=  0.6s  avg= 0.6s/seq  elapsed=  1.0m  eta=  0.2m
[run] meanflow  k=9/10 seq=9/12 (105/120)  t0=6368   rollout=  0.6s  avg= 0.6s/seq  elapsed=  1.0m  eta=  0.1m
[run] meanflow  k=9/10 seq=10/12 (106/120)  t0=7164   rollout=  0.6s  avg= 0.6s/seq  elapsed=  1.0m  eta=  0.1m
[run] meanflow  k=9/10 seq=11/12 (107/120)  t0=7960   rollout=  0.6s  avg= 0.6s/seq  elapsed=  1.1m  eta=  0.1m
[run] meanflow  k=9/10 seq=12/12 (108/120)  t0=8757   rollout=  0.6s  avg= 0.6s/seq  elapsed=  1.1m  eta=  0.1m
[run] meanflow  k=10/10 seq=1/12 (109/120)  t0=0      rollout=  0.6s  avg= 0.6s/seq  elapsed=  1.1m  eta=  0.1m
[run] meanflow  k=10/10 seq=2/12 (110/120)  t0=796    rollout=  0.6s  avg= 0.6s/seq  elapsed=  1.1m  eta=  0.1m
[run] meanflow  k=10/10 seq=3/12 (111/120)  t0=1592   rollout=  0.6s  avg= 0.6s/seq  elapsed=  1.1m  eta=  0.1m
[run] meanflow  k=10/10 seq=4/12 (112/120)  t0=2388   rollout=  0.6s  avg= 0.6s/seq  elapsed=  1.1m  eta=  0.1m
[run] meanflow  k=10/10 seq=5/12 (113/120)  t0=3184   rollout=  0.6s  avg= 0.6s/seq  elapsed=  1.1m  eta=  0.1m
[run] meanflow  k=10/10 seq=6/12 (114/120)  t0=3980   rollout=  0.6s  avg= 0.6s/seq  elapsed=  1.1m  eta=  0.1m
[run] meanflow  k=10/10 seq=7/12 (115/120)  t0=4776   rollout=  0.6s  avg= 0.6s/seq  elapsed=  1.1m  eta=  0.0m
[run] meanflow  k=10/10 seq=8/12 (116/120)  t0=5572   rollout=  0.6s  avg= 0.6s/seq  elapsed=  1.2m  eta=  0.0m
[run] meanflow  k=10/10 seq=9/12 (117/120)  t0=6368   rollout=  0.6s  avg= 0.6s/seq  elapsed=  1.2m  eta=  0.0m
[run] meanflow  k=10/10 seq=10/12 (118/120)  t0=7164   rollout=  0.6s  avg= 0.6s/seq  elapsed=  1.2m  eta=  0.0m
[run] meanflow  k=10/10 seq=11/12 (119/120)  t0=7960   rollout=  0.6s  avg= 0.6s/seq  elapsed=  1.2m  eta=  0.0m
[run] meanflow  k=10/10 seq=12/12 (120/120)  t0=8757   rollout=  0.6s  avg= 0.6s/seq  elapsed=  1.2m  eta=  0.0m
[run] meanflow ensemble finished in 1.2m
[2026-06-12 11:52:40] [nfe_sweep] NFE= 12  t/seq= 0.60s  CRPS-qpepre=0.1187  CSI-M=0.3086  RMSE-qpepre=0.5522  NFE-elapsed=1.2m
| method | Time/Seq.(s) | CRPS↓ | CSI-M↑ | CSI-P16↑ | FSS-P16-M↑ | HSS-M↑ | FAR-M↓ | RMSE_u10↓ | RMSE_v10↓ | RMSE_t2m↓ | RMSE_qpepre↓ |
|---|---|---|---|---|---|---|---|---|---|---|---|
| meanflow | 0.596 | 0.2859 | 0.3086 | 0.2462 | 0.4131 | 0.4152 | 0.2846 | 0.8334 | 0.8285 | 0.3891 | 0.5522 |

================================================================
[2026-06-12 11:52:40] NFE = 16   (10/15)
================================================================
[run] meanflow ensemble starting: K=10 x S=12 x T=1 = 120 sequence-rollouts
[run] meanflow  k=1/10 seq=1/12 (1/120)  t0=0      rollout=  0.7s  avg= 0.7s/seq  elapsed=  0.0m  eta=  1.5m
[run] meanflow  k=1/10 seq=2/12 (2/120)  t0=796    rollout=  0.7s  avg= 0.7s/seq  elapsed=  0.0m  eta=  1.5m
[run] meanflow  k=1/10 seq=3/12 (3/120)  t0=1592   rollout=  0.7s  avg= 0.7s/seq  elapsed=  0.0m  eta=  1.4m
[run] meanflow  k=1/10 seq=4/12 (4/120)  t0=2388   rollout=  0.7s  avg= 0.7s/seq  elapsed=  0.0m  eta=  1.4m
[run] meanflow  k=1/10 seq=5/12 (5/120)  t0=3184   rollout=  0.7s  avg= 0.7s/seq  elapsed=  0.1m  eta=  1.4m
[run] meanflow  k=1/10 seq=6/12 (6/120)  t0=3980   rollout=  0.7s  avg= 0.7s/seq  elapsed=  0.1m  eta=  1.4m
[run] meanflow  k=1/10 seq=7/12 (7/120)  t0=4776   rollout=  0.7s  avg= 0.7s/seq  elapsed=  0.1m  eta=  1.4m
[run] meanflow  k=1/10 seq=8/12 (8/120)  t0=5572   rollout=  0.7s  avg= 0.7s/seq  elapsed=  0.1m  eta=  1.4m
[run] meanflow  k=1/10 seq=9/12 (9/120)  t0=6368   rollout=  0.7s  avg= 0.7s/seq  elapsed=  0.1m  eta=  1.4m
[run] meanflow  k=1/10 seq=10/12 (10/120)  t0=7164   rollout=  0.7s  avg= 0.7s/seq  elapsed=  0.1m  eta=  1.4m
[run] meanflow  k=1/10 seq=11/12 (11/120)  t0=7960   rollout=  0.7s  avg= 0.7s/seq  elapsed=  0.1m  eta=  1.3m
[run] meanflow  k=1/10 seq=12/12 (12/120)  t0=8757   rollout=  0.7s  avg= 0.7s/seq  elapsed=  0.1m  eta=  1.3m
[run] meanflow  k=2/10 seq=1/12 (13/120)  t0=0      rollout=  0.7s  avg= 0.7s/seq  elapsed=  0.2m  eta=  1.3m
[run] meanflow  k=2/10 seq=2/12 (14/120)  t0=796    rollout=  0.7s  avg= 0.7s/seq  elapsed=  0.2m  eta=  1.3m
[run] meanflow  k=2/10 seq=3/12 (15/120)  t0=1592   rollout=  0.7s  avg= 0.7s/seq  elapsed=  0.2m  eta=  1.3m
[run] meanflow  k=2/10 seq=4/12 (16/120)  t0=2388   rollout=  0.7s  avg= 0.7s/seq  elapsed=  0.2m  eta=  1.3m
[run] meanflow  k=2/10 seq=5/12 (17/120)  t0=3184   rollout=  0.8s  avg= 0.7s/seq  elapsed=  0.2m  eta=  1.3m
[run] meanflow  k=2/10 seq=6/12 (18/120)  t0=3980   rollout=  0.7s  avg= 0.7s/seq  elapsed=  0.2m  eta=  1.3m
[run] meanflow  k=2/10 seq=7/12 (19/120)  t0=4776   rollout=  0.7s  avg= 0.7s/seq  elapsed=  0.2m  eta=  1.2m
[run] meanflow  k=2/10 seq=8/12 (20/120)  t0=5572   rollout=  0.7s  avg= 0.7s/seq  elapsed=  0.2m  eta=  1.2m
[run] meanflow  k=2/10 seq=9/12 (21/120)  t0=6368   rollout=  0.8s  avg= 0.7s/seq  elapsed=  0.3m  eta=  1.2m
[run] meanflow  k=2/10 seq=10/12 (22/120)  t0=7164   rollout=  0.7s  avg= 0.7s/seq  elapsed=  0.3m  eta=  1.2m
[run] meanflow  k=2/10 seq=11/12 (23/120)  t0=7960   rollout=  0.7s  avg= 0.7s/seq  elapsed=  0.3m  eta=  1.2m
[run] meanflow  k=2/10 seq=12/12 (24/120)  t0=8757   rollout=  0.7s  avg= 0.7s/seq  elapsed=  0.3m  eta=  1.2m
[run] meanflow  k=3/10 seq=1/12 (25/120)  t0=0      rollout=  0.7s  avg= 0.7s/seq  elapsed=  0.3m  eta=  1.2m
[run] meanflow  k=3/10 seq=2/12 (26/120)  t0=796    rollout=  0.7s  avg= 0.7s/seq  elapsed=  0.3m  eta=  1.2m
[run] meanflow  k=3/10 seq=3/12 (27/120)  t0=1592   rollout=  0.7s  avg= 0.7s/seq  elapsed=  0.3m  eta=  1.2m
[run] meanflow  k=3/10 seq=4/12 (28/120)  t0=2388   rollout=  0.7s  avg= 0.7s/seq  elapsed=  0.3m  eta=  1.1m
[run] meanflow  k=3/10 seq=5/12 (29/120)  t0=3184   rollout=  0.7s  avg= 0.7s/seq  elapsed=  0.4m  eta=  1.1m
[run] meanflow  k=3/10 seq=6/12 (30/120)  t0=3980   rollout=  0.8s  avg= 0.7s/seq  elapsed=  0.4m  eta=  1.1m
[run] meanflow  k=3/10 seq=7/12 (31/120)  t0=4776   rollout=  0.7s  avg= 0.7s/seq  elapsed=  0.4m  eta=  1.1m
[run] meanflow  k=3/10 seq=8/12 (32/120)  t0=5572   rollout=  0.7s  avg= 0.7s/seq  elapsed=  0.4m  eta=  1.1m
[run] meanflow  k=3/10 seq=9/12 (33/120)  t0=6368   rollout=  0.7s  avg= 0.7s/seq  elapsed=  0.4m  eta=  1.1m
[run] meanflow  k=3/10 seq=10/12 (34/120)  t0=7164   rollout=  0.8s  avg= 0.7s/seq  elapsed=  0.4m  eta=  1.1m
[run] meanflow  k=3/10 seq=11/12 (35/120)  t0=7960   rollout=  0.8s  avg= 0.7s/seq  elapsed=  0.4m  eta=  1.1m
[run] meanflow  k=3/10 seq=12/12 (36/120)  t0=8757   rollout=  0.7s  avg= 0.7s/seq  elapsed=  0.4m  eta=  1.0m
[run] meanflow  k=4/10 seq=1/12 (37/120)  t0=0      rollout=  0.7s  avg= 0.7s/seq  elapsed=  0.5m  eta=  1.0m
[run] meanflow  k=4/10 seq=2/12 (38/120)  t0=796    rollout=  0.7s  avg= 0.7s/seq  elapsed=  0.5m  eta=  1.0m
[run] meanflow  k=4/10 seq=3/12 (39/120)  t0=1592   rollout=  0.8s  avg= 0.7s/seq  elapsed=  0.5m  eta=  1.0m
[run] meanflow  k=4/10 seq=4/12 (40/120)  t0=2388   rollout=  0.8s  avg= 0.7s/seq  elapsed=  0.5m  eta=  1.0m
[run] meanflow  k=4/10 seq=5/12 (41/120)  t0=3184   rollout=  0.7s  avg= 0.7s/seq  elapsed=  0.5m  eta=  1.0m
[run] meanflow  k=4/10 seq=6/12 (42/120)  t0=3980   rollout=  0.7s  avg= 0.7s/seq  elapsed=  0.5m  eta=  1.0m
[run] meanflow  k=4/10 seq=7/12 (43/120)  t0=4776   rollout=  0.7s  avg= 0.7s/seq  elapsed=  0.5m  eta=  1.0m
[run] meanflow  k=4/10 seq=8/12 (44/120)  t0=5572   rollout=  0.7s  avg= 0.7s/seq  elapsed=  0.5m  eta=  0.9m
[run] meanflow  k=4/10 seq=9/12 (45/120)  t0=6368   rollout=  0.7s  avg= 0.7s/seq  elapsed=  0.6m  eta=  0.9m
[run] meanflow  k=4/10 seq=10/12 (46/120)  t0=7164   rollout=  0.7s  avg= 0.7s/seq  elapsed=  0.6m  eta=  0.9m
[run] meanflow  k=4/10 seq=11/12 (47/120)  t0=7960   rollout=  0.7s  avg= 0.7s/seq  elapsed=  0.6m  eta=  0.9m
[run] meanflow  k=4/10 seq=12/12 (48/120)  t0=8757   rollout=  0.7s  avg= 0.7s/seq  elapsed=  0.6m  eta=  0.9m
[run] meanflow  k=5/10 seq=1/12 (49/120)  t0=0      rollout=  0.8s  avg= 0.7s/seq  elapsed=  0.6m  eta=  0.9m
[run] meanflow  k=5/10 seq=2/12 (50/120)  t0=796    rollout=  0.7s  avg= 0.7s/seq  elapsed=  0.6m  eta=  0.9m
[run] meanflow  k=5/10 seq=3/12 (51/120)  t0=1592   rollout=  0.7s  avg= 0.7s/seq  elapsed=  0.6m  eta=  0.9m
[run] meanflow  k=5/10 seq=4/12 (52/120)  t0=2388   rollout=  0.7s  avg= 0.7s/seq  elapsed=  0.6m  eta=  0.8m
[run] meanflow  k=5/10 seq=5/12 (53/120)  t0=3184   rollout=  0.8s  avg= 0.7s/seq  elapsed=  0.7m  eta=  0.8m
[run] meanflow  k=5/10 seq=6/12 (54/120)  t0=3980   rollout=  0.8s  avg= 0.7s/seq  elapsed=  0.7m  eta=  0.8m
[run] meanflow  k=5/10 seq=7/12 (55/120)  t0=4776   rollout=  0.7s  avg= 0.7s/seq  elapsed=  0.7m  eta=  0.8m
[run] meanflow  k=5/10 seq=8/12 (56/120)  t0=5572   rollout=  0.7s  avg= 0.7s/seq  elapsed=  0.7m  eta=  0.8m
[run] meanflow  k=5/10 seq=9/12 (57/120)  t0=6368   rollout=  0.7s  avg= 0.7s/seq  elapsed=  0.7m  eta=  0.8m
[run] meanflow  k=5/10 seq=10/12 (58/120)  t0=7164   rollout=  0.8s  avg= 0.7s/seq  elapsed=  0.7m  eta=  0.8m
[run] meanflow  k=5/10 seq=11/12 (59/120)  t0=7960   rollout=  0.8s  avg= 0.7s/seq  elapsed=  0.7m  eta=  0.8m
[run] meanflow  k=5/10 seq=12/12 (60/120)  t0=8757   rollout=  0.8s  avg= 0.7s/seq  elapsed=  0.7m  eta=  0.7m
[run] meanflow  k=6/10 seq=1/12 (61/120)  t0=0      rollout=  0.7s  avg= 0.7s/seq  elapsed=  0.8m  eta=  0.7m
[run] meanflow  k=6/10 seq=2/12 (62/120)  t0=796    rollout=  0.8s  avg= 0.7s/seq  elapsed=  0.8m  eta=  0.7m
[run] meanflow  k=6/10 seq=3/12 (63/120)  t0=1592   rollout=  0.8s  avg= 0.7s/seq  elapsed=  0.8m  eta=  0.7m
[run] meanflow  k=6/10 seq=4/12 (64/120)  t0=2388   rollout=  0.7s  avg= 0.7s/seq  elapsed=  0.8m  eta=  0.7m
[run] meanflow  k=6/10 seq=5/12 (65/120)  t0=3184   rollout=  0.8s  avg= 0.7s/seq  elapsed=  0.8m  eta=  0.7m
[run] meanflow  k=6/10 seq=6/12 (66/120)  t0=3980   rollout=  0.8s  avg= 0.7s/seq  elapsed=  0.8m  eta=  0.7m
[run] meanflow  k=6/10 seq=7/12 (67/120)  t0=4776   rollout=  0.8s  avg= 0.7s/seq  elapsed=  0.8m  eta=  0.7m
[run] meanflow  k=6/10 seq=8/12 (68/120)  t0=5572   rollout=  0.8s  avg= 0.7s/seq  elapsed=  0.8m  eta=  0.6m
[run] meanflow  k=6/10 seq=9/12 (69/120)  t0=6368   rollout=  0.8s  avg= 0.7s/seq  elapsed=  0.9m  eta=  0.6m
[run] meanflow  k=6/10 seq=10/12 (70/120)  t0=7164   rollout=  0.8s  avg= 0.7s/seq  elapsed=  0.9m  eta=  0.6m
[run] meanflow  k=6/10 seq=11/12 (71/120)  t0=7960   rollout=  0.8s  avg= 0.7s/seq  elapsed=  0.9m  eta=  0.6m
[run] meanflow  k=6/10 seq=12/12 (72/120)  t0=8757   rollout=  0.8s  avg= 0.7s/seq  elapsed=  0.9m  eta=  0.6m
[run] meanflow  k=7/10 seq=1/12 (73/120)  t0=0      rollout=  0.8s  avg= 0.7s/seq  elapsed=  0.9m  eta=  0.6m
[run] meanflow  k=7/10 seq=2/12 (74/120)  t0=796    rollout=  0.8s  avg= 0.8s/seq  elapsed=  0.9m  eta=  0.6m
[run] meanflow  k=7/10 seq=3/12 (75/120)  t0=1592   rollout=  0.8s  avg= 0.8s/seq  elapsed=  0.9m  eta=  0.6m
[run] meanflow  k=7/10 seq=4/12 (76/120)  t0=2388   rollout=  0.8s  avg= 0.8s/seq  elapsed=  1.0m  eta=  0.6m
[run] meanflow  k=7/10 seq=5/12 (77/120)  t0=3184   rollout=  0.8s  avg= 0.8s/seq  elapsed=  1.0m  eta=  0.5m
[run] meanflow  k=7/10 seq=6/12 (78/120)  t0=3980   rollout=  0.8s  avg= 0.8s/seq  elapsed=  1.0m  eta=  0.5m
[run] meanflow  k=7/10 seq=7/12 (79/120)  t0=4776   rollout=  0.8s  avg= 0.8s/seq  elapsed=  1.0m  eta=  0.5m
[run] meanflow  k=7/10 seq=8/12 (80/120)  t0=5572   rollout=  0.8s  avg= 0.8s/seq  elapsed=  1.0m  eta=  0.5m
[run] meanflow  k=7/10 seq=9/12 (81/120)  t0=6368   rollout=  0.8s  avg= 0.8s/seq  elapsed=  1.0m  eta=  0.5m
[run] meanflow  k=7/10 seq=10/12 (82/120)  t0=7164   rollout=  0.7s  avg= 0.8s/seq  elapsed=  1.0m  eta=  0.5m
[run] meanflow  k=7/10 seq=11/12 (83/120)  t0=7960   rollout=  0.7s  avg= 0.8s/seq  elapsed=  1.0m  eta=  0.5m
[run] meanflow  k=7/10 seq=12/12 (84/120)  t0=8757   rollout=  0.8s  avg= 0.8s/seq  elapsed=  1.1m  eta=  0.5m
[run] meanflow  k=8/10 seq=1/12 (85/120)  t0=0      rollout=  0.7s  avg= 0.8s/seq  elapsed=  1.1m  eta=  0.4m
[run] meanflow  k=8/10 seq=2/12 (86/120)  t0=796    rollout=  0.7s  avg= 0.8s/seq  elapsed=  1.1m  eta=  0.4m
[run] meanflow  k=8/10 seq=3/12 (87/120)  t0=1592   rollout=  0.7s  avg= 0.8s/seq  elapsed=  1.1m  eta=  0.4m
[run] meanflow  k=8/10 seq=4/12 (88/120)  t0=2388   rollout=  0.8s  avg= 0.8s/seq  elapsed=  1.1m  eta=  0.4m
[run] meanflow  k=8/10 seq=5/12 (89/120)  t0=3184   rollout=  0.8s  avg= 0.8s/seq  elapsed=  1.1m  eta=  0.4m
[run] meanflow  k=8/10 seq=6/12 (90/120)  t0=3980   rollout=  0.8s  avg= 0.8s/seq  elapsed=  1.1m  eta=  0.4m
[run] meanflow  k=8/10 seq=7/12 (91/120)  t0=4776   rollout=  0.8s  avg= 0.8s/seq  elapsed=  1.1m  eta=  0.4m
[run] meanflow  k=8/10 seq=8/12 (92/120)  t0=5572   rollout=  0.7s  avg= 0.8s/seq  elapsed=  1.2m  eta=  0.4m
[run] meanflow  k=8/10 seq=9/12 (93/120)  t0=6368   rollout=  0.8s  avg= 0.8s/seq  elapsed=  1.2m  eta=  0.3m
[run] meanflow  k=8/10 seq=10/12 (94/120)  t0=7164   rollout=  0.8s  avg= 0.8s/seq  elapsed=  1.2m  eta=  0.3m
[run] meanflow  k=8/10 seq=11/12 (95/120)  t0=7960   rollout=  0.8s  avg= 0.8s/seq  elapsed=  1.2m  eta=  0.3m
[run] meanflow  k=8/10 seq=12/12 (96/120)  t0=8757   rollout=  0.8s  avg= 0.8s/seq  elapsed=  1.2m  eta=  0.3m
[run] meanflow  k=9/10 seq=1/12 (97/120)  t0=0      rollout=  0.8s  avg= 0.8s/seq  elapsed=  1.2m  eta=  0.3m
[run] meanflow  k=9/10 seq=2/12 (98/120)  t0=796    rollout=  0.8s  avg= 0.8s/seq  elapsed=  1.2m  eta=  0.3m
[run] meanflow  k=9/10 seq=3/12 (99/120)  t0=1592   rollout=  0.8s  avg= 0.8s/seq  elapsed=  1.2m  eta=  0.3m
[run] meanflow  k=9/10 seq=4/12 (100/120)  t0=2388   rollout=  0.8s  avg= 0.8s/seq  elapsed=  1.3m  eta=  0.3m
[run] meanflow  k=9/10 seq=5/12 (101/120)  t0=3184   rollout=  0.8s  avg= 0.8s/seq  elapsed=  1.3m  eta=  0.2m
[run] meanflow  k=9/10 seq=6/12 (102/120)  t0=3980   rollout=  0.8s  avg= 0.8s/seq  elapsed=  1.3m  eta=  0.2m
[run] meanflow  k=9/10 seq=7/12 (103/120)  t0=4776   rollout=  0.8s  avg= 0.8s/seq  elapsed=  1.3m  eta=  0.2m
[run] meanflow  k=9/10 seq=8/12 (104/120)  t0=5572   rollout=  0.7s  avg= 0.8s/seq  elapsed=  1.3m  eta=  0.2m
[run] meanflow  k=9/10 seq=9/12 (105/120)  t0=6368   rollout=  0.7s  avg= 0.8s/seq  elapsed=  1.3m  eta=  0.2m
[run] meanflow  k=9/10 seq=10/12 (106/120)  t0=7164   rollout=  0.7s  avg= 0.8s/seq  elapsed=  1.3m  eta=  0.2m
[run] meanflow  k=9/10 seq=11/12 (107/120)  t0=7960   rollout=  0.8s  avg= 0.8s/seq  elapsed=  1.3m  eta=  0.2m
[run] meanflow  k=9/10 seq=12/12 (108/120)  t0=8757   rollout=  0.7s  avg= 0.8s/seq  elapsed=  1.4m  eta=  0.2m
[run] meanflow  k=10/10 seq=1/12 (109/120)  t0=0      rollout=  0.7s  avg= 0.8s/seq  elapsed=  1.4m  eta=  0.1m
[run] meanflow  k=10/10 seq=2/12 (110/120)  t0=796    rollout=  0.8s  avg= 0.8s/seq  elapsed=  1.4m  eta=  0.1m
[run] meanflow  k=10/10 seq=3/12 (111/120)  t0=1592   rollout=  0.8s  avg= 0.8s/seq  elapsed=  1.4m  eta=  0.1m
[run] meanflow  k=10/10 seq=4/12 (112/120)  t0=2388   rollout=  0.8s  avg= 0.8s/seq  elapsed=  1.4m  eta=  0.1m
[run] meanflow  k=10/10 seq=5/12 (113/120)  t0=3184   rollout=  0.8s  avg= 0.8s/seq  elapsed=  1.4m  eta=  0.1m
[run] meanflow  k=10/10 seq=6/12 (114/120)  t0=3980   rollout=  0.8s  avg= 0.8s/seq  elapsed=  1.4m  eta=  0.1m
[run] meanflow  k=10/10 seq=7/12 (115/120)  t0=4776   rollout=  0.9s  avg= 0.8s/seq  elapsed=  1.4m  eta=  0.1m
[run] meanflow  k=10/10 seq=8/12 (116/120)  t0=5572   rollout=  0.8s  avg= 0.8s/seq  elapsed=  1.5m  eta=  0.1m
[run] meanflow  k=10/10 seq=9/12 (117/120)  t0=6368   rollout=  0.8s  avg= 0.8s/seq  elapsed=  1.5m  eta=  0.0m
[run] meanflow  k=10/10 seq=10/12 (118/120)  t0=7164   rollout=  0.7s  avg= 0.8s/seq  elapsed=  1.5m  eta=  0.0m
[run] meanflow  k=10/10 seq=11/12 (119/120)  t0=7960   rollout=  0.8s  avg= 0.8s/seq  elapsed=  1.5m  eta=  0.0m
[run] meanflow  k=10/10 seq=12/12 (120/120)  t0=8757   rollout=  0.8s  avg= 0.8s/seq  elapsed=  1.5m  eta=  0.0m
[run] meanflow ensemble finished in 1.5m
[2026-06-12 11:54:11] [nfe_sweep] NFE= 16  t/seq= 0.74s  CRPS-qpepre=0.1184  CSI-M=0.2953  RMSE-qpepre=0.5522  NFE-elapsed=1.5m
| method | Time/Seq.(s) | CRPS↓ | CSI-M↑ | CSI-P16↑ | FSS-P16-M↑ | HSS-M↑ | FAR-M↓ | RMSE_u10↓ | RMSE_v10↓ | RMSE_t2m↓ | RMSE_qpepre↓ |
|---|---|---|---|---|---|---|---|---|---|---|---|
| meanflow | 0.740 | 0.2837 | 0.2953 | 0.2063 | 0.3218 | 0.3966 | 0.2640 | 0.8301 | 0.8310 | 0.3863 | 0.5522 |

================================================================
[2026-06-12 11:54:11] NFE = 20   (11/15)
================================================================
[run] meanflow ensemble starting: K=10 x S=12 x T=1 = 120 sequence-rollouts
[run] meanflow  k=1/10 seq=1/12 (1/120)  t0=0      rollout=  0.9s  avg= 0.9s/seq  elapsed=  0.0m  eta=  1.8m
[run] meanflow  k=1/10 seq=2/12 (2/120)  t0=796    rollout=  0.9s  avg= 0.9s/seq  elapsed=  0.0m  eta=  1.8m
[run] meanflow  k=1/10 seq=3/12 (3/120)  t0=1592   rollout=  0.9s  avg= 0.9s/seq  elapsed=  0.0m  eta=  1.8m
[run] meanflow  k=1/10 seq=4/12 (4/120)  t0=2388   rollout=  0.9s  avg= 0.9s/seq  elapsed=  0.1m  eta=  1.7m
[run] meanflow  k=1/10 seq=5/12 (5/120)  t0=3184   rollout=  0.9s  avg= 0.9s/seq  elapsed=  0.1m  eta=  1.7m
[run] meanflow  k=1/10 seq=6/12 (6/120)  t0=3980   rollout=  0.9s  avg= 0.9s/seq  elapsed=  0.1m  eta=  1.7m
[run] meanflow  k=1/10 seq=7/12 (7/120)  t0=4776   rollout=  0.9s  avg= 0.9s/seq  elapsed=  0.1m  eta=  1.7m
[run] meanflow  k=1/10 seq=8/12 (8/120)  t0=5572   rollout=  0.9s  avg= 0.9s/seq  elapsed=  0.1m  eta=  1.7m
[run] meanflow  k=1/10 seq=9/12 (9/120)  t0=6368   rollout=  0.9s  avg= 0.9s/seq  elapsed=  0.1m  eta=  1.7m
[run] meanflow  k=1/10 seq=10/12 (10/120)  t0=7164   rollout=  0.9s  avg= 0.9s/seq  elapsed=  0.1m  eta=  1.6m
[run] meanflow  k=1/10 seq=11/12 (11/120)  t0=7960   rollout=  0.9s  avg= 0.9s/seq  elapsed=  0.2m  eta=  1.6m
[run] meanflow  k=1/10 seq=12/12 (12/120)  t0=8757   rollout=  0.9s  avg= 0.9s/seq  elapsed=  0.2m  eta=  1.6m
[run] meanflow  k=2/10 seq=1/12 (13/120)  t0=0      rollout=  0.9s  avg= 0.9s/seq  elapsed=  0.2m  eta=  1.6m
[run] meanflow  k=2/10 seq=2/12 (14/120)  t0=796    rollout=  0.9s  avg= 0.9s/seq  elapsed=  0.2m  eta=  1.6m
[run] meanflow  k=2/10 seq=3/12 (15/120)  t0=1592   rollout=  0.9s  avg= 0.9s/seq  elapsed=  0.2m  eta=  1.6m
[run] meanflow  k=2/10 seq=4/12 (16/120)  t0=2388   rollout=  0.9s  avg= 0.9s/seq  elapsed=  0.2m  eta=  1.6m
[run] meanflow  k=2/10 seq=5/12 (17/120)  t0=3184   rollout=  0.9s  avg= 0.9s/seq  elapsed=  0.3m  eta=  1.5m
[run] meanflow  k=2/10 seq=6/12 (18/120)  t0=3980   rollout=  0.9s  avg= 0.9s/seq  elapsed=  0.3m  eta=  1.5m
[run] meanflow  k=2/10 seq=7/12 (19/120)  t0=4776   rollout=  0.9s  avg= 0.9s/seq  elapsed=  0.3m  eta=  1.5m
[run] meanflow  k=2/10 seq=8/12 (20/120)  t0=5572   rollout=  0.9s  avg= 0.9s/seq  elapsed=  0.3m  eta=  1.5m
[run] meanflow  k=2/10 seq=9/12 (21/120)  t0=6368   rollout=  1.0s  avg= 0.9s/seq  elapsed=  0.3m  eta=  1.5m
[run] meanflow  k=2/10 seq=10/12 (22/120)  t0=7164   rollout=  1.0s  avg= 0.9s/seq  elapsed=  0.3m  eta=  1.5m
[run] meanflow  k=2/10 seq=11/12 (23/120)  t0=7960   rollout=  0.9s  avg= 0.9s/seq  elapsed=  0.3m  eta=  1.5m
[run] meanflow  k=2/10 seq=12/12 (24/120)  t0=8757   rollout=  0.9s  avg= 0.9s/seq  elapsed=  0.4m  eta=  1.5m
[run] meanflow  k=3/10 seq=1/12 (25/120)  t0=0      rollout=  0.9s  avg= 0.9s/seq  elapsed=  0.4m  eta=  1.4m
[run] meanflow  k=3/10 seq=2/12 (26/120)  t0=796    rollout=  0.9s  avg= 0.9s/seq  elapsed=  0.4m  eta=  1.4m
[run] meanflow  k=3/10 seq=3/12 (27/120)  t0=1592   rollout=  0.9s  avg= 0.9s/seq  elapsed=  0.4m  eta=  1.4m
[run] meanflow  k=3/10 seq=4/12 (28/120)  t0=2388   rollout=  0.9s  avg= 0.9s/seq  elapsed=  0.4m  eta=  1.4m
[run] meanflow  k=3/10 seq=5/12 (29/120)  t0=3184   rollout=  0.9s  avg= 0.9s/seq  elapsed=  0.4m  eta=  1.4m
[run] meanflow  k=3/10 seq=6/12 (30/120)  t0=3980   rollout=  0.9s  avg= 0.9s/seq  elapsed=  0.5m  eta=  1.4m
[run] meanflow  k=3/10 seq=7/12 (31/120)  t0=4776   rollout=  0.9s  avg= 0.9s/seq  elapsed=  0.5m  eta=  1.3m
[run] meanflow  k=3/10 seq=8/12 (32/120)  t0=5572   rollout=  0.9s  avg= 0.9s/seq  elapsed=  0.5m  eta=  1.3m
[run] meanflow  k=3/10 seq=9/12 (33/120)  t0=6368   rollout=  0.9s  avg= 0.9s/seq  elapsed=  0.5m  eta=  1.3m
[run] meanflow  k=3/10 seq=10/12 (34/120)  t0=7164   rollout=  0.9s  avg= 0.9s/seq  elapsed=  0.5m  eta=  1.3m
[run] meanflow  k=3/10 seq=11/12 (35/120)  t0=7960   rollout=  0.9s  avg= 0.9s/seq  elapsed=  0.5m  eta=  1.3m
[run] meanflow  k=3/10 seq=12/12 (36/120)  t0=8757   rollout=  0.9s  avg= 0.9s/seq  elapsed=  0.5m  eta=  1.3m
[run] meanflow  k=4/10 seq=1/12 (37/120)  t0=0      rollout=  0.9s  avg= 0.9s/seq  elapsed=  0.6m  eta=  1.3m
[run] meanflow  k=4/10 seq=2/12 (38/120)  t0=796    rollout=  0.9s  avg= 0.9s/seq  elapsed=  0.6m  eta=  1.2m
[run] meanflow  k=4/10 seq=3/12 (39/120)  t0=1592   rollout=  0.9s  avg= 0.9s/seq  elapsed=  0.6m  eta=  1.2m
[run] meanflow  k=4/10 seq=4/12 (40/120)  t0=2388   rollout=  0.9s  avg= 0.9s/seq  elapsed=  0.6m  eta=  1.2m
[run] meanflow  k=4/10 seq=5/12 (41/120)  t0=3184   rollout=  0.9s  avg= 0.9s/seq  elapsed=  0.6m  eta=  1.2m
[run] meanflow  k=4/10 seq=6/12 (42/120)  t0=3980   rollout=  0.9s  avg= 0.9s/seq  elapsed=  0.6m  eta=  1.2m
[run] meanflow  k=4/10 seq=7/12 (43/120)  t0=4776   rollout=  0.9s  avg= 0.9s/seq  elapsed=  0.6m  eta=  1.2m
[run] meanflow  k=4/10 seq=8/12 (44/120)  t0=5572   rollout=  0.9s  avg= 0.9s/seq  elapsed=  0.7m  eta=  1.1m
[run] meanflow  k=4/10 seq=9/12 (45/120)  t0=6368   rollout=  0.9s  avg= 0.9s/seq  elapsed=  0.7m  eta=  1.1m
[run] meanflow  k=4/10 seq=10/12 (46/120)  t0=7164   rollout=  0.9s  avg= 0.9s/seq  elapsed=  0.7m  eta=  1.1m
[run] meanflow  k=4/10 seq=11/12 (47/120)  t0=7960   rollout=  0.9s  avg= 0.9s/seq  elapsed=  0.7m  eta=  1.1m
[run] meanflow  k=4/10 seq=12/12 (48/120)  t0=8757   rollout=  0.9s  avg= 0.9s/seq  elapsed=  0.7m  eta=  1.1m
[run] meanflow  k=5/10 seq=1/12 (49/120)  t0=0      rollout=  0.9s  avg= 0.9s/seq  elapsed=  0.7m  eta=  1.1m
[run] meanflow  k=5/10 seq=2/12 (50/120)  t0=796    rollout=  0.9s  avg= 0.9s/seq  elapsed=  0.8m  eta=  1.1m
[run] meanflow  k=5/10 seq=3/12 (51/120)  t0=1592   rollout=  0.9s  avg= 0.9s/seq  elapsed=  0.8m  eta=  1.0m
[run] meanflow  k=5/10 seq=4/12 (52/120)  t0=2388   rollout=  0.9s  avg= 0.9s/seq  elapsed=  0.8m  eta=  1.0m
[run] meanflow  k=5/10 seq=5/12 (53/120)  t0=3184   rollout=  0.9s  avg= 0.9s/seq  elapsed=  0.8m  eta=  1.0m
[run] meanflow  k=5/10 seq=6/12 (54/120)  t0=3980   rollout=  0.9s  avg= 0.9s/seq  elapsed=  0.8m  eta=  1.0m
[run] meanflow  k=5/10 seq=7/12 (55/120)  t0=4776   rollout=  0.9s  avg= 0.9s/seq  elapsed=  0.8m  eta=  1.0m
[run] meanflow  k=5/10 seq=8/12 (56/120)  t0=5572   rollout=  0.9s  avg= 0.9s/seq  elapsed=  0.8m  eta=  1.0m
[run] meanflow  k=5/10 seq=9/12 (57/120)  t0=6368   rollout=  0.9s  avg= 0.9s/seq  elapsed=  0.9m  eta=  0.9m
[run] meanflow  k=5/10 seq=10/12 (58/120)  t0=7164   rollout=  0.9s  avg= 0.9s/seq  elapsed=  0.9m  eta=  0.9m
[run] meanflow  k=5/10 seq=11/12 (59/120)  t0=7960   rollout=  0.9s  avg= 0.9s/seq  elapsed=  0.9m  eta=  0.9m
[run] meanflow  k=5/10 seq=12/12 (60/120)  t0=8757   rollout=  0.9s  avg= 0.9s/seq  elapsed=  0.9m  eta=  0.9m
[run] meanflow  k=6/10 seq=1/12 (61/120)  t0=0      rollout=  0.9s  avg= 0.9s/seq  elapsed=  0.9m  eta=  0.9m
[run] meanflow  k=6/10 seq=2/12 (62/120)  t0=796    rollout=  0.9s  avg= 0.9s/seq  elapsed=  0.9m  eta=  0.9m
[run] meanflow  k=6/10 seq=3/12 (63/120)  t0=1592   rollout=  0.9s  avg= 0.9s/seq  elapsed=  1.0m  eta=  0.9m
[run] meanflow  k=6/10 seq=4/12 (64/120)  t0=2388   rollout=  0.9s  avg= 0.9s/seq  elapsed=  1.0m  eta=  0.8m
[run] meanflow  k=6/10 seq=5/12 (65/120)  t0=3184   rollout=  0.9s  avg= 0.9s/seq  elapsed=  1.0m  eta=  0.8m
[run] meanflow  k=6/10 seq=6/12 (66/120)  t0=3980   rollout=  0.9s  avg= 0.9s/seq  elapsed=  1.0m  eta=  0.8m
[run] meanflow  k=6/10 seq=7/12 (67/120)  t0=4776   rollout=  0.9s  avg= 0.9s/seq  elapsed=  1.0m  eta=  0.8m
[run] meanflow  k=6/10 seq=8/12 (68/120)  t0=5572   rollout=  0.9s  avg= 0.9s/seq  elapsed=  1.0m  eta=  0.8m
[run] meanflow  k=6/10 seq=9/12 (69/120)  t0=6368   rollout=  0.9s  avg= 0.9s/seq  elapsed=  1.0m  eta=  0.8m
[run] meanflow  k=6/10 seq=10/12 (70/120)  t0=7164   rollout=  0.9s  avg= 0.9s/seq  elapsed=  1.1m  eta=  0.8m
[run] meanflow  k=6/10 seq=11/12 (71/120)  t0=7960   rollout=  0.9s  avg= 0.9s/seq  elapsed=  1.1m  eta=  0.7m
[run] meanflow  k=6/10 seq=12/12 (72/120)  t0=8757   rollout=  0.9s  avg= 0.9s/seq  elapsed=  1.1m  eta=  0.7m
[run] meanflow  k=7/10 seq=1/12 (73/120)  t0=0      rollout=  0.9s  avg= 0.9s/seq  elapsed=  1.1m  eta=  0.7m
[run] meanflow  k=7/10 seq=2/12 (74/120)  t0=796    rollout=  0.9s  avg= 0.9s/seq  elapsed=  1.1m  eta=  0.7m
[run] meanflow  k=7/10 seq=3/12 (75/120)  t0=1592   rollout=  0.9s  avg= 0.9s/seq  elapsed=  1.1m  eta=  0.7m
[run] meanflow  k=7/10 seq=4/12 (76/120)  t0=2388   rollout=  0.9s  avg= 0.9s/seq  elapsed=  1.1m  eta=  0.7m
[run] meanflow  k=7/10 seq=5/12 (77/120)  t0=3184   rollout=  0.9s  avg= 0.9s/seq  elapsed=  1.2m  eta=  0.6m
[run] meanflow  k=7/10 seq=6/12 (78/120)  t0=3980   rollout=  1.1s  avg= 0.9s/seq  elapsed=  1.2m  eta=  0.6m
[run] meanflow  k=7/10 seq=7/12 (79/120)  t0=4776   rollout=  0.9s  avg= 0.9s/seq  elapsed=  1.2m  eta=  0.6m
[run] meanflow  k=7/10 seq=8/12 (80/120)  t0=5572   rollout=  0.9s  avg= 0.9s/seq  elapsed=  1.2m  eta=  0.6m
[run] meanflow  k=7/10 seq=9/12 (81/120)  t0=6368   rollout=  0.9s  avg= 0.9s/seq  elapsed=  1.2m  eta=  0.6m
[run] meanflow  k=7/10 seq=10/12 (82/120)  t0=7164   rollout=  0.9s  avg= 0.9s/seq  elapsed=  1.2m  eta=  0.6m
[run] meanflow  k=7/10 seq=11/12 (83/120)  t0=7960   rollout=  0.9s  avg= 0.9s/seq  elapsed=  1.3m  eta=  0.6m
[run] meanflow  k=7/10 seq=12/12 (84/120)  t0=8757   rollout=  0.9s  avg= 0.9s/seq  elapsed=  1.3m  eta=  0.5m
[run] meanflow  k=8/10 seq=1/12 (85/120)  t0=0      rollout=  0.9s  avg= 0.9s/seq  elapsed=  1.3m  eta=  0.5m
[run] meanflow  k=8/10 seq=2/12 (86/120)  t0=796    rollout=  0.9s  avg= 0.9s/seq  elapsed=  1.3m  eta=  0.5m
[run] meanflow  k=8/10 seq=3/12 (87/120)  t0=1592   rollout=  0.9s  avg= 0.9s/seq  elapsed=  1.3m  eta=  0.5m
[run] meanflow  k=8/10 seq=4/12 (88/120)  t0=2388   rollout=  0.9s  avg= 0.9s/seq  elapsed=  1.3m  eta=  0.5m
[run] meanflow  k=8/10 seq=5/12 (89/120)  t0=3184   rollout=  0.9s  avg= 0.9s/seq  elapsed=  1.3m  eta=  0.5m
[run] meanflow  k=8/10 seq=6/12 (90/120)  t0=3980   rollout=  0.9s  avg= 0.9s/seq  elapsed=  1.4m  eta=  0.5m
[run] meanflow  k=8/10 seq=7/12 (91/120)  t0=4776   rollout=  0.9s  avg= 0.9s/seq  elapsed=  1.4m  eta=  0.4m
[run] meanflow  k=8/10 seq=8/12 (92/120)  t0=5572   rollout=  0.9s  avg= 0.9s/seq  elapsed=  1.4m  eta=  0.4m
[run] meanflow  k=8/10 seq=9/12 (93/120)  t0=6368   rollout=  0.9s  avg= 0.9s/seq  elapsed=  1.4m  eta=  0.4m
[run] meanflow  k=8/10 seq=10/12 (94/120)  t0=7164   rollout=  1.0s  avg= 0.9s/seq  elapsed=  1.4m  eta=  0.4m
[run] meanflow  k=8/10 seq=11/12 (95/120)  t0=7960   rollout=  0.9s  avg= 0.9s/seq  elapsed=  1.4m  eta=  0.4m
[run] meanflow  k=8/10 seq=12/12 (96/120)  t0=8757   rollout=  0.9s  avg= 0.9s/seq  elapsed=  1.5m  eta=  0.4m
[run] meanflow  k=9/10 seq=1/12 (97/120)  t0=0      rollout=  0.9s  avg= 0.9s/seq  elapsed=  1.5m  eta=  0.3m
[run] meanflow  k=9/10 seq=2/12 (98/120)  t0=796    rollout=  0.9s  avg= 0.9s/seq  elapsed=  1.5m  eta=  0.3m
[run] meanflow  k=9/10 seq=3/12 (99/120)  t0=1592   rollout=  0.9s  avg= 0.9s/seq  elapsed=  1.5m  eta=  0.3m
[run] meanflow  k=9/10 seq=4/12 (100/120)  t0=2388   rollout=  0.9s  avg= 0.9s/seq  elapsed=  1.5m  eta=  0.3m
[run] meanflow  k=9/10 seq=5/12 (101/120)  t0=3184   rollout=  0.9s  avg= 0.9s/seq  elapsed=  1.5m  eta=  0.3m
[run] meanflow  k=9/10 seq=6/12 (102/120)  t0=3980   rollout=  0.9s  avg= 0.9s/seq  elapsed=  1.5m  eta=  0.3m
[run] meanflow  k=9/10 seq=7/12 (103/120)  t0=4776   rollout=  0.9s  avg= 0.9s/seq  elapsed=  1.6m  eta=  0.3m
[run] meanflow  k=9/10 seq=8/12 (104/120)  t0=5572   rollout=  0.9s  avg= 0.9s/seq  elapsed=  1.6m  eta=  0.2m
[run] meanflow  k=9/10 seq=9/12 (105/120)  t0=6368   rollout=  0.9s  avg= 0.9s/seq  elapsed=  1.6m  eta=  0.2m
[run] meanflow  k=9/10 seq=10/12 (106/120)  t0=7164   rollout=  0.9s  avg= 0.9s/seq  elapsed=  1.6m  eta=  0.2m
[run] meanflow  k=9/10 seq=11/12 (107/120)  t0=7960   rollout=  0.9s  avg= 0.9s/seq  elapsed=  1.6m  eta=  0.2m
[run] meanflow  k=9/10 seq=12/12 (108/120)  t0=8757   rollout=  0.9s  avg= 0.9s/seq  elapsed=  1.6m  eta=  0.2m
[run] meanflow  k=10/10 seq=1/12 (109/120)  t0=0      rollout=  0.9s  avg= 0.9s/seq  elapsed=  1.6m  eta=  0.2m
[run] meanflow  k=10/10 seq=2/12 (110/120)  t0=796    rollout=  0.9s  avg= 0.9s/seq  elapsed=  1.7m  eta=  0.2m
[run] meanflow  k=10/10 seq=3/12 (111/120)  t0=1592   rollout=  0.9s  avg= 0.9s/seq  elapsed=  1.7m  eta=  0.1m
[run] meanflow  k=10/10 seq=4/12 (112/120)  t0=2388   rollout=  0.9s  avg= 0.9s/seq  elapsed=  1.7m  eta=  0.1m
[run] meanflow  k=10/10 seq=5/12 (113/120)  t0=3184   rollout=  0.9s  avg= 0.9s/seq  elapsed=  1.7m  eta=  0.1m
[run] meanflow  k=10/10 seq=6/12 (114/120)  t0=3980   rollout=  0.9s  avg= 0.9s/seq  elapsed=  1.7m  eta=  0.1m
[run] meanflow  k=10/10 seq=7/12 (115/120)  t0=4776   rollout=  0.9s  avg= 0.9s/seq  elapsed=  1.7m  eta=  0.1m
[run] meanflow  k=10/10 seq=8/12 (116/120)  t0=5572   rollout=  0.9s  avg= 0.9s/seq  elapsed=  1.8m  eta=  0.1m
[run] meanflow  k=10/10 seq=9/12 (117/120)  t0=6368   rollout=  0.9s  avg= 0.9s/seq  elapsed=  1.8m  eta=  0.0m
[run] meanflow  k=10/10 seq=10/12 (118/120)  t0=7164   rollout=  0.9s  avg= 0.9s/seq  elapsed=  1.8m  eta=  0.0m
[run] meanflow  k=10/10 seq=11/12 (119/120)  t0=7960   rollout=  0.9s  avg= 0.9s/seq  elapsed=  1.8m  eta=  0.0m
[run] meanflow  k=10/10 seq=12/12 (120/120)  t0=8757   rollout=  0.9s  avg= 0.9s/seq  elapsed=  1.8m  eta=  0.0m
[run] meanflow ensemble finished in 1.8m
[2026-06-12 11:56:00] [nfe_sweep] NFE= 20  t/seq= 0.90s  CRPS-qpepre=0.1190  CSI-M=0.2879  RMSE-qpepre=0.5521  NFE-elapsed=1.8m
| method | Time/Seq.(s) | CRPS↓ | CSI-M↑ | CSI-P16↑ | FSS-P16-M↑ | HSS-M↑ | FAR-M↓ | RMSE_u10↓ | RMSE_v10↓ | RMSE_t2m↓ | RMSE_qpepre↓ |
|---|---|---|---|---|---|---|---|---|---|---|---|
| meanflow | 0.897 | 0.2834 | 0.2879 | 0.1746 | 0.2806 | 0.3862 | 0.2461 | 0.8313 | 0.8271 | 0.3884 | 0.5521 |

================================================================
[2026-06-12 11:56:00] NFE = 25   (12/15)
================================================================
[run] meanflow ensemble starting: K=10 x S=12 x T=1 = 120 sequence-rollouts
[run] meanflow  k=1/10 seq=1/12 (1/120)  t0=0      rollout=  1.1s  avg= 1.1s/seq  elapsed=  0.0m  eta=  2.1m
[run] meanflow  k=1/10 seq=2/12 (2/120)  t0=796    rollout=  1.1s  avg= 1.1s/seq  elapsed=  0.0m  eta=  2.1m
[run] meanflow  k=1/10 seq=3/12 (3/120)  t0=1592   rollout=  1.1s  avg= 1.1s/seq  elapsed=  0.1m  eta=  2.1m
[run] meanflow  k=1/10 seq=4/12 (4/120)  t0=2388   rollout=  1.1s  avg= 1.1s/seq  elapsed=  0.1m  eta=  2.1m
[run] meanflow  k=1/10 seq=5/12 (5/120)  t0=3184   rollout=  1.1s  avg= 1.1s/seq  elapsed=  0.1m  eta=  2.1m
[run] meanflow  k=1/10 seq=6/12 (6/120)  t0=3980   rollout=  1.1s  avg= 1.1s/seq  elapsed=  0.1m  eta=  2.1m
[run] meanflow  k=1/10 seq=7/12 (7/120)  t0=4776   rollout=  1.1s  avg= 1.1s/seq  elapsed=  0.1m  eta=  2.0m
[run] meanflow  k=1/10 seq=8/12 (8/120)  t0=5572   rollout=  1.1s  avg= 1.1s/seq  elapsed=  0.1m  eta=  2.0m
[run] meanflow  k=1/10 seq=9/12 (9/120)  t0=6368   rollout=  1.1s  avg= 1.1s/seq  elapsed=  0.2m  eta=  2.0m
[run] meanflow  k=1/10 seq=10/12 (10/120)  t0=7164   rollout=  1.1s  avg= 1.1s/seq  elapsed=  0.2m  eta=  2.0m
[run] meanflow  k=1/10 seq=11/12 (11/120)  t0=7960   rollout=  1.1s  avg= 1.1s/seq  elapsed=  0.2m  eta=  2.0m
[run] meanflow  k=1/10 seq=12/12 (12/120)  t0=8757   rollout=  1.1s  avg= 1.1s/seq  elapsed=  0.2m  eta=  2.0m
[run] meanflow  k=2/10 seq=1/12 (13/120)  t0=0      rollout=  1.1s  avg= 1.1s/seq  elapsed=  0.2m  eta=  1.9m
[run] meanflow  k=2/10 seq=2/12 (14/120)  t0=796    rollout=  1.1s  avg= 1.1s/seq  elapsed=  0.3m  eta=  1.9m
[run] meanflow  k=2/10 seq=3/12 (15/120)  t0=1592   rollout=  1.1s  avg= 1.1s/seq  elapsed=  0.3m  eta=  1.9m
[run] meanflow  k=2/10 seq=4/12 (16/120)  t0=2388   rollout=  1.1s  avg= 1.1s/seq  elapsed=  0.3m  eta=  1.9m
[run] meanflow  k=2/10 seq=5/12 (17/120)  t0=3184   rollout=  1.1s  avg= 1.1s/seq  elapsed=  0.3m  eta=  1.9m
[run] meanflow  k=2/10 seq=6/12 (18/120)  t0=3980   rollout=  1.1s  avg= 1.1s/seq  elapsed=  0.3m  eta=  1.9m
[run] meanflow  k=2/10 seq=7/12 (19/120)  t0=4776   rollout=  1.1s  avg= 1.1s/seq  elapsed=  0.3m  eta=  1.8m
[run] meanflow  k=2/10 seq=8/12 (20/120)  t0=5572   rollout=  1.1s  avg= 1.1s/seq  elapsed=  0.4m  eta=  1.8m
[run] meanflow  k=2/10 seq=9/12 (21/120)  t0=6368   rollout=  1.1s  avg= 1.1s/seq  elapsed=  0.4m  eta=  1.8m
[run] meanflow  k=2/10 seq=10/12 (22/120)  t0=7164   rollout=  1.1s  avg= 1.1s/seq  elapsed=  0.4m  eta=  1.8m
[run] meanflow  k=2/10 seq=11/12 (23/120)  t0=7960   rollout=  1.1s  avg= 1.1s/seq  elapsed=  0.4m  eta=  1.8m
[run] meanflow  k=2/10 seq=12/12 (24/120)  t0=8757   rollout=  1.1s  avg= 1.1s/seq  elapsed=  0.4m  eta=  1.7m
[run] meanflow  k=3/10 seq=1/12 (25/120)  t0=0      rollout=  1.1s  avg= 1.1s/seq  elapsed=  0.5m  eta=  1.7m
[run] meanflow  k=3/10 seq=2/12 (26/120)  t0=796    rollout=  1.1s  avg= 1.1s/seq  elapsed=  0.5m  eta=  1.7m
[run] meanflow  k=3/10 seq=3/12 (27/120)  t0=1592   rollout=  1.1s  avg= 1.1s/seq  elapsed=  0.5m  eta=  1.7m
[run] meanflow  k=3/10 seq=4/12 (28/120)  t0=2388   rollout=  1.1s  avg= 1.1s/seq  elapsed=  0.5m  eta=  1.7m
[run] meanflow  k=3/10 seq=5/12 (29/120)  t0=3184   rollout=  1.1s  avg= 1.1s/seq  elapsed=  0.5m  eta=  1.6m
[run] meanflow  k=3/10 seq=6/12 (30/120)  t0=3980   rollout=  1.1s  avg= 1.1s/seq  elapsed=  0.5m  eta=  1.6m
[run] meanflow  k=3/10 seq=7/12 (31/120)  t0=4776   rollout=  1.1s  avg= 1.1s/seq  elapsed=  0.6m  eta=  1.6m
[run] meanflow  k=3/10 seq=8/12 (32/120)  t0=5572   rollout=  1.1s  avg= 1.1s/seq  elapsed=  0.6m  eta=  1.6m
[run] meanflow  k=3/10 seq=9/12 (33/120)  t0=6368   rollout=  1.1s  avg= 1.1s/seq  elapsed=  0.6m  eta=  1.6m
[run] meanflow  k=3/10 seq=10/12 (34/120)  t0=7164   rollout=  1.1s  avg= 1.1s/seq  elapsed=  0.6m  eta=  1.6m
[run] meanflow  k=3/10 seq=11/12 (35/120)  t0=7960   rollout=  1.1s  avg= 1.1s/seq  elapsed=  0.6m  eta=  1.5m
[run] meanflow  k=3/10 seq=12/12 (36/120)  t0=8757   rollout=  1.1s  avg= 1.1s/seq  elapsed=  0.7m  eta=  1.5m
[run] meanflow  k=4/10 seq=1/12 (37/120)  t0=0      rollout=  1.1s  avg= 1.1s/seq  elapsed=  0.7m  eta=  1.5m
[run] meanflow  k=4/10 seq=2/12 (38/120)  t0=796    rollout=  1.1s  avg= 1.1s/seq  elapsed=  0.7m  eta=  1.5m
[run] meanflow  k=4/10 seq=3/12 (39/120)  t0=1592   rollout=  1.1s  avg= 1.1s/seq  elapsed=  0.7m  eta=  1.5m
[run] meanflow  k=4/10 seq=4/12 (40/120)  t0=2388   rollout=  1.1s  avg= 1.1s/seq  elapsed=  0.7m  eta=  1.4m
[run] meanflow  k=4/10 seq=5/12 (41/120)  t0=3184   rollout=  1.1s  avg= 1.1s/seq  elapsed=  0.7m  eta=  1.4m
[run] meanflow  k=4/10 seq=6/12 (42/120)  t0=3980   rollout=  1.1s  avg= 1.1s/seq  elapsed=  0.8m  eta=  1.4m
[run] meanflow  k=4/10 seq=7/12 (43/120)  t0=4776   rollout=  1.1s  avg= 1.1s/seq  elapsed=  0.8m  eta=  1.4m
[run] meanflow  k=4/10 seq=8/12 (44/120)  t0=5572   rollout=  1.1s  avg= 1.1s/seq  elapsed=  0.8m  eta=  1.4m
[run] meanflow  k=4/10 seq=9/12 (45/120)  t0=6368   rollout=  1.1s  avg= 1.1s/seq  elapsed=  0.8m  eta=  1.4m
[run] meanflow  k=4/10 seq=10/12 (46/120)  t0=7164   rollout=  1.1s  avg= 1.1s/seq  elapsed=  0.8m  eta=  1.3m
[run] meanflow  k=4/10 seq=11/12 (47/120)  t0=7960   rollout=  1.1s  avg= 1.1s/seq  elapsed=  0.9m  eta=  1.3m
[run] meanflow  k=4/10 seq=12/12 (48/120)  t0=8757   rollout=  1.1s  avg= 1.1s/seq  elapsed=  0.9m  eta=  1.3m
[run] meanflow  k=5/10 seq=1/12 (49/120)  t0=0      rollout=  1.1s  avg= 1.1s/seq  elapsed=  0.9m  eta=  1.3m
[run] meanflow  k=5/10 seq=2/12 (50/120)  t0=796    rollout=  1.1s  avg= 1.1s/seq  elapsed=  0.9m  eta=  1.3m
[run] meanflow  k=5/10 seq=3/12 (51/120)  t0=1592   rollout=  1.1s  avg= 1.1s/seq  elapsed=  0.9m  eta=  1.3m
[run] meanflow  k=5/10 seq=4/12 (52/120)  t0=2388   rollout=  1.1s  avg= 1.1s/seq  elapsed=  0.9m  eta=  1.2m
[run] meanflow  k=5/10 seq=5/12 (53/120)  t0=3184   rollout=  1.1s  avg= 1.1s/seq  elapsed=  1.0m  eta=  1.2m
[run] meanflow  k=5/10 seq=6/12 (54/120)  t0=3980   rollout=  1.1s  avg= 1.1s/seq  elapsed=  1.0m  eta=  1.2m
[run] meanflow  k=5/10 seq=7/12 (55/120)  t0=4776   rollout=  1.2s  avg= 1.1s/seq  elapsed=  1.0m  eta=  1.2m
[run] meanflow  k=5/10 seq=8/12 (56/120)  t0=5572   rollout=  1.1s  avg= 1.1s/seq  elapsed=  1.0m  eta=  1.2m
[run] meanflow  k=5/10 seq=9/12 (57/120)  t0=6368   rollout=  1.1s  avg= 1.1s/seq  elapsed=  1.0m  eta=  1.1m
[run] meanflow  k=5/10 seq=10/12 (58/120)  t0=7164   rollout=  1.1s  avg= 1.1s/seq  elapsed=  1.1m  eta=  1.1m
[run] meanflow  k=5/10 seq=11/12 (59/120)  t0=7960   rollout=  1.1s  avg= 1.1s/seq  elapsed=  1.1m  eta=  1.1m
[run] meanflow  k=5/10 seq=12/12 (60/120)  t0=8757   rollout=  1.1s  avg= 1.1s/seq  elapsed=  1.1m  eta=  1.1m
[run] meanflow  k=6/10 seq=1/12 (61/120)  t0=0      rollout=  1.1s  avg= 1.1s/seq  elapsed=  1.1m  eta=  1.1m
[run] meanflow  k=6/10 seq=2/12 (62/120)  t0=796    rollout=  1.1s  avg= 1.1s/seq  elapsed=  1.1m  eta=  1.1m
[run] meanflow  k=6/10 seq=3/12 (63/120)  t0=1592   rollout=  1.1s  avg= 1.1s/seq  elapsed=  1.1m  eta=  1.0m
[run] meanflow  k=6/10 seq=4/12 (64/120)  t0=2388   rollout=  1.1s  avg= 1.1s/seq  elapsed=  1.2m  eta=  1.0m
[run] meanflow  k=6/10 seq=5/12 (65/120)  t0=3184   rollout=  1.1s  avg= 1.1s/seq  elapsed=  1.2m  eta=  1.0m
[run] meanflow  k=6/10 seq=6/12 (66/120)  t0=3980   rollout=  1.1s  avg= 1.1s/seq  elapsed=  1.2m  eta=  1.0m
[run] meanflow  k=6/10 seq=7/12 (67/120)  t0=4776   rollout=  1.1s  avg= 1.1s/seq  elapsed=  1.2m  eta=  1.0m
[run] meanflow  k=6/10 seq=8/12 (68/120)  t0=5572   rollout=  1.1s  avg= 1.1s/seq  elapsed=  1.2m  eta=  0.9m
[run] meanflow  k=6/10 seq=9/12 (69/120)  t0=6368   rollout=  1.1s  avg= 1.1s/seq  elapsed=  1.3m  eta=  0.9m
[run] meanflow  k=6/10 seq=10/12 (70/120)  t0=7164   rollout=  1.1s  avg= 1.1s/seq  elapsed=  1.3m  eta=  0.9m
[run] meanflow  k=6/10 seq=11/12 (71/120)  t0=7960   rollout=  1.1s  avg= 1.1s/seq  elapsed=  1.3m  eta=  0.9m
[run] meanflow  k=6/10 seq=12/12 (72/120)  t0=8757   rollout=  1.1s  avg= 1.1s/seq  elapsed=  1.3m  eta=  0.9m
[run] meanflow  k=7/10 seq=1/12 (73/120)  t0=0      rollout=  1.1s  avg= 1.1s/seq  elapsed=  1.3m  eta=  0.9m
[run] meanflow  k=7/10 seq=2/12 (74/120)  t0=796    rollout=  1.1s  avg= 1.1s/seq  elapsed=  1.3m  eta=  0.8m
[run] meanflow  k=7/10 seq=3/12 (75/120)  t0=1592   rollout=  1.1s  avg= 1.1s/seq  elapsed=  1.4m  eta=  0.8m
[run] meanflow  k=7/10 seq=4/12 (76/120)  t0=2388   rollout=  1.1s  avg= 1.1s/seq  elapsed=  1.4m  eta=  0.8m
[run] meanflow  k=7/10 seq=5/12 (77/120)  t0=3184   rollout=  1.1s  avg= 1.1s/seq  elapsed=  1.4m  eta=  0.8m
[run] meanflow  k=7/10 seq=6/12 (78/120)  t0=3980   rollout=  1.1s  avg= 1.1s/seq  elapsed=  1.4m  eta=  0.8m
[run] meanflow  k=7/10 seq=7/12 (79/120)  t0=4776   rollout=  1.1s  avg= 1.1s/seq  elapsed=  1.4m  eta=  0.7m
[run] meanflow  k=7/10 seq=8/12 (80/120)  t0=5572   rollout=  1.1s  avg= 1.1s/seq  elapsed=  1.5m  eta=  0.7m
[run] meanflow  k=7/10 seq=9/12 (81/120)  t0=6368   rollout=  1.1s  avg= 1.1s/seq  elapsed=  1.5m  eta=  0.7m
[run] meanflow  k=7/10 seq=10/12 (82/120)  t0=7164   rollout=  1.1s  avg= 1.1s/seq  elapsed=  1.5m  eta=  0.7m
[run] meanflow  k=7/10 seq=11/12 (83/120)  t0=7960   rollout=  1.1s  avg= 1.1s/seq  elapsed=  1.5m  eta=  0.7m
[run] meanflow  k=7/10 seq=12/12 (84/120)  t0=8757   rollout=  1.1s  avg= 1.1s/seq  elapsed=  1.5m  eta=  0.7m
[run] meanflow  k=8/10 seq=1/12 (85/120)  t0=0      rollout=  1.1s  avg= 1.1s/seq  elapsed=  1.5m  eta=  0.6m
[run] meanflow  k=8/10 seq=2/12 (86/120)  t0=796    rollout=  1.1s  avg= 1.1s/seq  elapsed=  1.6m  eta=  0.6m
[run] meanflow  k=8/10 seq=3/12 (87/120)  t0=1592   rollout=  1.1s  avg= 1.1s/seq  elapsed=  1.6m  eta=  0.6m
[run] meanflow  k=8/10 seq=4/12 (88/120)  t0=2388   rollout=  1.1s  avg= 1.1s/seq  elapsed=  1.6m  eta=  0.6m
[run] meanflow  k=8/10 seq=5/12 (89/120)  t0=3184   rollout=  1.1s  avg= 1.1s/seq  elapsed=  1.6m  eta=  0.6m
[run] meanflow  k=8/10 seq=6/12 (90/120)  t0=3980   rollout=  1.1s  avg= 1.1s/seq  elapsed=  1.6m  eta=  0.5m
[run] meanflow  k=8/10 seq=7/12 (91/120)  t0=4776   rollout=  1.1s  avg= 1.1s/seq  elapsed=  1.7m  eta=  0.5m
[run] meanflow  k=8/10 seq=8/12 (92/120)  t0=5572   rollout=  1.1s  avg= 1.1s/seq  elapsed=  1.7m  eta=  0.5m
[run] meanflow  k=8/10 seq=9/12 (93/120)  t0=6368   rollout=  1.1s  avg= 1.1s/seq  elapsed=  1.7m  eta=  0.5m
[run] meanflow  k=8/10 seq=10/12 (94/120)  t0=7164   rollout=  1.1s  avg= 1.1s/seq  elapsed=  1.7m  eta=  0.5m
[run] meanflow  k=8/10 seq=11/12 (95/120)  t0=7960   rollout=  1.1s  avg= 1.1s/seq  elapsed=  1.7m  eta=  0.5m
[run] meanflow  k=8/10 seq=12/12 (96/120)  t0=8757   rollout=  1.1s  avg= 1.1s/seq  elapsed=  1.7m  eta=  0.4m
[run] meanflow  k=9/10 seq=1/12 (97/120)  t0=0      rollout=  1.1s  avg= 1.1s/seq  elapsed=  1.8m  eta=  0.4m
[run] meanflow  k=9/10 seq=2/12 (98/120)  t0=796    rollout=  1.1s  avg= 1.1s/seq  elapsed=  1.8m  eta=  0.4m
[run] meanflow  k=9/10 seq=3/12 (99/120)  t0=1592   rollout=  1.1s  avg= 1.1s/seq  elapsed=  1.8m  eta=  0.4m
[run] meanflow  k=9/10 seq=4/12 (100/120)  t0=2388   rollout=  1.1s  avg= 1.1s/seq  elapsed=  1.8m  eta=  0.4m
[run] meanflow  k=9/10 seq=5/12 (101/120)  t0=3184   rollout=  1.1s  avg= 1.1s/seq  elapsed=  1.8m  eta=  0.3m
[run] meanflow  k=9/10 seq=6/12 (102/120)  t0=3980   rollout=  1.1s  avg= 1.1s/seq  elapsed=  1.9m  eta=  0.3m
[run] meanflow  k=9/10 seq=7/12 (103/120)  t0=4776   rollout=  1.1s  avg= 1.1s/seq  elapsed=  1.9m  eta=  0.3m
[run] meanflow  k=9/10 seq=8/12 (104/120)  t0=5572   rollout=  1.1s  avg= 1.1s/seq  elapsed=  1.9m  eta=  0.3m
[run] meanflow  k=9/10 seq=9/12 (105/120)  t0=6368   rollout=  1.1s  avg= 1.1s/seq  elapsed=  1.9m  eta=  0.3m
[run] meanflow  k=9/10 seq=10/12 (106/120)  t0=7164   rollout=  1.1s  avg= 1.1s/seq  elapsed=  1.9m  eta=  0.3m
[run] meanflow  k=9/10 seq=11/12 (107/120)  t0=7960   rollout=  1.1s  avg= 1.1s/seq  elapsed=  1.9m  eta=  0.2m
[run] meanflow  k=9/10 seq=12/12 (108/120)  t0=8757   rollout=  1.1s  avg= 1.1s/seq  elapsed=  2.0m  eta=  0.2m
[run] meanflow  k=10/10 seq=1/12 (109/120)  t0=0      rollout=  1.1s  avg= 1.1s/seq  elapsed=  2.0m  eta=  0.2m
[run] meanflow  k=10/10 seq=2/12 (110/120)  t0=796    rollout=  1.1s  avg= 1.1s/seq  elapsed=  2.0m  eta=  0.2m
[run] meanflow  k=10/10 seq=3/12 (111/120)  t0=1592   rollout=  1.1s  avg= 1.1s/seq  elapsed=  2.0m  eta=  0.2m
[run] meanflow  k=10/10 seq=4/12 (112/120)  t0=2388   rollout=  1.1s  avg= 1.1s/seq  elapsed=  2.0m  eta=  0.1m
[run] meanflow  k=10/10 seq=5/12 (113/120)  t0=3184   rollout=  1.1s  avg= 1.1s/seq  elapsed=  2.1m  eta=  0.1m
[run] meanflow  k=10/10 seq=6/12 (114/120)  t0=3980   rollout=  1.1s  avg= 1.1s/seq  elapsed=  2.1m  eta=  0.1m
[run] meanflow  k=10/10 seq=7/12 (115/120)  t0=4776   rollout=  1.1s  avg= 1.1s/seq  elapsed=  2.1m  eta=  0.1m
[run] meanflow  k=10/10 seq=8/12 (116/120)  t0=5572   rollout=  1.1s  avg= 1.1s/seq  elapsed=  2.1m  eta=  0.1m
[run] meanflow  k=10/10 seq=9/12 (117/120)  t0=6368   rollout=  1.1s  avg= 1.1s/seq  elapsed=  2.1m  eta=  0.1m
[run] meanflow  k=10/10 seq=10/12 (118/120)  t0=7164   rollout=  1.1s  avg= 1.1s/seq  elapsed=  2.1m  eta=  0.0m
[run] meanflow  k=10/10 seq=11/12 (119/120)  t0=7960   rollout=  1.1s  avg= 1.1s/seq  elapsed=  2.2m  eta=  0.0m
[run] meanflow  k=10/10 seq=12/12 (120/120)  t0=8757   rollout=  1.1s  avg= 1.1s/seq  elapsed=  2.2m  eta=  0.0m
[run] meanflow ensemble finished in 2.2m
[2026-06-12 11:58:11] [nfe_sweep] NFE= 25  t/seq= 1.09s  CRPS-qpepre=0.1183  CSI-M=0.2959  RMSE-qpepre=0.5512  NFE-elapsed=2.2m
| method | Time/Seq.(s) | CRPS↓ | CSI-M↑ | CSI-P16↑ | FSS-P16-M↑ | HSS-M↑ | FAR-M↓ | RMSE_u10↓ | RMSE_v10↓ | RMSE_t2m↓ | RMSE_qpepre↓ |
|---|---|---|---|---|---|---|---|---|---|---|---|
| meanflow | 1.087 | 0.2831 | 0.2959 | 0.2063 | 0.3218 | 0.3977 | 0.2584 | 0.8326 | 0.8244 | 0.3891 | 0.5512 |

================================================================
[2026-06-12 11:58:11] NFE = 32   (13/15)
================================================================
[run] meanflow ensemble starting: K=10 x S=12 x T=1 = 120 sequence-rollouts
[run] meanflow  k=1/10 seq=1/12 (1/120)  t0=0      rollout=  1.3s  avg= 1.3s/seq  elapsed=  0.0m  eta=  2.7m
[run] meanflow  k=1/10 seq=2/12 (2/120)  t0=796    rollout=  1.4s  avg= 1.4s/seq  elapsed=  0.0m  eta=  2.7m
[run] meanflow  k=1/10 seq=3/12 (3/120)  t0=1592   rollout=  1.3s  avg= 1.4s/seq  elapsed=  0.1m  eta=  2.6m
[run] meanflow  k=1/10 seq=4/12 (4/120)  t0=2388   rollout=  1.4s  avg= 1.4s/seq  elapsed=  0.1m  eta=  2.6m
[run] meanflow  k=1/10 seq=5/12 (5/120)  t0=3184   rollout=  1.4s  avg= 1.4s/seq  elapsed=  0.1m  eta=  2.6m
[run] meanflow  k=1/10 seq=6/12 (6/120)  t0=3980   rollout=  1.4s  avg= 1.4s/seq  elapsed=  0.1m  eta=  2.6m
[run] meanflow  k=1/10 seq=7/12 (7/120)  t0=4776   rollout=  1.4s  avg= 1.4s/seq  elapsed=  0.2m  eta=  2.6m
[run] meanflow  k=1/10 seq=8/12 (8/120)  t0=5572   rollout=  1.4s  avg= 1.4s/seq  elapsed=  0.2m  eta=  2.5m
[run] meanflow  k=1/10 seq=9/12 (9/120)  t0=6368   rollout=  1.4s  avg= 1.4s/seq  elapsed=  0.2m  eta=  2.5m
[run] meanflow  k=1/10 seq=10/12 (10/120)  t0=7164   rollout=  1.3s  avg= 1.4s/seq  elapsed=  0.2m  eta=  2.5m
[run] meanflow  k=1/10 seq=11/12 (11/120)  t0=7960   rollout=  1.4s  avg= 1.4s/seq  elapsed=  0.3m  eta=  2.5m
[run] meanflow  k=1/10 seq=12/12 (12/120)  t0=8757   rollout=  1.4s  avg= 1.4s/seq  elapsed=  0.3m  eta=  2.5m
[run] meanflow  k=2/10 seq=1/12 (13/120)  t0=0      rollout=  1.4s  avg= 1.4s/seq  elapsed=  0.3m  eta=  2.4m
[run] meanflow  k=2/10 seq=2/12 (14/120)  t0=796    rollout=  1.4s  avg= 1.4s/seq  elapsed=  0.3m  eta=  2.4m
[run] meanflow  k=2/10 seq=3/12 (15/120)  t0=1592   rollout=  1.3s  avg= 1.4s/seq  elapsed=  0.3m  eta=  2.4m
[run] meanflow  k=2/10 seq=4/12 (16/120)  t0=2388   rollout=  1.4s  avg= 1.4s/seq  elapsed=  0.4m  eta=  2.4m
[run] meanflow  k=2/10 seq=5/12 (17/120)  t0=3184   rollout=  1.4s  avg= 1.4s/seq  elapsed=  0.4m  eta=  2.3m
[run] meanflow  k=2/10 seq=6/12 (18/120)  t0=3980   rollout=  1.4s  avg= 1.4s/seq  elapsed=  0.4m  eta=  2.3m
[run] meanflow  k=2/10 seq=7/12 (19/120)  t0=4776   rollout=  1.4s  avg= 1.4s/seq  elapsed=  0.4m  eta=  2.3m
[run] meanflow  k=2/10 seq=8/12 (20/120)  t0=5572   rollout=  1.4s  avg= 1.4s/seq  elapsed=  0.5m  eta=  2.3m
[run] meanflow  k=2/10 seq=9/12 (21/120)  t0=6368   rollout=  1.4s  avg= 1.4s/seq  elapsed=  0.5m  eta=  2.2m
[run] meanflow  k=2/10 seq=10/12 (22/120)  t0=7164   rollout=  1.3s  avg= 1.4s/seq  elapsed=  0.5m  eta=  2.2m
[run] meanflow  k=2/10 seq=11/12 (23/120)  t0=7960   rollout=  1.4s  avg= 1.4s/seq  elapsed=  0.5m  eta=  2.2m
[run] meanflow  k=2/10 seq=12/12 (24/120)  t0=8757   rollout=  1.3s  avg= 1.4s/seq  elapsed=  0.5m  eta=  2.2m
[run] meanflow  k=3/10 seq=1/12 (25/120)  t0=0      rollout=  1.4s  avg= 1.4s/seq  elapsed=  0.6m  eta=  2.2m
[run] meanflow  k=3/10 seq=2/12 (26/120)  t0=796    rollout=  1.4s  avg= 1.4s/seq  elapsed=  0.6m  eta=  2.1m
[run] meanflow  k=3/10 seq=3/12 (27/120)  t0=1592   rollout=  1.3s  avg= 1.4s/seq  elapsed=  0.6m  eta=  2.1m
[run] meanflow  k=3/10 seq=4/12 (28/120)  t0=2388   rollout=  1.4s  avg= 1.4s/seq  elapsed=  0.6m  eta=  2.1m
[run] meanflow  k=3/10 seq=5/12 (29/120)  t0=3184   rollout=  1.4s  avg= 1.4s/seq  elapsed=  0.7m  eta=  2.1m
[run] meanflow  k=3/10 seq=6/12 (30/120)  t0=3980   rollout=  1.4s  avg= 1.4s/seq  elapsed=  0.7m  eta=  2.0m
[run] meanflow  k=3/10 seq=7/12 (31/120)  t0=4776   rollout=  1.4s  avg= 1.4s/seq  elapsed=  0.7m  eta=  2.0m
[run] meanflow  k=3/10 seq=8/12 (32/120)  t0=5572   rollout=  1.4s  avg= 1.4s/seq  elapsed=  0.7m  eta=  2.0m
[run] meanflow  k=3/10 seq=9/12 (33/120)  t0=6368   rollout=  1.4s  avg= 1.4s/seq  elapsed=  0.7m  eta=  2.0m
[run] meanflow  k=3/10 seq=10/12 (34/120)  t0=7164   rollout=  1.3s  avg= 1.4s/seq  elapsed=  0.8m  eta=  1.9m
[run] meanflow  k=3/10 seq=11/12 (35/120)  t0=7960   rollout=  1.4s  avg= 1.4s/seq  elapsed=  0.8m  eta=  1.9m
[run] meanflow  k=3/10 seq=12/12 (36/120)  t0=8757   rollout=  1.4s  avg= 1.4s/seq  elapsed=  0.8m  eta=  1.9m
[run] meanflow  k=4/10 seq=1/12 (37/120)  t0=0      rollout=  1.4s  avg= 1.4s/seq  elapsed=  0.8m  eta=  1.9m
[run] meanflow  k=4/10 seq=2/12 (38/120)  t0=796    rollout=  1.4s  avg= 1.4s/seq  elapsed=  0.9m  eta=  1.9m
[run] meanflow  k=4/10 seq=3/12 (39/120)  t0=1592   rollout=  1.3s  avg= 1.4s/seq  elapsed=  0.9m  eta=  1.8m
[run] meanflow  k=4/10 seq=4/12 (40/120)  t0=2388   rollout=  1.4s  avg= 1.4s/seq  elapsed=  0.9m  eta=  1.8m
[run] meanflow  k=4/10 seq=5/12 (41/120)  t0=3184   rollout=  1.4s  avg= 1.4s/seq  elapsed=  0.9m  eta=  1.8m
[run] meanflow  k=4/10 seq=6/12 (42/120)  t0=3980   rollout=  1.4s  avg= 1.4s/seq  elapsed=  1.0m  eta=  1.8m
[run] meanflow  k=4/10 seq=7/12 (43/120)  t0=4776   rollout=  1.4s  avg= 1.4s/seq  elapsed=  1.0m  eta=  1.7m
[run] meanflow  k=4/10 seq=8/12 (44/120)  t0=5572   rollout=  1.3s  avg= 1.4s/seq  elapsed=  1.0m  eta=  1.7m
[run] meanflow  k=4/10 seq=9/12 (45/120)  t0=6368   rollout=  1.4s  avg= 1.4s/seq  elapsed=  1.0m  eta=  1.7m
[run] meanflow  k=4/10 seq=10/12 (46/120)  t0=7164   rollout=  1.4s  avg= 1.4s/seq  elapsed=  1.0m  eta=  1.7m
[run] meanflow  k=4/10 seq=11/12 (47/120)  t0=7960   rollout=  1.4s  avg= 1.4s/seq  elapsed=  1.1m  eta=  1.7m
[run] meanflow  k=4/10 seq=12/12 (48/120)  t0=8757   rollout=  1.4s  avg= 1.4s/seq  elapsed=  1.1m  eta=  1.6m
[run] meanflow  k=5/10 seq=1/12 (49/120)  t0=0      rollout=  1.4s  avg= 1.4s/seq  elapsed=  1.1m  eta=  1.6m
[run] meanflow  k=5/10 seq=2/12 (50/120)  t0=796    rollout=  1.4s  avg= 1.4s/seq  elapsed=  1.1m  eta=  1.6m
[run] meanflow  k=5/10 seq=3/12 (51/120)  t0=1592   rollout=  1.4s  avg= 1.4s/seq  elapsed=  1.2m  eta=  1.6m
[run] meanflow  k=5/10 seq=4/12 (52/120)  t0=2388   rollout=  1.4s  avg= 1.4s/seq  elapsed=  1.2m  eta=  1.5m
[run] meanflow  k=5/10 seq=5/12 (53/120)  t0=3184   rollout=  1.4s  avg= 1.4s/seq  elapsed=  1.2m  eta=  1.5m
[run] meanflow  k=5/10 seq=6/12 (54/120)  t0=3980   rollout=  1.4s  avg= 1.4s/seq  elapsed=  1.2m  eta=  1.5m
[run] meanflow  k=5/10 seq=7/12 (55/120)  t0=4776   rollout=  1.4s  avg= 1.4s/seq  elapsed=  1.2m  eta=  1.5m
[run] meanflow  k=5/10 seq=8/12 (56/120)  t0=5572   rollout=  1.4s  avg= 1.4s/seq  elapsed=  1.3m  eta=  1.5m
[run] meanflow  k=5/10 seq=9/12 (57/120)  t0=6368   rollout=  1.4s  avg= 1.4s/seq  elapsed=  1.3m  eta=  1.4m
[run] meanflow  k=5/10 seq=10/12 (58/120)  t0=7164   rollout=  1.4s  avg= 1.4s/seq  elapsed=  1.3m  eta=  1.4m
[run] meanflow  k=5/10 seq=11/12 (59/120)  t0=7960   rollout=  1.4s  avg= 1.4s/seq  elapsed=  1.3m  eta=  1.4m
[run] meanflow  k=5/10 seq=12/12 (60/120)  t0=8757   rollout=  1.4s  avg= 1.4s/seq  elapsed=  1.4m  eta=  1.4m
[run] meanflow  k=6/10 seq=1/12 (61/120)  t0=0      rollout=  1.4s  avg= 1.4s/seq  elapsed=  1.4m  eta=  1.3m
[run] meanflow  k=6/10 seq=2/12 (62/120)  t0=796    rollout=  1.4s  avg= 1.4s/seq  elapsed=  1.4m  eta=  1.3m
[run] meanflow  k=6/10 seq=3/12 (63/120)  t0=1592   rollout=  1.4s  avg= 1.4s/seq  elapsed=  1.4m  eta=  1.3m
[run] meanflow  k=6/10 seq=4/12 (64/120)  t0=2388   rollout=  1.4s  avg= 1.4s/seq  elapsed=  1.5m  eta=  1.3m
[run] meanflow  k=6/10 seq=5/12 (65/120)  t0=3184   rollout=  1.4s  avg= 1.4s/seq  elapsed=  1.5m  eta=  1.2m
[run] meanflow  k=6/10 seq=6/12 (66/120)  t0=3980   rollout=  1.4s  avg= 1.4s/seq  elapsed=  1.5m  eta=  1.2m
[run] meanflow  k=6/10 seq=7/12 (67/120)  t0=4776   rollout=  1.4s  avg= 1.4s/seq  elapsed=  1.5m  eta=  1.2m
[run] meanflow  k=6/10 seq=8/12 (68/120)  t0=5572   rollout=  1.4s  avg= 1.4s/seq  elapsed=  1.5m  eta=  1.2m
[run] meanflow  k=6/10 seq=9/12 (69/120)  t0=6368   rollout=  1.4s  avg= 1.4s/seq  elapsed=  1.6m  eta=  1.2m
[run] meanflow  k=6/10 seq=10/12 (70/120)  t0=7164   rollout=  1.4s  avg= 1.4s/seq  elapsed=  1.6m  eta=  1.1m
[run] meanflow  k=6/10 seq=11/12 (71/120)  t0=7960   rollout=  1.3s  avg= 1.4s/seq  elapsed=  1.6m  eta=  1.1m
[run] meanflow  k=6/10 seq=12/12 (72/120)  t0=8757   rollout=  1.4s  avg= 1.4s/seq  elapsed=  1.6m  eta=  1.1m
[run] meanflow  k=7/10 seq=1/12 (73/120)  t0=0      rollout=  1.4s  avg= 1.4s/seq  elapsed=  1.7m  eta=  1.1m
[run] meanflow  k=7/10 seq=2/12 (74/120)  t0=796    rollout=  1.3s  avg= 1.4s/seq  elapsed=  1.7m  eta=  1.0m
[run] meanflow  k=7/10 seq=3/12 (75/120)  t0=1592   rollout=  1.4s  avg= 1.4s/seq  elapsed=  1.7m  eta=  1.0m
[run] meanflow  k=7/10 seq=4/12 (76/120)  t0=2388   rollout=  1.4s  avg= 1.4s/seq  elapsed=  1.7m  eta=  1.0m
[run] meanflow  k=7/10 seq=5/12 (77/120)  t0=3184   rollout=  1.4s  avg= 1.4s/seq  elapsed=  1.7m  eta=  1.0m
[run] meanflow  k=7/10 seq=6/12 (78/120)  t0=3980   rollout=  1.4s  avg= 1.4s/seq  elapsed=  1.8m  eta=  1.0m
[run] meanflow  k=7/10 seq=7/12 (79/120)  t0=4776   rollout=  1.3s  avg= 1.4s/seq  elapsed=  1.8m  eta=  0.9m
[run] meanflow  k=7/10 seq=8/12 (80/120)  t0=5572   rollout=  1.4s  avg= 1.4s/seq  elapsed=  1.8m  eta=  0.9m
[run] meanflow  k=7/10 seq=9/12 (81/120)  t0=6368   rollout=  1.4s  avg= 1.4s/seq  elapsed=  1.8m  eta=  0.9m
[run] meanflow  k=7/10 seq=10/12 (82/120)  t0=7164   rollout=  1.4s  avg= 1.4s/seq  elapsed=  1.9m  eta=  0.9m
[run] meanflow  k=7/10 seq=11/12 (83/120)  t0=7960   rollout=  1.4s  avg= 1.4s/seq  elapsed=  1.9m  eta=  0.8m
[run] meanflow  k=7/10 seq=12/12 (84/120)  t0=8757   rollout=  1.3s  avg= 1.4s/seq  elapsed=  1.9m  eta=  0.8m
[run] meanflow  k=8/10 seq=1/12 (85/120)  t0=0      rollout=  1.4s  avg= 1.4s/seq  elapsed=  1.9m  eta=  0.8m
[run] meanflow  k=8/10 seq=2/12 (86/120)  t0=796    rollout=  1.4s  avg= 1.4s/seq  elapsed=  2.0m  eta=  0.8m
[run] meanflow  k=8/10 seq=3/12 (87/120)  t0=1592   rollout=  1.4s  avg= 1.4s/seq  elapsed=  2.0m  eta=  0.7m
[run] meanflow  k=8/10 seq=4/12 (88/120)  t0=2388   rollout=  1.4s  avg= 1.4s/seq  elapsed=  2.0m  eta=  0.7m
[run] meanflow  k=8/10 seq=5/12 (89/120)  t0=3184   rollout=  1.4s  avg= 1.4s/seq  elapsed=  2.0m  eta=  0.7m
[run] meanflow  k=8/10 seq=6/12 (90/120)  t0=3980   rollout=  1.4s  avg= 1.4s/seq  elapsed=  2.0m  eta=  0.7m
[run] meanflow  k=8/10 seq=7/12 (91/120)  t0=4776   rollout=  1.4s  avg= 1.4s/seq  elapsed=  2.1m  eta=  0.7m
[run] meanflow  k=8/10 seq=8/12 (92/120)  t0=5572   rollout=  1.4s  avg= 1.4s/seq  elapsed=  2.1m  eta=  0.6m
[run] meanflow  k=8/10 seq=9/12 (93/120)  t0=6368   rollout=  1.4s  avg= 1.4s/seq  elapsed=  2.1m  eta=  0.6m
[run] meanflow  k=8/10 seq=10/12 (94/120)  t0=7164   rollout=  1.4s  avg= 1.4s/seq  elapsed=  2.1m  eta=  0.6m
[run] meanflow  k=8/10 seq=11/12 (95/120)  t0=7960   rollout=  1.4s  avg= 1.4s/seq  elapsed=  2.2m  eta=  0.6m
[run] meanflow  k=8/10 seq=12/12 (96/120)  t0=8757   rollout=  1.4s  avg= 1.4s/seq  elapsed=  2.2m  eta=  0.5m
[run] meanflow  k=9/10 seq=1/12 (97/120)  t0=0      rollout=  1.4s  avg= 1.4s/seq  elapsed=  2.2m  eta=  0.5m
[run] meanflow  k=9/10 seq=2/12 (98/120)  t0=796    rollout=  1.4s  avg= 1.4s/seq  elapsed=  2.2m  eta=  0.5m
[run] meanflow  k=9/10 seq=3/12 (99/120)  t0=1592   rollout=  1.4s  avg= 1.4s/seq  elapsed=  2.3m  eta=  0.5m
[run] meanflow  k=9/10 seq=4/12 (100/120)  t0=2388   rollout=  1.4s  avg= 1.4s/seq  elapsed=  2.3m  eta=  0.5m
[run] meanflow  k=9/10 seq=5/12 (101/120)  t0=3184   rollout=  1.4s  avg= 1.4s/seq  elapsed=  2.3m  eta=  0.4m
[run] meanflow  k=9/10 seq=6/12 (102/120)  t0=3980   rollout=  1.4s  avg= 1.4s/seq  elapsed=  2.3m  eta=  0.4m
[run] meanflow  k=9/10 seq=7/12 (103/120)  t0=4776   rollout=  1.4s  avg= 1.4s/seq  elapsed=  2.3m  eta=  0.4m
[run] meanflow  k=9/10 seq=8/12 (104/120)  t0=5572   rollout=  1.4s  avg= 1.4s/seq  elapsed=  2.4m  eta=  0.4m
[run] meanflow  k=9/10 seq=9/12 (105/120)  t0=6368   rollout=  1.5s  avg= 1.4s/seq  elapsed=  2.4m  eta=  0.3m
[run] meanflow  k=9/10 seq=10/12 (106/120)  t0=7164   rollout=  1.4s  avg= 1.4s/seq  elapsed=  2.4m  eta=  0.3m
[run] meanflow  k=9/10 seq=11/12 (107/120)  t0=7960   rollout=  1.4s  avg= 1.4s/seq  elapsed=  2.4m  eta=  0.3m
[run] meanflow  k=9/10 seq=12/12 (108/120)  t0=8757   rollout=  1.4s  avg= 1.4s/seq  elapsed=  2.5m  eta=  0.3m
[run] meanflow  k=10/10 seq=1/12 (109/120)  t0=0      rollout=  1.4s  avg= 1.4s/seq  elapsed=  2.5m  eta=  0.3m
[run] meanflow  k=10/10 seq=2/12 (110/120)  t0=796    rollout=  1.4s  avg= 1.4s/seq  elapsed=  2.5m  eta=  0.2m
[run] meanflow  k=10/10 seq=3/12 (111/120)  t0=1592   rollout=  1.3s  avg= 1.4s/seq  elapsed=  2.5m  eta=  0.2m
[run] meanflow  k=10/10 seq=4/12 (112/120)  t0=2388   rollout=  1.4s  avg= 1.4s/seq  elapsed=  2.6m  eta=  0.2m
[run] meanflow  k=10/10 seq=5/12 (113/120)  t0=3184   rollout=  1.4s  avg= 1.4s/seq  elapsed=  2.6m  eta=  0.2m
[run] meanflow  k=10/10 seq=6/12 (114/120)  t0=3980   rollout=  1.4s  avg= 1.4s/seq  elapsed=  2.6m  eta=  0.1m
[run] meanflow  k=10/10 seq=7/12 (115/120)  t0=4776   rollout=  1.4s  avg= 1.4s/seq  elapsed=  2.6m  eta=  0.1m
[run] meanflow  k=10/10 seq=8/12 (116/120)  t0=5572   rollout=  1.3s  avg= 1.4s/seq  elapsed=  2.6m  eta=  0.1m
[run] meanflow  k=10/10 seq=9/12 (117/120)  t0=6368   rollout=  1.4s  avg= 1.4s/seq  elapsed=  2.7m  eta=  0.1m
[run] meanflow  k=10/10 seq=10/12 (118/120)  t0=7164   rollout=  1.3s  avg= 1.4s/seq  elapsed=  2.7m  eta=  0.0m
[run] meanflow  k=10/10 seq=11/12 (119/120)  t0=7960   rollout=  1.4s  avg= 1.4s/seq  elapsed=  2.7m  eta=  0.0m
[run] meanflow  k=10/10 seq=12/12 (120/120)  t0=8757   rollout=  1.4s  avg= 1.4s/seq  elapsed=  2.7m  eta=  0.0m
[run] meanflow ensemble finished in 2.7m
[2026-06-12 12:00:55] [nfe_sweep] NFE= 32  t/seq= 1.36s  CRPS-qpepre=0.1179  CSI-M=0.3066  RMSE-qpepre=0.5515  NFE-elapsed=2.7m
| method | Time/Seq.(s) | CRPS↓ | CSI-M↑ | CSI-P16↑ | FSS-P16-M↑ | HSS-M↑ | FAR-M↓ | RMSE_u10↓ | RMSE_v10↓ | RMSE_t2m↓ | RMSE_qpepre↓ |
|---|---|---|---|---|---|---|---|---|---|---|---|
| meanflow | 1.363 | 0.2842 | 0.3066 | 0.2424 | 0.4231 | 0.4125 | 0.2926 | 0.8335 | 0.8231 | 0.3923 | 0.5515 |

================================================================
[2026-06-12 12:00:55] NFE = 40   (14/15)
================================================================
[run] meanflow ensemble starting: K=10 x S=12 x T=1 = 120 sequence-rollouts
[run] meanflow  k=1/10 seq=1/12 (1/120)  t0=0      rollout=  1.7s  avg= 1.7s/seq  elapsed=  0.0m  eta=  3.3m
[run] meanflow  k=1/10 seq=2/12 (2/120)  t0=796    rollout=  1.7s  avg= 1.7s/seq  elapsed=  0.1m  eta=  3.3m
[run] meanflow  k=1/10 seq=3/12 (3/120)  t0=1592   rollout=  1.7s  avg= 1.7s/seq  elapsed=  0.1m  eta=  3.3m
[run] meanflow  k=1/10 seq=4/12 (4/120)  t0=2388   rollout=  1.7s  avg= 1.7s/seq  elapsed=  0.1m  eta=  3.3m
[run] meanflow  k=1/10 seq=5/12 (5/120)  t0=3184   rollout=  1.7s  avg= 1.7s/seq  elapsed=  0.1m  eta=  3.2m
[run] meanflow  k=1/10 seq=6/12 (6/120)  t0=3980   rollout=  1.7s  avg= 1.7s/seq  elapsed=  0.2m  eta=  3.2m
[run] meanflow  k=1/10 seq=7/12 (7/120)  t0=4776   rollout=  1.7s  avg= 1.7s/seq  elapsed=  0.2m  eta=  3.2m
[run] meanflow  k=1/10 seq=8/12 (8/120)  t0=5572   rollout=  1.7s  avg= 1.7s/seq  elapsed=  0.2m  eta=  3.1m
[run] meanflow  k=1/10 seq=9/12 (9/120)  t0=6368   rollout=  1.7s  avg= 1.7s/seq  elapsed=  0.3m  eta=  3.1m
[run] meanflow  k=1/10 seq=10/12 (10/120)  t0=7164   rollout=  1.7s  avg= 1.7s/seq  elapsed=  0.3m  eta=  3.1m
[run] meanflow  k=1/10 seq=11/12 (11/120)  t0=7960   rollout=  1.8s  avg= 1.7s/seq  elapsed=  0.3m  eta=  3.1m
[run] meanflow  k=1/10 seq=12/12 (12/120)  t0=8757   rollout=  1.7s  avg= 1.7s/seq  elapsed=  0.3m  eta=  3.0m
[run] meanflow  k=2/10 seq=1/12 (13/120)  t0=0      rollout=  1.7s  avg= 1.7s/seq  elapsed=  0.4m  eta=  3.0m
[run] meanflow  k=2/10 seq=2/12 (14/120)  t0=796    rollout=  1.7s  avg= 1.7s/seq  elapsed=  0.4m  eta=  3.0m
[run] meanflow  k=2/10 seq=3/12 (15/120)  t0=1592   rollout=  1.7s  avg= 1.7s/seq  elapsed=  0.4m  eta=  3.0m
[run] meanflow  k=2/10 seq=4/12 (16/120)  t0=2388   rollout=  1.7s  avg= 1.7s/seq  elapsed=  0.4m  eta=  2.9m
[run] meanflow  k=2/10 seq=5/12 (17/120)  t0=3184   rollout=  1.7s  avg= 1.7s/seq  elapsed=  0.5m  eta=  2.9m
[run] meanflow  k=2/10 seq=6/12 (18/120)  t0=3980   rollout=  1.7s  avg= 1.7s/seq  elapsed=  0.5m  eta=  2.9m
[run] meanflow  k=2/10 seq=7/12 (19/120)  t0=4776   rollout=  1.7s  avg= 1.7s/seq  elapsed=  0.5m  eta=  2.8m
[run] meanflow  k=2/10 seq=8/12 (20/120)  t0=5572   rollout=  1.7s  avg= 1.7s/seq  elapsed=  0.6m  eta=  2.8m
[run] meanflow  k=2/10 seq=9/12 (21/120)  t0=6368   rollout=  1.6s  avg= 1.7s/seq  elapsed=  0.6m  eta=  2.8m
[run] meanflow  k=2/10 seq=10/12 (22/120)  t0=7164   rollout=  1.7s  avg= 1.7s/seq  elapsed=  0.6m  eta=  2.7m
[run] meanflow  k=2/10 seq=11/12 (23/120)  t0=7960   rollout=  1.6s  avg= 1.7s/seq  elapsed=  0.6m  eta=  2.7m
[run] meanflow  k=2/10 seq=12/12 (24/120)  t0=8757   rollout=  1.7s  avg= 1.7s/seq  elapsed=  0.7m  eta=  2.7m
[run] meanflow  k=3/10 seq=1/12 (25/120)  t0=0      rollout=  1.7s  avg= 1.7s/seq  elapsed=  0.7m  eta=  2.7m
[run] meanflow  k=3/10 seq=2/12 (26/120)  t0=796    rollout=  1.7s  avg= 1.7s/seq  elapsed=  0.7m  eta=  2.6m
[run] meanflow  k=3/10 seq=3/12 (27/120)  t0=1592   rollout=  1.7s  avg= 1.7s/seq  elapsed=  0.8m  eta=  2.6m
[run] meanflow  k=3/10 seq=4/12 (28/120)  t0=2388   rollout=  1.7s  avg= 1.7s/seq  elapsed=  0.8m  eta=  2.6m
[run] meanflow  k=3/10 seq=5/12 (29/120)  t0=3184   rollout=  1.7s  avg= 1.7s/seq  elapsed=  0.8m  eta=  2.5m
[run] meanflow  k=3/10 seq=6/12 (30/120)  t0=3980   rollout=  1.7s  avg= 1.7s/seq  elapsed=  0.8m  eta=  2.5m
[run] meanflow  k=3/10 seq=7/12 (31/120)  t0=4776   rollout=  1.7s  avg= 1.7s/seq  elapsed=  0.9m  eta=  2.5m
[run] meanflow  k=3/10 seq=8/12 (32/120)  t0=5572   rollout=  1.7s  avg= 1.7s/seq  elapsed=  0.9m  eta=  2.5m
[run] meanflow  k=3/10 seq=9/12 (33/120)  t0=6368   rollout=  1.7s  avg= 1.7s/seq  elapsed=  0.9m  eta=  2.4m
[run] meanflow  k=3/10 seq=10/12 (34/120)  t0=7164   rollout=  1.7s  avg= 1.7s/seq  elapsed=  1.0m  eta=  2.4m
[run] meanflow  k=3/10 seq=11/12 (35/120)  t0=7960   rollout=  1.7s  avg= 1.7s/seq  elapsed=  1.0m  eta=  2.4m
[run] meanflow  k=3/10 seq=12/12 (36/120)  t0=8757   rollout=  1.7s  avg= 1.7s/seq  elapsed=  1.0m  eta=  2.4m
[run] meanflow  k=4/10 seq=1/12 (37/120)  t0=0      rollout=  1.7s  avg= 1.7s/seq  elapsed=  1.0m  eta=  2.3m
[run] meanflow  k=4/10 seq=2/12 (38/120)  t0=796    rollout=  1.7s  avg= 1.7s/seq  elapsed=  1.1m  eta=  2.3m
[run] meanflow  k=4/10 seq=3/12 (39/120)  t0=1592   rollout=  1.7s  avg= 1.7s/seq  elapsed=  1.1m  eta=  2.3m
[run] meanflow  k=4/10 seq=4/12 (40/120)  t0=2388   rollout=  1.7s  avg= 1.7s/seq  elapsed=  1.1m  eta=  2.2m
[run] meanflow  k=4/10 seq=5/12 (41/120)  t0=3184   rollout=  1.7s  avg= 1.7s/seq  elapsed=  1.2m  eta=  2.2m
[run] meanflow  k=4/10 seq=6/12 (42/120)  t0=3980   rollout=  1.7s  avg= 1.7s/seq  elapsed=  1.2m  eta=  2.2m
[run] meanflow  k=4/10 seq=7/12 (43/120)  t0=4776   rollout=  1.7s  avg= 1.7s/seq  elapsed=  1.2m  eta=  2.2m
[run] meanflow  k=4/10 seq=8/12 (44/120)  t0=5572   rollout=  1.7s  avg= 1.7s/seq  elapsed=  1.2m  eta=  2.1m
[run] meanflow  k=4/10 seq=9/12 (45/120)  t0=6368   rollout=  1.7s  avg= 1.7s/seq  elapsed=  1.3m  eta=  2.1m
[run] meanflow  k=4/10 seq=10/12 (46/120)  t0=7164   rollout=  1.7s  avg= 1.7s/seq  elapsed=  1.3m  eta=  2.1m
[run] meanflow  k=4/10 seq=11/12 (47/120)  t0=7960   rollout=  1.7s  avg= 1.7s/seq  elapsed=  1.3m  eta=  2.0m
[run] meanflow  k=4/10 seq=12/12 (48/120)  t0=8757   rollout=  1.7s  avg= 1.7s/seq  elapsed=  1.3m  eta=  2.0m
[run] meanflow  k=5/10 seq=1/12 (49/120)  t0=0      rollout=  1.7s  avg= 1.7s/seq  elapsed=  1.4m  eta=  2.0m
[run] meanflow  k=5/10 seq=2/12 (50/120)  t0=796    rollout=  1.7s  avg= 1.7s/seq  elapsed=  1.4m  eta=  2.0m
[run] meanflow  k=5/10 seq=3/12 (51/120)  t0=1592   rollout=  1.7s  avg= 1.7s/seq  elapsed=  1.4m  eta=  1.9m
[run] meanflow  k=5/10 seq=4/12 (52/120)  t0=2388   rollout=  1.7s  avg= 1.7s/seq  elapsed=  1.5m  eta=  1.9m
[run] meanflow  k=5/10 seq=5/12 (53/120)  t0=3184   rollout=  1.7s  avg= 1.7s/seq  elapsed=  1.5m  eta=  1.9m
[run] meanflow  k=5/10 seq=6/12 (54/120)  t0=3980   rollout=  1.6s  avg= 1.7s/seq  elapsed=  1.5m  eta=  1.8m
[run] meanflow  k=5/10 seq=7/12 (55/120)  t0=4776   rollout=  1.7s  avg= 1.7s/seq  elapsed=  1.5m  eta=  1.8m
[run] meanflow  k=5/10 seq=8/12 (56/120)  t0=5572   rollout=  1.7s  avg= 1.7s/seq  elapsed=  1.6m  eta=  1.8m
[run] meanflow  k=5/10 seq=9/12 (57/120)  t0=6368   rollout=  1.7s  avg= 1.7s/seq  elapsed=  1.6m  eta=  1.8m
[run] meanflow  k=5/10 seq=10/12 (58/120)  t0=7164   rollout=  1.7s  avg= 1.7s/seq  elapsed=  1.6m  eta=  1.7m
[run] meanflow  k=5/10 seq=11/12 (59/120)  t0=7960   rollout=  1.7s  avg= 1.7s/seq  elapsed=  1.7m  eta=  1.7m
[run] meanflow  k=5/10 seq=12/12 (60/120)  t0=8757   rollout=  1.8s  avg= 1.7s/seq  elapsed=  1.7m  eta=  1.7m
[run] meanflow  k=6/10 seq=1/12 (61/120)  t0=0      rollout=  1.7s  avg= 1.7s/seq  elapsed=  1.7m  eta=  1.7m
[run] meanflow  k=6/10 seq=2/12 (62/120)  t0=796    rollout=  1.7s  avg= 1.7s/seq  elapsed=  1.7m  eta=  1.6m
[run] meanflow  k=6/10 seq=3/12 (63/120)  t0=1592   rollout=  1.7s  avg= 1.7s/seq  elapsed=  1.8m  eta=  1.6m
[run] meanflow  k=6/10 seq=4/12 (64/120)  t0=2388   rollout=  1.7s  avg= 1.7s/seq  elapsed=  1.8m  eta=  1.6m
[run] meanflow  k=6/10 seq=5/12 (65/120)  t0=3184   rollout=  1.7s  avg= 1.7s/seq  elapsed=  1.8m  eta=  1.5m
[run] meanflow  k=6/10 seq=6/12 (66/120)  t0=3980   rollout=  1.7s  avg= 1.7s/seq  elapsed=  1.9m  eta=  1.5m
[run] meanflow  k=6/10 seq=7/12 (67/120)  t0=4776   rollout=  1.7s  avg= 1.7s/seq  elapsed=  1.9m  eta=  1.5m
[run] meanflow  k=6/10 seq=8/12 (68/120)  t0=5572   rollout=  1.7s  avg= 1.7s/seq  elapsed=  1.9m  eta=  1.5m
[run] meanflow  k=6/10 seq=9/12 (69/120)  t0=6368   rollout=  1.7s  avg= 1.7s/seq  elapsed=  1.9m  eta=  1.4m
[run] meanflow  k=6/10 seq=10/12 (70/120)  t0=7164   rollout=  1.7s  avg= 1.7s/seq  elapsed=  2.0m  eta=  1.4m
[run] meanflow  k=6/10 seq=11/12 (71/120)  t0=7960   rollout=  1.7s  avg= 1.7s/seq  elapsed=  2.0m  eta=  1.4m
[run] meanflow  k=6/10 seq=12/12 (72/120)  t0=8757   rollout=  1.7s  avg= 1.7s/seq  elapsed=  2.0m  eta=  1.4m
[run] meanflow  k=7/10 seq=1/12 (73/120)  t0=0      rollout=  1.7s  avg= 1.7s/seq  elapsed=  2.1m  eta=  1.3m
[run] meanflow  k=7/10 seq=2/12 (74/120)  t0=796    rollout=  1.7s  avg= 1.7s/seq  elapsed=  2.1m  eta=  1.3m
[run] meanflow  k=7/10 seq=3/12 (75/120)  t0=1592   rollout=  1.7s  avg= 1.7s/seq  elapsed=  2.1m  eta=  1.3m
[run] meanflow  k=7/10 seq=4/12 (76/120)  t0=2388   rollout=  1.7s  avg= 1.7s/seq  elapsed=  2.1m  eta=  1.2m
[run] meanflow  k=7/10 seq=5/12 (77/120)  t0=3184   rollout=  1.7s  avg= 1.7s/seq  elapsed=  2.2m  eta=  1.2m
[run] meanflow  k=7/10 seq=6/12 (78/120)  t0=3980   rollout=  1.7s  avg= 1.7s/seq  elapsed=  2.2m  eta=  1.2m
[run] meanflow  k=7/10 seq=7/12 (79/120)  t0=4776   rollout=  1.7s  avg= 1.7s/seq  elapsed=  2.2m  eta=  1.2m
[run] meanflow  k=7/10 seq=8/12 (80/120)  t0=5572   rollout=  1.7s  avg= 1.7s/seq  elapsed=  2.3m  eta=  1.1m
[run] meanflow  k=7/10 seq=9/12 (81/120)  t0=6368   rollout=  1.7s  avg= 1.7s/seq  elapsed=  2.3m  eta=  1.1m
[run] meanflow  k=7/10 seq=10/12 (82/120)  t0=7164   rollout=  1.7s  avg= 1.7s/seq  elapsed=  2.3m  eta=  1.1m
[run] meanflow  k=7/10 seq=11/12 (83/120)  t0=7960   rollout=  1.7s  avg= 1.7s/seq  elapsed=  2.3m  eta=  1.0m
[run] meanflow  k=7/10 seq=12/12 (84/120)  t0=8757   rollout=  1.8s  avg= 1.7s/seq  elapsed=  2.4m  eta=  1.0m
[run] meanflow  k=8/10 seq=1/12 (85/120)  t0=0      rollout=  1.7s  avg= 1.7s/seq  elapsed=  2.4m  eta=  1.0m
[run] meanflow  k=8/10 seq=2/12 (86/120)  t0=796    rollout=  1.7s  avg= 1.7s/seq  elapsed=  2.4m  eta=  1.0m
[run] meanflow  k=8/10 seq=3/12 (87/120)  t0=1592   rollout=  1.7s  avg= 1.7s/seq  elapsed=  2.5m  eta=  0.9m
[run] meanflow  k=8/10 seq=4/12 (88/120)  t0=2388   rollout=  1.8s  avg= 1.7s/seq  elapsed=  2.5m  eta=  0.9m
[run] meanflow  k=8/10 seq=5/12 (89/120)  t0=3184   rollout=  1.8s  avg= 1.7s/seq  elapsed=  2.5m  eta=  0.9m
[run] meanflow  k=8/10 seq=6/12 (90/120)  t0=3980   rollout=  1.7s  avg= 1.7s/seq  elapsed=  2.5m  eta=  0.8m
[run] meanflow  k=8/10 seq=7/12 (91/120)  t0=4776   rollout=  1.7s  avg= 1.7s/seq  elapsed=  2.6m  eta=  0.8m
[run] meanflow  k=8/10 seq=8/12 (92/120)  t0=5572   rollout=  1.7s  avg= 1.7s/seq  elapsed=  2.6m  eta=  0.8m
[run] meanflow  k=8/10 seq=9/12 (93/120)  t0=6368   rollout=  1.7s  avg= 1.7s/seq  elapsed=  2.6m  eta=  0.8m
[run] meanflow  k=8/10 seq=10/12 (94/120)  t0=7164   rollout=  1.7s  avg= 1.7s/seq  elapsed=  2.7m  eta=  0.7m
[run] meanflow  k=8/10 seq=11/12 (95/120)  t0=7960   rollout=  1.7s  avg= 1.7s/seq  elapsed=  2.7m  eta=  0.7m
[run] meanflow  k=8/10 seq=12/12 (96/120)  t0=8757   rollout=  1.7s  avg= 1.7s/seq  elapsed=  2.7m  eta=  0.7m
[run] meanflow  k=9/10 seq=1/12 (97/120)  t0=0      rollout=  1.7s  avg= 1.7s/seq  elapsed=  2.7m  eta=  0.6m
[run] meanflow  k=9/10 seq=2/12 (98/120)  t0=796    rollout=  1.7s  avg= 1.7s/seq  elapsed=  2.8m  eta=  0.6m
[run] meanflow  k=9/10 seq=3/12 (99/120)  t0=1592   rollout=  1.7s  avg= 1.7s/seq  elapsed=  2.8m  eta=  0.6m
[run] meanflow  k=9/10 seq=4/12 (100/120)  t0=2388   rollout=  1.7s  avg= 1.7s/seq  elapsed=  2.8m  eta=  0.6m
[run] meanflow  k=9/10 seq=5/12 (101/120)  t0=3184   rollout=  1.8s  avg= 1.7s/seq  elapsed=  2.9m  eta=  0.5m
[run] meanflow  k=9/10 seq=6/12 (102/120)  t0=3980   rollout=  1.7s  avg= 1.7s/seq  elapsed=  2.9m  eta=  0.5m
[run] meanflow  k=9/10 seq=7/12 (103/120)  t0=4776   rollout=  1.7s  avg= 1.7s/seq  elapsed=  2.9m  eta=  0.5m
[run] meanflow  k=9/10 seq=8/12 (104/120)  t0=5572   rollout=  1.7s  avg= 1.7s/seq  elapsed=  2.9m  eta=  0.5m
[run] meanflow  k=9/10 seq=9/12 (105/120)  t0=6368   rollout=  1.7s  avg= 1.7s/seq  elapsed=  3.0m  eta=  0.4m
[run] meanflow  k=9/10 seq=10/12 (106/120)  t0=7164   rollout=  1.7s  avg= 1.7s/seq  elapsed=  3.0m  eta=  0.4m
[run] meanflow  k=9/10 seq=11/12 (107/120)  t0=7960   rollout=  1.7s  avg= 1.7s/seq  elapsed=  3.0m  eta=  0.4m
[run] meanflow  k=9/10 seq=12/12 (108/120)  t0=8757   rollout=  1.7s  avg= 1.7s/seq  elapsed=  3.1m  eta=  0.3m
[run] meanflow  k=10/10 seq=1/12 (109/120)  t0=0      rollout=  1.7s  avg= 1.7s/seq  elapsed=  3.1m  eta=  0.3m
[run] meanflow  k=10/10 seq=2/12 (110/120)  t0=796    rollout=  1.7s  avg= 1.7s/seq  elapsed=  3.1m  eta=  0.3m
[run] meanflow  k=10/10 seq=3/12 (111/120)  t0=1592   rollout=  1.7s  avg= 1.7s/seq  elapsed=  3.1m  eta=  0.3m
[run] meanflow  k=10/10 seq=4/12 (112/120)  t0=2388   rollout=  1.7s  avg= 1.7s/seq  elapsed=  3.2m  eta=  0.2m
[run] meanflow  k=10/10 seq=5/12 (113/120)  t0=3184   rollout=  1.7s  avg= 1.7s/seq  elapsed=  3.2m  eta=  0.2m
[run] meanflow  k=10/10 seq=6/12 (114/120)  t0=3980   rollout=  1.7s  avg= 1.7s/seq  elapsed=  3.2m  eta=  0.2m
[run] meanflow  k=10/10 seq=7/12 (115/120)  t0=4776   rollout=  1.7s  avg= 1.7s/seq  elapsed=  3.2m  eta=  0.1m
[run] meanflow  k=10/10 seq=8/12 (116/120)  t0=5572   rollout=  1.7s  avg= 1.7s/seq  elapsed=  3.3m  eta=  0.1m
[run] meanflow  k=10/10 seq=9/12 (117/120)  t0=6368   rollout=  1.6s  avg= 1.7s/seq  elapsed=  3.3m  eta=  0.1m
[run] meanflow  k=10/10 seq=10/12 (118/120)  t0=7164   rollout=  1.7s  avg= 1.7s/seq  elapsed=  3.3m  eta=  0.1m
[run] meanflow  k=10/10 seq=11/12 (119/120)  t0=7960   rollout=  1.7s  avg= 1.7s/seq  elapsed=  3.4m  eta=  0.0m
[run] meanflow  k=10/10 seq=12/12 (120/120)  t0=8757   rollout=  1.7s  avg= 1.7s/seq  elapsed=  3.4m  eta=  0.0m
[run] meanflow ensemble finished in 3.4m
[2026-06-12 12:04:18] [nfe_sweep] NFE= 40  t/seq= 1.69s  CRPS-qpepre=0.1176  CSI-M=0.3021  RMSE-qpepre=0.5538  NFE-elapsed=3.4m
| method | Time/Seq.(s) | CRPS↓ | CSI-M↑ | CSI-P16↑ | FSS-P16-M↑ | HSS-M↑ | FAR-M↓ | RMSE_u10↓ | RMSE_v10↓ | RMSE_t2m↓ | RMSE_qpepre↓ |
|---|---|---|---|---|---|---|---|---|---|---|---|
| meanflow | 1.690 | 0.2836 | 0.3021 | 0.2344 | 0.3767 | 0.4066 | 0.2827 | 0.8356 | 0.8289 | 0.3933 | 0.5538 |

================================================================
[2026-06-12 12:04:18] NFE = 50   (15/15)
================================================================
[run] meanflow ensemble starting: K=10 x S=12 x T=1 = 120 sequence-rollouts
[run] meanflow  k=1/10 seq=1/12 (1/120)  t0=0      rollout=  2.1s  avg= 2.1s/seq  elapsed=  0.0m  eta=  4.1m
[run] meanflow  k=1/10 seq=2/12 (2/120)  t0=796    rollout=  2.0s  avg= 2.1s/seq  elapsed=  0.1m  eta=  4.0m
[run] meanflow  k=1/10 seq=3/12 (3/120)  t0=1592   rollout=  2.1s  avg= 2.1s/seq  elapsed=  0.1m  eta=  4.0m
[run] meanflow  k=1/10 seq=4/12 (4/120)  t0=2388   rollout=  2.1s  avg= 2.1s/seq  elapsed=  0.1m  eta=  4.0m
[run] meanflow  k=1/10 seq=5/12 (5/120)  t0=3184   rollout=  2.1s  avg= 2.1s/seq  elapsed=  0.2m  eta=  4.0m
[run] meanflow  k=1/10 seq=6/12 (6/120)  t0=3980   rollout=  2.1s  avg= 2.1s/seq  elapsed=  0.2m  eta=  3.9m
[run] meanflow  k=1/10 seq=7/12 (7/120)  t0=4776   rollout=  2.1s  avg= 2.1s/seq  elapsed=  0.2m  eta=  3.9m
[run] meanflow  k=1/10 seq=8/12 (8/120)  t0=5572   rollout=  2.1s  avg= 2.1s/seq  elapsed=  0.3m  eta=  3.9m
[run] meanflow  k=1/10 seq=9/12 (9/120)  t0=6368   rollout=  2.1s  avg= 2.1s/seq  elapsed=  0.3m  eta=  3.8m
[run] meanflow  k=1/10 seq=10/12 (10/120)  t0=7164   rollout=  2.1s  avg= 2.1s/seq  elapsed=  0.3m  eta=  3.8m
[run] meanflow  k=1/10 seq=11/12 (11/120)  t0=7960   rollout=  2.1s  avg= 2.1s/seq  elapsed=  0.4m  eta=  3.8m
[run] meanflow  k=1/10 seq=12/12 (12/120)  t0=8757   rollout=  2.2s  avg= 2.1s/seq  elapsed=  0.4m  eta=  3.8m
[run] meanflow  k=2/10 seq=1/12 (13/120)  t0=0      rollout=  2.1s  avg= 2.1s/seq  elapsed=  0.5m  eta=  3.7m
[run] meanflow  k=2/10 seq=2/12 (14/120)  t0=796    rollout=  2.2s  avg= 2.1s/seq  elapsed=  0.5m  eta=  3.7m
[run] meanflow  k=2/10 seq=3/12 (15/120)  t0=1592   rollout=  2.1s  avg= 2.1s/seq  elapsed=  0.5m  eta=  3.7m
[run] meanflow  k=2/10 seq=4/12 (16/120)  t0=2388   rollout=  2.1s  avg= 2.1s/seq  elapsed=  0.6m  eta=  3.6m
[run] meanflow  k=2/10 seq=5/12 (17/120)  t0=3184   rollout=  2.1s  avg= 2.1s/seq  elapsed=  0.6m  eta=  3.6m
[run] meanflow  k=2/10 seq=6/12 (18/120)  t0=3980   rollout=  2.1s  avg= 2.1s/seq  elapsed=  0.6m  eta=  3.6m
[run] meanflow  k=2/10 seq=7/12 (19/120)  t0=4776   rollout=  2.1s  avg= 2.1s/seq  elapsed=  0.7m  eta=  3.5m
[run] meanflow  k=2/10 seq=8/12 (20/120)  t0=5572   rollout=  2.1s  avg= 2.1s/seq  elapsed=  0.7m  eta=  3.5m
[run] meanflow  k=2/10 seq=9/12 (21/120)  t0=6368   rollout=  2.1s  avg= 2.1s/seq  elapsed=  0.7m  eta=  3.5m
[run] meanflow  k=2/10 seq=10/12 (22/120)  t0=7164   rollout=  2.1s  avg= 2.1s/seq  elapsed=  0.8m  eta=  3.4m
[run] meanflow  k=2/10 seq=11/12 (23/120)  t0=7960   rollout=  2.1s  avg= 2.1s/seq  elapsed=  0.8m  eta=  3.4m
[run] meanflow  k=2/10 seq=12/12 (24/120)  t0=8757   rollout=  2.1s  avg= 2.1s/seq  elapsed=  0.8m  eta=  3.4m
[run] meanflow  k=3/10 seq=1/12 (25/120)  t0=0      rollout=  2.1s  avg= 2.1s/seq  elapsed=  0.9m  eta=  3.3m
[run] meanflow  k=3/10 seq=2/12 (26/120)  t0=796    rollout=  2.1s  avg= 2.1s/seq  elapsed=  0.9m  eta=  3.3m
[run] meanflow  k=3/10 seq=3/12 (27/120)  t0=1592   rollout=  2.1s  avg= 2.1s/seq  elapsed=  0.9m  eta=  3.3m
[run] meanflow  k=3/10 seq=4/12 (28/120)  t0=2388   rollout=  2.1s  avg= 2.1s/seq  elapsed=  1.0m  eta=  3.2m
[run] meanflow  k=3/10 seq=5/12 (29/120)  t0=3184   rollout=  2.1s  avg= 2.1s/seq  elapsed=  1.0m  eta=  3.2m
[run] meanflow  k=3/10 seq=6/12 (30/120)  t0=3980   rollout=  2.1s  avg= 2.1s/seq  elapsed=  1.1m  eta=  3.2m
[run] meanflow  k=3/10 seq=7/12 (31/120)  t0=4776   rollout=  2.1s  avg= 2.1s/seq  elapsed=  1.1m  eta=  3.1m
[run] meanflow  k=3/10 seq=8/12 (32/120)  t0=5572   rollout=  2.1s  avg= 2.1s/seq  elapsed=  1.1m  eta=  3.1m
[run] meanflow  k=3/10 seq=9/12 (33/120)  t0=6368   rollout=  2.1s  avg= 2.1s/seq  elapsed=  1.2m  eta=  3.1m
[run] meanflow  k=3/10 seq=10/12 (34/120)  t0=7164   rollout=  2.1s  avg= 2.1s/seq  elapsed=  1.2m  eta=  3.0m
[run] meanflow  k=3/10 seq=11/12 (35/120)  t0=7960   rollout=  2.1s  avg= 2.1s/seq  elapsed=  1.2m  eta=  3.0m
[run] meanflow  k=3/10 seq=12/12 (36/120)  t0=8757   rollout=  2.2s  avg= 2.1s/seq  elapsed=  1.3m  eta=  3.0m
[run] meanflow  k=4/10 seq=1/12 (37/120)  t0=0      rollout=  2.2s  avg= 2.1s/seq  elapsed=  1.3m  eta=  2.9m
[run] meanflow  k=4/10 seq=2/12 (38/120)  t0=796    rollout=  2.1s  avg= 2.1s/seq  elapsed=  1.3m  eta=  2.9m
[run] meanflow  k=4/10 seq=3/12 (39/120)  t0=1592   rollout=  2.1s  avg= 2.1s/seq  elapsed=  1.4m  eta=  2.8m
[run] meanflow  k=4/10 seq=4/12 (40/120)  t0=2388   rollout=  2.2s  avg= 2.1s/seq  elapsed=  1.4m  eta=  2.8m
[run] meanflow  k=4/10 seq=5/12 (41/120)  t0=3184   rollout=  2.1s  avg= 2.1s/seq  elapsed=  1.4m  eta=  2.8m
[run] meanflow  k=4/10 seq=6/12 (42/120)  t0=3980   rollout=  2.1s  avg= 2.1s/seq  elapsed=  1.5m  eta=  2.7m
[run] meanflow  k=4/10 seq=7/12 (43/120)  t0=4776   rollout=  2.0s  avg= 2.1s/seq  elapsed=  1.5m  eta=  2.7m
[run] meanflow  k=4/10 seq=8/12 (44/120)  t0=5572   rollout=  2.1s  avg= 2.1s/seq  elapsed=  1.5m  eta=  2.7m
[run] meanflow  k=4/10 seq=9/12 (45/120)  t0=6368   rollout=  2.1s  avg= 2.1s/seq  elapsed=  1.6m  eta=  2.6m
[run] meanflow  k=4/10 seq=10/12 (46/120)  t0=7164   rollout=  2.0s  avg= 2.1s/seq  elapsed=  1.6m  eta=  2.6m
[run] meanflow  k=4/10 seq=11/12 (47/120)  t0=7960   rollout=  2.1s  avg= 2.1s/seq  elapsed=  1.6m  eta=  2.6m
[run] meanflow  k=4/10 seq=12/12 (48/120)  t0=8757   rollout=  2.0s  avg= 2.1s/seq  elapsed=  1.7m  eta=  2.5m
[run] meanflow  k=5/10 seq=1/12 (49/120)  t0=0      rollout=  2.1s  avg= 2.1s/seq  elapsed=  1.7m  eta=  2.5m
[run] meanflow  k=5/10 seq=2/12 (50/120)  t0=796    rollout=  2.0s  avg= 2.1s/seq  elapsed=  1.7m  eta=  2.4m
[run] meanflow  k=5/10 seq=3/12 (51/120)  t0=1592   rollout=  2.1s  avg= 2.1s/seq  elapsed=  1.8m  eta=  2.4m
[run] meanflow  k=5/10 seq=4/12 (52/120)  t0=2388   rollout=  2.1s  avg= 2.1s/seq  elapsed=  1.8m  eta=  2.4m
[run] meanflow  k=5/10 seq=5/12 (53/120)  t0=3184   rollout=  2.1s  avg= 2.1s/seq  elapsed=  1.9m  eta=  2.3m
[run] meanflow  k=5/10 seq=6/12 (54/120)  t0=3980   rollout=  2.1s  avg= 2.1s/seq  elapsed=  1.9m  eta=  2.3m
[run] meanflow  k=5/10 seq=7/12 (55/120)  t0=4776   rollout=  2.1s  avg= 2.1s/seq  elapsed=  1.9m  eta=  2.3m
[run] meanflow  k=5/10 seq=8/12 (56/120)  t0=5572   rollout=  2.1s  avg= 2.1s/seq  elapsed=  2.0m  eta=  2.2m
[run] meanflow  k=5/10 seq=9/12 (57/120)  t0=6368   rollout=  2.1s  avg= 2.1s/seq  elapsed=  2.0m  eta=  2.2m
[run] meanflow  k=5/10 seq=10/12 (58/120)  t0=7164   rollout=  2.1s  avg= 2.1s/seq  elapsed=  2.0m  eta=  2.2m
[run] meanflow  k=5/10 seq=11/12 (59/120)  t0=7960   rollout=  2.1s  avg= 2.1s/seq  elapsed=  2.1m  eta=  2.1m
[run] meanflow  k=5/10 seq=12/12 (60/120)  t0=8757   rollout=  2.1s  avg= 2.1s/seq  elapsed=  2.1m  eta=  2.1m
[run] meanflow  k=6/10 seq=1/12 (61/120)  t0=0      rollout=  2.1s  avg= 2.1s/seq  elapsed=  2.1m  eta=  2.1m
[run] meanflow  k=6/10 seq=2/12 (62/120)  t0=796    rollout=  2.1s  avg= 2.1s/seq  elapsed=  2.2m  eta=  2.0m
[run] meanflow  k=6/10 seq=3/12 (63/120)  t0=1592   rollout=  2.1s  avg= 2.1s/seq  elapsed=  2.2m  eta=  2.0m
[run] meanflow  k=6/10 seq=4/12 (64/120)  t0=2388   rollout=  2.1s  avg= 2.1s/seq  elapsed=  2.2m  eta=  2.0m
[run] meanflow  k=6/10 seq=5/12 (65/120)  t0=3184   rollout=  2.1s  avg= 2.1s/seq  elapsed=  2.3m  eta=  1.9m
[run] meanflow  k=6/10 seq=6/12 (66/120)  t0=3980   rollout=  2.1s  avg= 2.1s/seq  elapsed=  2.3m  eta=  1.9m
[run] meanflow  k=6/10 seq=7/12 (67/120)  t0=4776   rollout=  2.1s  avg= 2.1s/seq  elapsed=  2.3m  eta=  1.9m
[run] meanflow  k=6/10 seq=8/12 (68/120)  t0=5572   rollout=  2.1s  avg= 2.1s/seq  elapsed=  2.4m  eta=  1.8m
[run] meanflow  k=6/10 seq=9/12 (69/120)  t0=6368   rollout=  2.1s  avg= 2.1s/seq  elapsed=  2.4m  eta=  1.8m
[run] meanflow  k=6/10 seq=10/12 (70/120)  t0=7164   rollout=  2.1s  avg= 2.1s/seq  elapsed=  2.5m  eta=  1.8m
[run] meanflow  k=6/10 seq=11/12 (71/120)  t0=7960   rollout=  2.1s  avg= 2.1s/seq  elapsed=  2.5m  eta=  1.7m
[run] meanflow  k=6/10 seq=12/12 (72/120)  t0=8757   rollout=  2.1s  avg= 2.1s/seq  elapsed=  2.5m  eta=  1.7m
[run] meanflow  k=7/10 seq=1/12 (73/120)  t0=0      rollout=  2.1s  avg= 2.1s/seq  elapsed=  2.6m  eta=  1.6m
[run] meanflow  k=7/10 seq=2/12 (74/120)  t0=796    rollout=  2.1s  avg= 2.1s/seq  elapsed=  2.6m  eta=  1.6m
[run] meanflow  k=7/10 seq=3/12 (75/120)  t0=1592   rollout=  2.1s  avg= 2.1s/seq  elapsed=  2.6m  eta=  1.6m
[run] meanflow  k=7/10 seq=4/12 (76/120)  t0=2388   rollout=  2.1s  avg= 2.1s/seq  elapsed=  2.7m  eta=  1.5m
[run] meanflow  k=7/10 seq=5/12 (77/120)  t0=3184   rollout=  2.1s  avg= 2.1s/seq  elapsed=  2.7m  eta=  1.5m
[run] meanflow  k=7/10 seq=6/12 (78/120)  t0=3980   rollout=  2.1s  avg= 2.1s/seq  elapsed=  2.7m  eta=  1.5m
[run] meanflow  k=7/10 seq=7/12 (79/120)  t0=4776   rollout=  2.1s  avg= 2.1s/seq  elapsed=  2.8m  eta=  1.4m
[run] meanflow  k=7/10 seq=8/12 (80/120)  t0=5572   rollout=  2.1s  avg= 2.1s/seq  elapsed=  2.8m  eta=  1.4m
[run] meanflow  k=7/10 seq=9/12 (81/120)  t0=6368   rollout=  2.1s  avg= 2.1s/seq  elapsed=  2.8m  eta=  1.4m
[run] meanflow  k=7/10 seq=10/12 (82/120)  t0=7164   rollout=  2.1s  avg= 2.1s/seq  elapsed=  2.9m  eta=  1.3m
[run] meanflow  k=7/10 seq=11/12 (83/120)  t0=7960   rollout=  2.1s  avg= 2.1s/seq  elapsed=  2.9m  eta=  1.3m
[run] meanflow  k=7/10 seq=12/12 (84/120)  t0=8757   rollout=  2.1s  avg= 2.1s/seq  elapsed=  2.9m  eta=  1.3m
[run] meanflow  k=8/10 seq=1/12 (85/120)  t0=0      rollout=  2.1s  avg= 2.1s/seq  elapsed=  3.0m  eta=  1.2m
[run] meanflow  k=8/10 seq=2/12 (86/120)  t0=796    rollout=  2.1s  avg= 2.1s/seq  elapsed=  3.0m  eta=  1.2m
[run] meanflow  k=8/10 seq=3/12 (87/120)  t0=1592   rollout=  2.1s  avg= 2.1s/seq  elapsed=  3.0m  eta=  1.2m
[run] meanflow  k=8/10 seq=4/12 (88/120)  t0=2388   rollout=  2.1s  avg= 2.1s/seq  elapsed=  3.1m  eta=  1.1m
[run] meanflow  k=8/10 seq=5/12 (89/120)  t0=3184   rollout=  2.1s  avg= 2.1s/seq  elapsed=  3.1m  eta=  1.1m
[run] meanflow  k=8/10 seq=6/12 (90/120)  t0=3980   rollout=  2.1s  avg= 2.1s/seq  elapsed=  3.1m  eta=  1.0m
[run] meanflow  k=8/10 seq=7/12 (91/120)  t0=4776   rollout=  2.1s  avg= 2.1s/seq  elapsed=  3.2m  eta=  1.0m
[run] meanflow  k=8/10 seq=8/12 (92/120)  t0=5572   rollout=  2.1s  avg= 2.1s/seq  elapsed=  3.2m  eta=  1.0m
[run] meanflow  k=8/10 seq=9/12 (93/120)  t0=6368   rollout=  2.1s  avg= 2.1s/seq  elapsed=  3.3m  eta=  0.9m
[run] meanflow  k=8/10 seq=10/12 (94/120)  t0=7164   rollout=  2.1s  avg= 2.1s/seq  elapsed=  3.3m  eta=  0.9m
[run] meanflow  k=8/10 seq=11/12 (95/120)  t0=7960   rollout=  2.1s  avg= 2.1s/seq  elapsed=  3.3m  eta=  0.9m
[run] meanflow  k=8/10 seq=12/12 (96/120)  t0=8757   rollout=  2.1s  avg= 2.1s/seq  elapsed=  3.4m  eta=  0.8m
[run] meanflow  k=9/10 seq=1/12 (97/120)  t0=0      rollout=  2.1s  avg= 2.1s/seq  elapsed=  3.4m  eta=  0.8m
[run] meanflow  k=9/10 seq=2/12 (98/120)  t0=796    rollout=  2.1s  avg= 2.1s/seq  elapsed=  3.4m  eta=  0.8m
[run] meanflow  k=9/10 seq=3/12 (99/120)  t0=1592   rollout=  2.1s  avg= 2.1s/seq  elapsed=  3.5m  eta=  0.7m
[run] meanflow  k=9/10 seq=4/12 (100/120)  t0=2388   rollout=  2.1s  avg= 2.1s/seq  elapsed=  3.5m  eta=  0.7m
[run] meanflow  k=9/10 seq=5/12 (101/120)  t0=3184   rollout=  2.1s  avg= 2.1s/seq  elapsed=  3.5m  eta=  0.7m
[run] meanflow  k=9/10 seq=6/12 (102/120)  t0=3980   rollout=  2.1s  avg= 2.1s/seq  elapsed=  3.6m  eta=  0.6m
[run] meanflow  k=9/10 seq=7/12 (103/120)  t0=4776   rollout=  2.2s  avg= 2.1s/seq  elapsed=  3.6m  eta=  0.6m
[run] meanflow  k=9/10 seq=8/12 (104/120)  t0=5572   rollout=  2.1s  avg= 2.1s/seq  elapsed=  3.6m  eta=  0.6m
[run] meanflow  k=9/10 seq=9/12 (105/120)  t0=6368   rollout=  2.1s  avg= 2.1s/seq  elapsed=  3.7m  eta=  0.5m
[run] meanflow  k=9/10 seq=10/12 (106/120)  t0=7164   rollout=  2.1s  avg= 2.1s/seq  elapsed=  3.7m  eta=  0.5m
[run] meanflow  k=9/10 seq=11/12 (107/120)  t0=7960   rollout=  2.1s  avg= 2.1s/seq  elapsed=  3.7m  eta=  0.5m
[run] meanflow  k=9/10 seq=12/12 (108/120)  t0=8757   rollout=  2.1s  avg= 2.1s/seq  elapsed=  3.8m  eta=  0.4m
[run] meanflow  k=10/10 seq=1/12 (109/120)  t0=0      rollout=  2.1s  avg= 2.1s/seq  elapsed=  3.8m  eta=  0.4m
[run] meanflow  k=10/10 seq=2/12 (110/120)  t0=796    rollout=  2.1s  avg= 2.1s/seq  elapsed=  3.8m  eta=  0.3m
[run] meanflow  k=10/10 seq=3/12 (111/120)  t0=1592   rollout=  2.1s  avg= 2.1s/seq  elapsed=  3.9m  eta=  0.3m
[run] meanflow  k=10/10 seq=4/12 (112/120)  t0=2388   rollout=  2.1s  avg= 2.1s/seq  elapsed=  3.9m  eta=  0.3m
[run] meanflow  k=10/10 seq=5/12 (113/120)  t0=3184   rollout=  2.1s  avg= 2.1s/seq  elapsed=  4.0m  eta=  0.2m
[run] meanflow  k=10/10 seq=6/12 (114/120)  t0=3980   rollout=  2.1s  avg= 2.1s/seq  elapsed=  4.0m  eta=  0.2m
[run] meanflow  k=10/10 seq=7/12 (115/120)  t0=4776   rollout=  2.1s  avg= 2.1s/seq  elapsed=  4.0m  eta=  0.2m
[run] meanflow  k=10/10 seq=8/12 (116/120)  t0=5572   rollout=  2.1s  avg= 2.1s/seq  elapsed=  4.1m  eta=  0.1m
[run] meanflow  k=10/10 seq=9/12 (117/120)  t0=6368   rollout=  2.1s  avg= 2.1s/seq  elapsed=  4.1m  eta=  0.1m
[run] meanflow  k=10/10 seq=10/12 (118/120)  t0=7164   rollout=  2.1s  avg= 2.1s/seq  elapsed=  4.1m  eta=  0.1m
[run] meanflow  k=10/10 seq=11/12 (119/120)  t0=7960   rollout=  2.1s  avg= 2.1s/seq  elapsed=  4.2m  eta=  0.0m
[run] meanflow  k=10/10 seq=12/12 (120/120)  t0=8757   rollout=  2.1s  avg= 2.1s/seq  elapsed=  4.2m  eta=  0.0m
[run] meanflow ensemble finished in 4.2m
[2026-06-12 12:08:30] [nfe_sweep] NFE= 50  t/seq= 2.10s  CRPS-qpepre=0.1178  CSI-M=0.3161  RMSE-qpepre=0.5524  NFE-elapsed=4.2m
| method | Time/Seq.(s) | CRPS↓ | CSI-M↑ | CSI-P16↑ | FSS-P16-M↑ | HSS-M↑ | FAR-M↓ | RMSE_u10↓ | RMSE_v10↓ | RMSE_t2m↓ | RMSE_qpepre↓ |
|---|---|---|---|---|---|---|---|---|---|---|---|
| meanflow | 2.095 | 0.2845 | 0.3161 | 0.2879 | 0.4738 | 0.4248 | 0.2894 | 0.8359 | 0.8237 | 0.3914 | 0.5524 |

================================================================
[2026-06-12 12:08:30] sweep finished in 21.9 min
================================================================
[2026-06-12 12:08:30] [nfe_sweep] rendering plots ...
[2026-06-12 12:08:32] [nfe_sweep] done -- outputs under /home3/davidlcs/Econ-Rag/Local_LLM/test_meeting/Stormcast-Distilation/experiment_scripts/results/meanflow_nfe_sweep
[2026-06-12 12:08:32] [nfe_sweep]   table : nfe_sweep.{csv,md}
[2026-06-12 12:08:32] [nfe_sweep]   plots : plot_quality_vs_nfe.png  plot_time_vs_nfe.png  plot_pareto.png
[2026-06-12 12:08:32] [nfe_sweep]   detail: nfe_<NFE>/scoreboard.{md,csv} + per_threshold.csv + rmse_per_channel.csv
[2026-06-12 12:08:35] [nfe_sweep] meanflow sweep done in 1340s
[2026-06-12 12:08:35] [nfe_sweep] preview of meanflow nfe_sweep.md:
[nfe_sweep]     | # MeanFlow NFE Pareto sweep
[nfe_sweep]     | 
[nfe_sweep]     | Per-NFE single-step validation skill, qpepre in mm/h after `denormalize_state`.
[nfe_sweep]     | 
[nfe_sweep]     | | nfe | time_per_seq_s | rmse_u10 | rmse_v10 | rmse_t2m | rmse_qpepre | crps_u10 | crps_v10 | crps_t2m | crps_qpepre | csi_m | csi_p16 | fss_p16_m | hss_m | far_m |
[nfe_sweep]     | |---:|---:|---:|---:|---:|---:|---:|---:|---:|---:|---:|---:|---:|---:|---:|
[nfe_sweep]     | | 1 | 0.2365 | 0.8379 | 0.8626 | 0.4064 | 0.5522 | 0.4836 | 0.5036 | 0.2195 | 0.1359 | 0.2720 | 0.0794 | 0.1265 | 0.3595 | 0.1657 |
[nfe_sweep]     | | 2 | 0.1875 | 0.8150 | 0.8191 | 0.3770 | 0.5505 | 0.4546 | 0.4644 | 0.2021 | 0.1278 | 0.2777 | 0.0952 | 0.1568 | 0.3676 | 0.1924 |
[nfe_sweep]     | | 3 | 0.2299 | 0.8262 | 0.8455 | 0.3839 | 0.5531 | 0.4243 | 0.4459 | 0.1913 | 0.1251 | 0.2662 | 0.0476 | 0.0782 | 0.3501 | 0.1826 |
[nfe_sweep]     | | 4 | 0.2641 | 0.8807 | 1.0174 | 0.4515 | 0.5549 | 0.4315 | 0.5199 | 0.2245 | 0.1239 | 0.2541 | 0.0000 | 0.0000 | 0.3301 | 0.2510 |
[nfe_sweep]     | | 5 | 0.3117 | 0.8257 | 0.8560 | 0.3910 | 0.5497 | 0.4236 | 0.4470 | 0.1944 | 0.1231 | 0.2834 | 0.1270 | 0.2051 | 0.3777 | 0.2078 |
[nfe_sweep]     | | 6 | 0.3425 | 0.8355 | 0.8405 | 0.4002 | 0.5507 | 0.4164 | 0.4269 | 0.1987 | 0.1201 | 0.2802 | 0.1111 | 0.1847 | 0.3732 | 0.2481 |
[nfe_sweep]     | | 8 | 0.4229 | 0.8281 | 0.8425 | 0.3876 | 0.5507 | 0.4115 | 0.4281 | 0.1922 | 0.1203 | 0.2759 | 0.0952 | 0.1550 | 0.3666 | 0.2315 |
[nfe_sweep]     | | 10 | 0.5075 | 0.8282 | 0.8434 | 0.3900 | 0.5506 | 0.4121 | 0.4268 | 0.1918 | 0.1195 | 0.2929 | 0.1746 | 0.2806 | 0.3930 | 0.2488 |
[nfe_sweep]     | | 12 | 0.5962 | 0.8334 | 0.8285 | 0.3891 | 0.5522 | 0.4132 | 0.4218 | 0.1898 | 0.1187 | 0.3086 | 0.2462 | 0.4131 | 0.4152 | 0.2846 |
[nfe_sweep]     | | 16 | 0.7403 | 0.8301 | 0.8310 | 0.3863 | 0.5522 | 0.4098 | 0.4183 | 0.1884 | 0.1184 | 0.2953 | 0.2063 | 0.3218 | 0.3966 | 0.2640 |
[nfe_sweep]     | | 20 | 0.8969 | 0.8313 | 0.8271 | 0.3884 | 0.5521 | 0.4092 | 0.4164 | 0.1889 | 0.1190 | 0.2879 | 0.1746 | 0.2806 | 0.3862 | 0.2461 |
[nfe_sweep]     | | 25 | 1.0867 | 0.8326 | 0.8244 | 0.3891 | 0.5512 | 0.4103 | 0.4153 | 0.1885 | 0.1183 | 0.2959 | 0.2063 | 0.3218 | 0.3977 | 0.2584 |
[nfe_sweep]     | | 32 | 1.3627 | 0.8335 | 0.8231 | 0.3923 | 0.5515 | 0.4127 | 0.4155 | 0.1908 | 0.1179 | 0.3066 | 0.2424 | 0.4231 | 0.4125 | 0.2926 |
[nfe_sweep]     | | 40 | 1.6899 | 0.8356 | 0.8289 | 0.3933 | 0.5538 | 0.4105 | 0.4153 | 0.1910 | 0.1176 | 0.3021 | 0.2344 | 0.3767 | 0.4066 | 0.2827 |
[nfe_sweep]     | | 50 | 2.0950 | 0.8359 | 0.8237 | 0.3914 | 0.5524 | 0.4140 | 0.4163 | 0.1899 | 0.1178 | 0.3161 | 0.2879 | 0.4738 | 0.4248 | 0.2894 |

================================================================
[2026-06-12 12:08:35] All done -- total elapsed 2709s
================================================================
[2026-06-12 12:08:35] [nfe_sweep] outputs (per method):
[2026-06-12 12:08:35] [nfe_sweep]   flowcast: /home3/davidlcs/Econ-Rag/Local_LLM/test_meeting/Stormcast-Distilation/experiment_scripts/results/flowcast_nfe_sweep/nfe_sweep.{csv,md} + plot_{quality_vs_nfe,time_vs_nfe,pareto}.png
[2026-06-12 12:08:35] [nfe_sweep]   meanflow: /home3/davidlcs/Econ-Rag/Local_LLM/test_meeting/Stormcast-Distilation/experiment_scripts/results/meanflow_nfe_sweep/nfe_sweep.{csv,md} + plot_{quality_vs_nfe,time_vs_nfe,pareto}.png
