/home3/davidlcs/Econ-Rag/Local_LLM/test_meeting/Stormcast-Distilation/physicsnemo/distributed/manager.py:415: UserWarning: Could not initialize using ENV, SLURM or OPENMPI methods. Assuming this is a single process job
  warn(

================================================================
[2026-06-12 11:46:29] MeanFlow NFE Pareto sweep
================================================================
[2026-06-12 11:46:29] [nfe_sweep] device     = cuda:0
[2026-06-12 11:46:29] [nfe_sweep] method     = meanflow
[2026-06-12 11:46:29] [nfe_sweep] data       = /home3/davidlcs/Econ-Rag/Local_LLM/test_meeting/Stormcast-Distilation/exp_3_train_2_5_yrs_val_1yr_tp1/zarr_exp3_L_24_H_24_train_2_5_years_full_cleaned_4_27_2026
[2026-06-12 11:46:29] [nfe_sweep] regression = /home3/davidlcs/Econ-Rag/Local_LLM/test_meeting/Stormcast-Distilation/runs/regression_zettabyte_v1_cleaned_4_27_2026/regression_zettabyte_cleaned_4_27_2026/run_0/checkpoints_regression/StormCastUNet.0.8000.mdlus
[2026-06-12 11:46:29] [nfe_sweep] meanflow   = /home3/davidlcs/Econ-Rag/Local_LLM/test_meeting/Stormcast-Distilation/runs/meanflow_zettabyte_v1_cleaned_4_27_2026/meanflow_zettabyte_cleaned_4_27_2026/run_0/checkpoints_meanflow/MeanFlowPrecond.0.20000.mdlus
[2026-06-12 11:46:29] [nfe_sweep] NFE list   = [1, 2, 3, 4, 5, 6, 8, 10, 12, 16, 20, 25, 32, 40, 50]  (15 values)
[2026-06-12 11:46:29] [nfe_sweep] solver     = euler  sigma_data = 0.5  (solver ignored for meanflow)
[2026-06-12 11:46:29] [nfe_sweep] S=12 sequences x T=1 steps x K=10 members
[2026-06-12 11:46:29] [nfe_sweep] output     = /home3/davidlcs/Econ-Rag/Local_LLM/test_meeting/Stormcast-Distilation/experiment_scripts/results/meanflow_nfe_sweep
[2026-06-12 11:46:29] [nfe_sweep] loading dataset ...
[2026-06-12 11:46:31] [nfe_sweep] dataset    : usable pairs = 8759  channels = ['u10', 'v10', 't2m', 'qpepre']
[2026-06-12 11:46:31] [nfe_sweep] sequences  : 12 t0 indices (0 ... 8757)
[2026-06-12 11:46:31] [nfe_sweep] loading regression /home3/davidlcs/Econ-Rag/Local_LLM/test_meeting/Stormcast-Distilation/runs/regression_zettabyte_v1_cleaned_4_27_2026/regression_zettabyte_cleaned_4_27_2026/run_0/checkpoints_regression/StormCastUNet.0.8000.mdlus
[2026-06-12 11:46:33] [nfe_sweep] loading meanflow   /home3/davidlcs/Econ-Rag/Local_LLM/test_meeting/Stormcast-Distilation/runs/meanflow_zettabyte_v1_cleaned_4_27_2026/meanflow_zettabyte_cleaned_4_27_2026/run_0/checkpoints_meanflow/MeanFlowPrecond.0.20000.mdlus

================================================================
[2026-06-12 11:46:34] NFE = 1   (1/15)
================================================================
[run] meanflow ensemble starting: K=10 x S=12 x T=1 = 120 sequence-rollouts
[run] meanflow  k=1/10 seq=1/12 (1/120)  t0=0      rollout=  1.1s  avg= 1.1s/seq  elapsed=  0.0m  eta=  2.2m
[run] meanflow  k=1/10 seq=2/12 (2/120)  t0=796    rollout=  0.2s  avg= 0.6s/seq  elapsed=  0.0m  eta=  1.3m
[run] meanflow  k=1/10 seq=3/12 (3/120)  t0=1592   rollout=  0.2s  avg= 0.5s/seq  elapsed=  0.0m  eta=  0.9m
[run] meanflow  k=1/10 seq=4/12 (4/120)  t0=2388   rollout=  0.2s  avg= 0.4s/seq  elapsed=  0.0m  eta=  0.8m
[run] meanflow  k=1/10 seq=5/12 (5/120)  t0=3184   rollout=  0.2s  avg= 0.4s/seq  elapsed=  0.0m  eta=  0.7m
[run] meanflow  k=1/10 seq=6/12 (6/120)  t0=3980   rollout=  0.2s  avg= 0.3s/seq  elapsed=  0.0m  eta=  0.6m
[run] meanflow  k=1/10 seq=7/12 (7/120)  t0=4776   rollout=  0.1s  avg= 0.3s/seq  elapsed=  0.0m  eta=  0.6m
[run] meanflow  k=1/10 seq=8/12 (8/120)  t0=5572   rollout=  0.2s  avg= 0.3s/seq  elapsed=  0.0m  eta=  0.5m
[run] meanflow  k=1/10 seq=9/12 (9/120)  t0=6368   rollout=  0.2s  avg= 0.3s/seq  elapsed=  0.0m  eta=  0.5m
[run] meanflow  k=1/10 seq=10/12 (10/120)  t0=7164   rollout=  0.2s  avg= 0.3s/seq  elapsed=  0.0m  eta=  0.5m
[run] meanflow  k=1/10 seq=11/12 (11/120)  t0=7960   rollout=  0.1s  avg= 0.2s/seq  elapsed=  0.0m  eta=  0.4m
[run] meanflow  k=1/10 seq=12/12 (12/120)  t0=8757   rollout=  0.1s  avg= 0.2s/seq  elapsed=  0.0m  eta=  0.4m
[run] meanflow  k=2/10 seq=1/12 (13/120)  t0=0      rollout=  0.1s  avg= 0.2s/seq  elapsed=  0.0m  eta=  0.4m
[run] meanflow  k=2/10 seq=2/12 (14/120)  t0=796    rollout=  0.1s  avg= 0.2s/seq  elapsed=  0.1m  eta=  0.4m
[run] meanflow  k=2/10 seq=3/12 (15/120)  t0=1592   rollout=  0.1s  avg= 0.2s/seq  elapsed=  0.1m  eta=  0.4m
[run] meanflow  k=2/10 seq=4/12 (16/120)  t0=2388   rollout=  0.1s  avg= 0.2s/seq  elapsed=  0.1m  eta=  0.4m
[run] meanflow  k=2/10 seq=5/12 (17/120)  t0=3184   rollout=  0.1s  avg= 0.2s/seq  elapsed=  0.1m  eta=  0.4m
[run] meanflow  k=2/10 seq=6/12 (18/120)  t0=3980   rollout=  0.1s  avg= 0.2s/seq  elapsed=  0.1m  eta=  0.4m
[run] meanflow  k=2/10 seq=7/12 (19/120)  t0=4776   rollout=  0.1s  avg= 0.2s/seq  elapsed=  0.1m  eta=  0.3m
[run] meanflow  k=2/10 seq=8/12 (20/120)  t0=5572   rollout=  0.1s  avg= 0.2s/seq  elapsed=  0.1m  eta=  0.3m
[run] meanflow  k=2/10 seq=9/12 (21/120)  t0=6368   rollout=  0.1s  avg= 0.2s/seq  elapsed=  0.1m  eta=  0.3m
[run] meanflow  k=2/10 seq=10/12 (22/120)  t0=7164   rollout=  0.1s  avg= 0.2s/seq  elapsed=  0.1m  eta=  0.3m
[run] meanflow  k=2/10 seq=11/12 (23/120)  t0=7960   rollout=  0.1s  avg= 0.2s/seq  elapsed=  0.1m  eta=  0.3m
[run] meanflow  k=2/10 seq=12/12 (24/120)  t0=8757   rollout=  0.1s  avg= 0.2s/seq  elapsed=  0.1m  eta=  0.3m
[run] meanflow  k=3/10 seq=1/12 (25/120)  t0=0      rollout=  0.2s  avg= 0.2s/seq  elapsed=  0.1m  eta=  0.3m
[run] meanflow  k=3/10 seq=2/12 (26/120)  t0=796    rollout=  0.1s  avg= 0.2s/seq  elapsed=  0.1m  eta=  0.3m
[run] meanflow  k=3/10 seq=3/12 (27/120)  t0=1592   rollout=  0.1s  avg= 0.2s/seq  elapsed=  0.1m  eta=  0.3m
[run] meanflow  k=3/10 seq=4/12 (28/120)  t0=2388   rollout=  0.2s  avg= 0.2s/seq  elapsed=  0.1m  eta=  0.3m
[run] meanflow  k=3/10 seq=5/12 (29/120)  t0=3184   rollout=  0.2s  avg= 0.2s/seq  elapsed=  0.1m  eta=  0.3m
[run] meanflow  k=3/10 seq=6/12 (30/120)  t0=3980   rollout=  0.1s  avg= 0.2s/seq  elapsed=  0.1m  eta=  0.3m
[run] meanflow  k=3/10 seq=7/12 (31/120)  t0=4776   rollout=  0.2s  avg= 0.2s/seq  elapsed=  0.1m  eta=  0.3m
[run] meanflow  k=3/10 seq=8/12 (32/120)  t0=5572   rollout=  0.1s  avg= 0.2s/seq  elapsed=  0.1m  eta=  0.3m
[run] meanflow  k=3/10 seq=9/12 (33/120)  t0=6368   rollout=  0.1s  avg= 0.2s/seq  elapsed=  0.1m  eta=  0.3m
[run] meanflow  k=3/10 seq=10/12 (34/120)  t0=7164   rollout=  0.1s  avg= 0.2s/seq  elapsed=  0.1m  eta=  0.3m
[run] meanflow  k=3/10 seq=11/12 (35/120)  t0=7960   rollout=  0.1s  avg= 0.2s/seq  elapsed=  0.1m  eta=  0.3m
[run] meanflow  k=3/10 seq=12/12 (36/120)  t0=8757   rollout=  0.1s  avg= 0.2s/seq  elapsed=  0.1m  eta=  0.2m
[run] meanflow  k=4/10 seq=1/12 (37/120)  t0=0      rollout=  0.1s  avg= 0.2s/seq  elapsed=  0.1m  eta=  0.2m
[run] meanflow  k=4/10 seq=2/12 (38/120)  t0=796    rollout=  0.1s  avg= 0.2s/seq  elapsed=  0.1m  eta=  0.2m
[run] meanflow  k=4/10 seq=3/12 (39/120)  t0=1592   rollout=  0.1s  avg= 0.2s/seq  elapsed=  0.1m  eta=  0.2m
[run] meanflow  k=4/10 seq=4/12 (40/120)  t0=2388   rollout=  0.2s  avg= 0.2s/seq  elapsed=  0.1m  eta=  0.2m
[run] meanflow  k=4/10 seq=5/12 (41/120)  t0=3184   rollout=  0.1s  avg= 0.2s/seq  elapsed=  0.1m  eta=  0.2m
[run] meanflow  k=4/10 seq=6/12 (42/120)  t0=3980   rollout=  0.1s  avg= 0.2s/seq  elapsed=  0.1m  eta=  0.2m
[run] meanflow  k=4/10 seq=7/12 (43/120)  t0=4776   rollout=  0.1s  avg= 0.2s/seq  elapsed=  0.1m  eta=  0.2m
[run] meanflow  k=4/10 seq=8/12 (44/120)  t0=5572   rollout=  0.1s  avg= 0.2s/seq  elapsed=  0.1m  eta=  0.2m
[run] meanflow  k=4/10 seq=9/12 (45/120)  t0=6368   rollout=  0.1s  avg= 0.2s/seq  elapsed=  0.1m  eta=  0.2m
[run] meanflow  k=4/10 seq=10/12 (46/120)  t0=7164   rollout=  0.2s  avg= 0.2s/seq  elapsed=  0.1m  eta=  0.2m
[run] meanflow  k=4/10 seq=11/12 (47/120)  t0=7960   rollout=  0.2s  avg= 0.2s/seq  elapsed=  0.1m  eta=  0.2m
[run] meanflow  k=4/10 seq=12/12 (48/120)  t0=8757   rollout=  0.2s  avg= 0.2s/seq  elapsed=  0.1m  eta=  0.2m
[run] meanflow  k=5/10 seq=1/12 (49/120)  t0=0      rollout=  0.2s  avg= 0.2s/seq  elapsed=  0.1m  eta=  0.2m
[run] meanflow  k=5/10 seq=2/12 (50/120)  t0=796    rollout=  0.2s  avg= 0.2s/seq  elapsed=  0.1m  eta=  0.2m
[run] meanflow  k=5/10 seq=3/12 (51/120)  t0=1592   rollout=  0.2s  avg= 0.2s/seq  elapsed=  0.1m  eta=  0.2m
[run] meanflow  k=5/10 seq=4/12 (52/120)  t0=2388   rollout=  0.2s  avg= 0.2s/seq  elapsed=  0.1m  eta=  0.2m
[run] meanflow  k=5/10 seq=5/12 (53/120)  t0=3184   rollout=  0.2s  avg= 0.2s/seq  elapsed=  0.2m  eta=  0.2m
[run] meanflow  k=5/10 seq=6/12 (54/120)  t0=3980   rollout=  0.2s  avg= 0.2s/seq  elapsed=  0.2m  eta=  0.2m
[run] meanflow  k=5/10 seq=7/12 (55/120)  t0=4776   rollout=  0.2s  avg= 0.2s/seq  elapsed=  0.2m  eta=  0.2m
[run] meanflow  k=5/10 seq=8/12 (56/120)  t0=5572   rollout=  0.2s  avg= 0.2s/seq  elapsed=  0.2m  eta=  0.2m
[run] meanflow  k=5/10 seq=9/12 (57/120)  t0=6368   rollout=  0.2s  avg= 0.2s/seq  elapsed=  0.2m  eta=  0.2m
[run] meanflow  k=5/10 seq=10/12 (58/120)  t0=7164   rollout=  0.2s  avg= 0.2s/seq  elapsed=  0.2m  eta=  0.2m
[run] meanflow  k=5/10 seq=11/12 (59/120)  t0=7960   rollout=  0.2s  avg= 0.2s/seq  elapsed=  0.2m  eta=  0.2m
[run] meanflow  k=5/10 seq=12/12 (60/120)  t0=8757   rollout=  0.2s  avg= 0.2s/seq  elapsed=  0.2m  eta=  0.2m
[run] meanflow  k=6/10 seq=1/12 (61/120)  t0=0      rollout=  0.1s  avg= 0.2s/seq  elapsed=  0.2m  eta=  0.2m
[run] meanflow  k=6/10 seq=2/12 (62/120)  t0=796    rollout=  0.1s  avg= 0.2s/seq  elapsed=  0.2m  eta=  0.2m
[run] meanflow  k=6/10 seq=3/12 (63/120)  t0=1592   rollout=  0.1s  avg= 0.2s/seq  elapsed=  0.2m  eta=  0.2m
[run] meanflow  k=6/10 seq=4/12 (64/120)  t0=2388   rollout=  0.1s  avg= 0.2s/seq  elapsed=  0.2m  eta=  0.2m
[run] meanflow  k=6/10 seq=5/12 (65/120)  t0=3184   rollout=  0.2s  avg= 0.2s/seq  elapsed=  0.2m  eta=  0.2m
[run] meanflow  k=6/10 seq=6/12 (66/120)  t0=3980   rollout=  0.1s  avg= 0.2s/seq  elapsed=  0.2m  eta=  0.2m
[run] meanflow  k=6/10 seq=7/12 (67/120)  t0=4776   rollout=  0.1s  avg= 0.2s/seq  elapsed=  0.2m  eta=  0.1m
[run] meanflow  k=6/10 seq=8/12 (68/120)  t0=5572   rollout=  0.1s  avg= 0.2s/seq  elapsed=  0.2m  eta=  0.1m
[run] meanflow  k=6/10 seq=9/12 (69/120)  t0=6368   rollout=  0.2s  avg= 0.2s/seq  elapsed=  0.2m  eta=  0.1m
[run] meanflow  k=6/10 seq=10/12 (70/120)  t0=7164   rollout=  0.1s  avg= 0.2s/seq  elapsed=  0.2m  eta=  0.1m
[run] meanflow  k=6/10 seq=11/12 (71/120)  t0=7960   rollout=  0.2s  avg= 0.2s/seq  elapsed=  0.2m  eta=  0.1m
[run] meanflow  k=6/10 seq=12/12 (72/120)  t0=8757   rollout=  0.2s  avg= 0.2s/seq  elapsed=  0.2m  eta=  0.1m
[run] meanflow  k=7/10 seq=1/12 (73/120)  t0=0      rollout=  0.2s  avg= 0.2s/seq  elapsed=  0.2m  eta=  0.1m
[run] meanflow  k=7/10 seq=2/12 (74/120)  t0=796    rollout=  0.1s  avg= 0.2s/seq  elapsed=  0.2m  eta=  0.1m
[run] meanflow  k=7/10 seq=3/12 (75/120)  t0=1592   rollout=  0.1s  avg= 0.2s/seq  elapsed=  0.2m  eta=  0.1m
[run] meanflow  k=7/10 seq=4/12 (76/120)  t0=2388   rollout=  0.1s  avg= 0.2s/seq  elapsed=  0.2m  eta=  0.1m
[run] meanflow  k=7/10 seq=5/12 (77/120)  t0=3184   rollout=  0.1s  avg= 0.2s/seq  elapsed=  0.2m  eta=  0.1m
[run] meanflow  k=7/10 seq=6/12 (78/120)  t0=3980   rollout=  0.2s  avg= 0.2s/seq  elapsed=  0.2m  eta=  0.1m
[run] meanflow  k=7/10 seq=7/12 (79/120)  t0=4776   rollout=  0.2s  avg= 0.2s/seq  elapsed=  0.2m  eta=  0.1m
[run] meanflow  k=7/10 seq=8/12 (80/120)  t0=5572   rollout=  0.1s  avg= 0.2s/seq  elapsed=  0.2m  eta=  0.1m
[run] meanflow  k=7/10 seq=9/12 (81/120)  t0=6368   rollout=  0.1s  avg= 0.2s/seq  elapsed=  0.2m  eta=  0.1m
[run] meanflow  k=7/10 seq=10/12 (82/120)  t0=7164   rollout=  0.1s  avg= 0.2s/seq  elapsed=  0.2m  eta=  0.1m
[run] meanflow  k=7/10 seq=11/12 (83/120)  t0=7960   rollout=  0.1s  avg= 0.2s/seq  elapsed=  0.2m  eta=  0.1m
[run] meanflow  k=7/10 seq=12/12 (84/120)  t0=8757   rollout=  0.1s  avg= 0.2s/seq  elapsed=  0.2m  eta=  0.1m
[run] meanflow  k=8/10 seq=1/12 (85/120)  t0=0      rollout=  0.1s  avg= 0.2s/seq  elapsed=  0.2m  eta=  0.1m
[run] meanflow  k=8/10 seq=2/12 (86/120)  t0=796    rollout=  0.1s  avg= 0.2s/seq  elapsed=  0.2m  eta=  0.1m
[run] meanflow  k=8/10 seq=3/12 (87/120)  t0=1592   rollout=  0.1s  avg= 0.2s/seq  elapsed=  0.2m  eta=  0.1m
[run] meanflow  k=8/10 seq=4/12 (88/120)  t0=2388   rollout=  0.1s  avg= 0.2s/seq  elapsed=  0.2m  eta=  0.1m
[run] meanflow  k=8/10 seq=5/12 (89/120)  t0=3184   rollout=  0.1s  avg= 0.2s/seq  elapsed=  0.2m  eta=  0.1m
[run] meanflow  k=8/10 seq=6/12 (90/120)  t0=3980   rollout=  0.1s  avg= 0.2s/seq  elapsed=  0.2m  eta=  0.1m
[run] meanflow  k=8/10 seq=7/12 (91/120)  t0=4776   rollout=  0.1s  avg= 0.2s/seq  elapsed=  0.2m  eta=  0.1m
[run] meanflow  k=8/10 seq=8/12 (92/120)  t0=5572   rollout=  0.1s  avg= 0.2s/seq  elapsed=  0.2m  eta=  0.1m
[run] meanflow  k=8/10 seq=9/12 (93/120)  t0=6368   rollout=  0.1s  avg= 0.2s/seq  elapsed=  0.3m  eta=  0.1m
[run] meanflow  k=8/10 seq=10/12 (94/120)  t0=7164   rollout=  0.1s  avg= 0.2s/seq  elapsed=  0.3m  eta=  0.1m
[run] meanflow  k=8/10 seq=11/12 (95/120)  t0=7960   rollout=  0.1s  avg= 0.2s/seq  elapsed=  0.3m  eta=  0.1m
[run] meanflow  k=8/10 seq=12/12 (96/120)  t0=8757   rollout=  0.2s  avg= 0.2s/seq  elapsed=  0.3m  eta=  0.1m
[run] meanflow  k=9/10 seq=1/12 (97/120)  t0=0      rollout=  0.2s  avg= 0.2s/seq  elapsed=  0.3m  eta=  0.1m
[run] meanflow  k=9/10 seq=2/12 (98/120)  t0=796    rollout=  0.2s  avg= 0.2s/seq  elapsed=  0.3m  eta=  0.1m
[run] meanflow  k=9/10 seq=3/12 (99/120)  t0=1592   rollout=  0.1s  avg= 0.2s/seq  elapsed=  0.3m  eta=  0.1m
[run] meanflow  k=9/10 seq=4/12 (100/120)  t0=2388   rollout=  0.2s  avg= 0.2s/seq  elapsed=  0.3m  eta=  0.1m
[run] meanflow  k=9/10 seq=5/12 (101/120)  t0=3184   rollout=  0.2s  avg= 0.2s/seq  elapsed=  0.3m  eta=  0.1m
[run] meanflow  k=9/10 seq=6/12 (102/120)  t0=3980   rollout=  0.2s  avg= 0.2s/seq  elapsed=  0.3m  eta=  0.0m
[run] meanflow  k=9/10 seq=7/12 (103/120)  t0=4776   rollout=  0.2s  avg= 0.2s/seq  elapsed=  0.3m  eta=  0.0m
[run] meanflow  k=9/10 seq=8/12 (104/120)  t0=5572   rollout=  0.1s  avg= 0.2s/seq  elapsed=  0.3m  eta=  0.0m
[run] meanflow  k=9/10 seq=9/12 (105/120)  t0=6368   rollout=  0.2s  avg= 0.2s/seq  elapsed=  0.3m  eta=  0.0m
[run] meanflow  k=9/10 seq=10/12 (106/120)  t0=7164   rollout=  0.2s  avg= 0.2s/seq  elapsed=  0.3m  eta=  0.0m
[run] meanflow  k=9/10 seq=11/12 (107/120)  t0=7960   rollout=  0.2s  avg= 0.2s/seq  elapsed=  0.3m  eta=  0.0m
[run] meanflow  k=9/10 seq=12/12 (108/120)  t0=8757   rollout=  0.2s  avg= 0.2s/seq  elapsed=  0.3m  eta=  0.0m
[run] meanflow  k=10/10 seq=1/12 (109/120)  t0=0      rollout=  0.2s  avg= 0.2s/seq  elapsed=  0.3m  eta=  0.0m
[run] meanflow  k=10/10 seq=2/12 (110/120)  t0=796    rollout=  0.2s  avg= 0.2s/seq  elapsed=  0.3m  eta=  0.0m
[run] meanflow  k=10/10 seq=3/12 (111/120)  t0=1592   rollout=  0.2s  avg= 0.2s/seq  elapsed=  0.3m  eta=  0.0m
[run] meanflow  k=10/10 seq=4/12 (112/120)  t0=2388   rollout=  0.2s  avg= 0.2s/seq  elapsed=  0.3m  eta=  0.0m
[run] meanflow  k=10/10 seq=5/12 (113/120)  t0=3184   rollout=  0.1s  avg= 0.2s/seq  elapsed=  0.3m  eta=  0.0m
[run] meanflow  k=10/10 seq=6/12 (114/120)  t0=3980   rollout=  0.1s  avg= 0.2s/seq  elapsed=  0.3m  eta=  0.0m
[run] meanflow  k=10/10 seq=7/12 (115/120)  t0=4776   rollout=  0.1s  avg= 0.2s/seq  elapsed=  0.3m  eta=  0.0m
[run] meanflow  k=10/10 seq=8/12 (116/120)  t0=5572   rollout=  0.1s  avg= 0.2s/seq  elapsed=  0.3m  eta=  0.0m
[run] meanflow  k=10/10 seq=9/12 (117/120)  t0=6368   rollout=  0.1s  avg= 0.2s/seq  elapsed=  0.3m  eta=  0.0m
[run] meanflow  k=10/10 seq=10/12 (118/120)  t0=7164   rollout=  0.1s  avg= 0.2s/seq  elapsed=  0.3m  eta=  0.0m
[run] meanflow  k=10/10 seq=11/12 (119/120)  t0=7960   rollout=  0.1s  avg= 0.2s/seq  elapsed=  0.3m  eta=  0.0m
[run] meanflow  k=10/10 seq=12/12 (120/120)  t0=8757   rollout=  0.1s  avg= 0.2s/seq  elapsed=  0.3m  eta=  0.0m
[run] meanflow ensemble finished in 0.3m
[2026-06-12 11:46:54] [nfe_sweep] NFE=  1  t/seq= 0.24s  CRPS-qpepre=0.1359  CSI-M=0.2720  RMSE-qpepre=0.5522  NFE-elapsed=0.3m
| method | Time/Seq.(s) | CRPS↓ | CSI-M↑ | CSI-P16↑ | FSS-P16-M↑ | HSS-M↑ | FAR-M↓ | RMSE_u10↓ | RMSE_v10↓ | RMSE_t2m↓ | RMSE_qpepre↓ |
|---|---|---|---|---|---|---|---|---|---|---|---|
| meanflow | 0.236 | 0.3357 | 0.2720 | 0.0794 | 0.1265 | 0.3595 | 0.1657 | 0.8379 | 0.8626 | 0.4064 | 0.5522 |

================================================================
[2026-06-12 11:46:54] NFE = 2   (2/15)
================================================================
[run] meanflow ensemble starting: K=10 x S=12 x T=1 = 120 sequence-rollouts
[run] meanflow  k=1/10 seq=1/12 (1/120)  t0=0      rollout=  0.2s  avg= 0.2s/seq  elapsed=  0.0m  eta=  0.4m
[run] meanflow  k=1/10 seq=2/12 (2/120)  t0=796    rollout=  0.2s  avg= 0.2s/seq  elapsed=  0.0m  eta=  0.4m
[run] meanflow  k=1/10 seq=3/12 (3/120)  t0=1592   rollout=  0.2s  avg= 0.2s/seq  elapsed=  0.0m  eta=  0.4m
[run] meanflow  k=1/10 seq=4/12 (4/120)  t0=2388   rollout=  0.2s  avg= 0.2s/seq  elapsed=  0.0m  eta=  0.4m
[run] meanflow  k=1/10 seq=5/12 (5/120)  t0=3184   rollout=  0.2s  avg= 0.2s/seq  elapsed=  0.0m  eta=  0.4m
[run] meanflow  k=1/10 seq=6/12 (6/120)  t0=3980   rollout=  0.2s  avg= 0.2s/seq  elapsed=  0.0m  eta=  0.4m
[run] meanflow  k=1/10 seq=7/12 (7/120)  t0=4776   rollout=  0.2s  avg= 0.2s/seq  elapsed=  0.0m  eta=  0.4m
[run] meanflow  k=1/10 seq=8/12 (8/120)  t0=5572   rollout=  0.2s  avg= 0.2s/seq  elapsed=  0.0m  eta=  0.4m
[run] meanflow  k=1/10 seq=9/12 (9/120)  t0=6368   rollout=  0.2s  avg= 0.2s/seq  elapsed=  0.0m  eta=  0.3m
[run] meanflow  k=1/10 seq=10/12 (10/120)  t0=7164   rollout=  0.2s  avg= 0.2s/seq  elapsed=  0.0m  eta=  0.3m
[run] meanflow  k=1/10 seq=11/12 (11/120)  t0=7960   rollout=  0.2s  avg= 0.2s/seq  elapsed=  0.0m  eta=  0.3m
[run] meanflow  k=1/10 seq=12/12 (12/120)  t0=8757   rollout=  0.2s  avg= 0.2s/seq  elapsed=  0.0m  eta=  0.3m
[run] meanflow  k=2/10 seq=1/12 (13/120)  t0=0      rollout=  0.2s  avg= 0.2s/seq  elapsed=  0.0m  eta=  0.3m
[run] meanflow  k=2/10 seq=2/12 (14/120)  t0=796    rollout=  0.2s  avg= 0.2s/seq  elapsed=  0.0m  eta=  0.3m
[run] meanflow  k=2/10 seq=3/12 (15/120)  t0=1592   rollout=  0.2s  avg= 0.2s/seq  elapsed=  0.0m  eta=  0.3m
[run] meanflow  k=2/10 seq=4/12 (16/120)  t0=2388   rollout=  0.2s  avg= 0.2s/seq  elapsed=  0.1m  eta=  0.3m
[run] meanflow  k=2/10 seq=5/12 (17/120)  t0=3184   rollout=  0.2s  avg= 0.2s/seq  elapsed=  0.1m  eta=  0.3m
[run] meanflow  k=2/10 seq=6/12 (18/120)  t0=3980   rollout=  0.2s  avg= 0.2s/seq  elapsed=  0.1m  eta=  0.3m
[run] meanflow  k=2/10 seq=7/12 (19/120)  t0=4776   rollout=  0.2s  avg= 0.2s/seq  elapsed=  0.1m  eta=  0.3m
[run] meanflow  k=2/10 seq=8/12 (20/120)  t0=5572   rollout=  0.2s  avg= 0.2s/seq  elapsed=  0.1m  eta=  0.3m
[run] meanflow  k=2/10 seq=9/12 (21/120)  t0=6368   rollout=  0.2s  avg= 0.2s/seq  elapsed=  0.1m  eta=  0.3m
[run] meanflow  k=2/10 seq=10/12 (22/120)  t0=7164   rollout=  0.2s  avg= 0.2s/seq  elapsed=  0.1m  eta=  0.3m
[run] meanflow  k=2/10 seq=11/12 (23/120)  t0=7960   rollout=  0.2s  avg= 0.2s/seq  elapsed=  0.1m  eta=  0.3m
[run] meanflow  k=2/10 seq=12/12 (24/120)  t0=8757   rollout=  0.2s  avg= 0.2s/seq  elapsed=  0.1m  eta=  0.3m
[run] meanflow  k=3/10 seq=1/12 (25/120)  t0=0      rollout=  0.2s  avg= 0.2s/seq  elapsed=  0.1m  eta=  0.3m
[run] meanflow  k=3/10 seq=2/12 (26/120)  t0=796    rollout=  0.2s  avg= 0.2s/seq  elapsed=  0.1m  eta=  0.3m
[run] meanflow  k=3/10 seq=3/12 (27/120)  t0=1592   rollout=  0.2s  avg= 0.2s/seq  elapsed=  0.1m  eta=  0.3m
[run] meanflow  k=3/10 seq=4/12 (28/120)  t0=2388   rollout=  0.2s  avg= 0.2s/seq  elapsed=  0.1m  eta=  0.3m
[run] meanflow  k=3/10 seq=5/12 (29/120)  t0=3184   rollout=  0.2s  avg= 0.2s/seq  elapsed=  0.1m  eta=  0.3m
[run] meanflow  k=3/10 seq=6/12 (30/120)  t0=3980   rollout=  0.2s  avg= 0.2s/seq  elapsed=  0.1m  eta=  0.3m
[run] meanflow  k=3/10 seq=7/12 (31/120)  t0=4776   rollout=  0.2s  avg= 0.2s/seq  elapsed=  0.1m  eta=  0.3m
[run] meanflow  k=3/10 seq=8/12 (32/120)  t0=5572   rollout=  0.2s  avg= 0.2s/seq  elapsed=  0.1m  eta=  0.3m
[run] meanflow  k=3/10 seq=9/12 (33/120)  t0=6368   rollout=  0.2s  avg= 0.2s/seq  elapsed=  0.1m  eta=  0.3m
[run] meanflow  k=3/10 seq=10/12 (34/120)  t0=7164   rollout=  0.2s  avg= 0.2s/seq  elapsed=  0.1m  eta=  0.3m
[run] meanflow  k=3/10 seq=11/12 (35/120)  t0=7960   rollout=  0.2s  avg= 0.2s/seq  elapsed=  0.1m  eta=  0.3m
[run] meanflow  k=3/10 seq=12/12 (36/120)  t0=8757   rollout=  0.2s  avg= 0.2s/seq  elapsed=  0.1m  eta=  0.3m
[run] meanflow  k=4/10 seq=1/12 (37/120)  t0=0      rollout=  0.2s  avg= 0.2s/seq  elapsed=  0.1m  eta=  0.3m
[run] meanflow  k=4/10 seq=2/12 (38/120)  t0=796    rollout=  0.2s  avg= 0.2s/seq  elapsed=  0.1m  eta=  0.3m
[run] meanflow  k=4/10 seq=3/12 (39/120)  t0=1592   rollout=  0.2s  avg= 0.2s/seq  elapsed=  0.1m  eta=  0.3m
[run] meanflow  k=4/10 seq=4/12 (40/120)  t0=2388   rollout=  0.2s  avg= 0.2s/seq  elapsed=  0.1m  eta=  0.3m
[run] meanflow  k=4/10 seq=5/12 (41/120)  t0=3184   rollout=  0.2s  avg= 0.2s/seq  elapsed=  0.1m  eta=  0.3m
[run] meanflow  k=4/10 seq=6/12 (42/120)  t0=3980   rollout=  0.2s  avg= 0.2s/seq  elapsed=  0.1m  eta=  0.2m
[run] meanflow  k=4/10 seq=7/12 (43/120)  t0=4776   rollout=  0.2s  avg= 0.2s/seq  elapsed=  0.1m  eta=  0.2m
[run] meanflow  k=4/10 seq=8/12 (44/120)  t0=5572   rollout=  0.2s  avg= 0.2s/seq  elapsed=  0.1m  eta=  0.2m
[run] meanflow  k=4/10 seq=9/12 (45/120)  t0=6368   rollout=  0.2s  avg= 0.2s/seq  elapsed=  0.1m  eta=  0.2m
[run] meanflow  k=4/10 seq=10/12 (46/120)  t0=7164   rollout=  0.2s  avg= 0.2s/seq  elapsed=  0.1m  eta=  0.2m
[run] meanflow  k=4/10 seq=11/12 (47/120)  t0=7960   rollout=  0.2s  avg= 0.2s/seq  elapsed=  0.1m  eta=  0.2m
[run] meanflow  k=4/10 seq=12/12 (48/120)  t0=8757   rollout=  0.2s  avg= 0.2s/seq  elapsed=  0.2m  eta=  0.2m
[run] meanflow  k=5/10 seq=1/12 (49/120)  t0=0      rollout=  0.2s  avg= 0.2s/seq  elapsed=  0.2m  eta=  0.2m
[run] meanflow  k=5/10 seq=2/12 (50/120)  t0=796    rollout=  0.2s  avg= 0.2s/seq  elapsed=  0.2m  eta=  0.2m
[run] meanflow  k=5/10 seq=3/12 (51/120)  t0=1592   rollout=  0.2s  avg= 0.2s/seq  elapsed=  0.2m  eta=  0.2m
[run] meanflow  k=5/10 seq=4/12 (52/120)  t0=2388   rollout=  0.2s  avg= 0.2s/seq  elapsed=  0.2m  eta=  0.2m
[run] meanflow  k=5/10 seq=5/12 (53/120)  t0=3184   rollout=  0.2s  avg= 0.2s/seq  elapsed=  0.2m  eta=  0.2m
[run] meanflow  k=5/10 seq=6/12 (54/120)  t0=3980   rollout=  0.2s  avg= 0.2s/seq  elapsed=  0.2m  eta=  0.2m
[run] meanflow  k=5/10 seq=7/12 (55/120)  t0=4776   rollout=  0.2s  avg= 0.2s/seq  elapsed=  0.2m  eta=  0.2m
[run] meanflow  k=5/10 seq=8/12 (56/120)  t0=5572   rollout=  0.2s  avg= 0.2s/seq  elapsed=  0.2m  eta=  0.2m
[run] meanflow  k=5/10 seq=9/12 (57/120)  t0=6368   rollout=  0.2s  avg= 0.2s/seq  elapsed=  0.2m  eta=  0.2m
[run] meanflow  k=5/10 seq=10/12 (58/120)  t0=7164   rollout=  0.2s  avg= 0.2s/seq  elapsed=  0.2m  eta=  0.2m
[run] meanflow  k=5/10 seq=11/12 (59/120)  t0=7960   rollout=  0.2s  avg= 0.2s/seq  elapsed=  0.2m  eta=  0.2m
[run] meanflow  k=5/10 seq=12/12 (60/120)  t0=8757   rollout=  0.2s  avg= 0.2s/seq  elapsed=  0.2m  eta=  0.2m
[run] meanflow  k=6/10 seq=1/12 (61/120)  t0=0      rollout=  0.2s  avg= 0.2s/seq  elapsed=  0.2m  eta=  0.2m
[run] meanflow  k=6/10 seq=2/12 (62/120)  t0=796    rollout=  0.2s  avg= 0.2s/seq  elapsed=  0.2m  eta=  0.2m
[run] meanflow  k=6/10 seq=3/12 (63/120)  t0=1592   rollout=  0.2s  avg= 0.2s/seq  elapsed=  0.2m  eta=  0.2m
[run] meanflow  k=6/10 seq=4/12 (64/120)  t0=2388   rollout=  0.2s  avg= 0.2s/seq  elapsed=  0.2m  eta=  0.2m
[run] meanflow  k=6/10 seq=5/12 (65/120)  t0=3184   rollout=  0.2s  avg= 0.2s/seq  elapsed=  0.2m  eta=  0.2m
[run] meanflow  k=6/10 seq=6/12 (66/120)  t0=3980   rollout=  0.2s  avg= 0.2s/seq  elapsed=  0.2m  eta=  0.2m
[run] meanflow  k=6/10 seq=7/12 (67/120)  t0=4776   rollout=  0.2s  avg= 0.2s/seq  elapsed=  0.2m  eta=  0.2m
[run] meanflow  k=6/10 seq=8/12 (68/120)  t0=5572   rollout=  0.2s  avg= 0.2s/seq  elapsed=  0.2m  eta=  0.2m
[run] meanflow  k=6/10 seq=9/12 (69/120)  t0=6368   rollout=  0.2s  avg= 0.2s/seq  elapsed=  0.2m  eta=  0.2m
[run] meanflow  k=6/10 seq=10/12 (70/120)  t0=7164   rollout=  0.2s  avg= 0.2s/seq  elapsed=  0.2m  eta=  0.2m
[run] meanflow  k=6/10 seq=11/12 (71/120)  t0=7960   rollout=  0.2s  avg= 0.2s/seq  elapsed=  0.2m  eta=  0.2m
[run] meanflow  k=6/10 seq=12/12 (72/120)  t0=8757   rollout=  0.2s  avg= 0.2s/seq  elapsed=  0.2m  eta=  0.2m
[run] meanflow  k=7/10 seq=1/12 (73/120)  t0=0      rollout=  0.2s  avg= 0.2s/seq  elapsed=  0.2m  eta=  0.2m
[run] meanflow  k=7/10 seq=2/12 (74/120)  t0=796    rollout=  0.2s  avg= 0.2s/seq  elapsed=  0.2m  eta=  0.1m
[run] meanflow  k=7/10 seq=3/12 (75/120)  t0=1592   rollout=  0.2s  avg= 0.2s/seq  elapsed=  0.2m  eta=  0.1m
[run] meanflow  k=7/10 seq=4/12 (76/120)  t0=2388   rollout=  0.2s  avg= 0.2s/seq  elapsed=  0.2m  eta=  0.1m
[run] meanflow  k=7/10 seq=5/12 (77/120)  t0=3184   rollout=  0.2s  avg= 0.2s/seq  elapsed=  0.2m  eta=  0.1m
[run] meanflow  k=7/10 seq=6/12 (78/120)  t0=3980   rollout=  0.2s  avg= 0.2s/seq  elapsed=  0.3m  eta=  0.1m
[run] meanflow  k=7/10 seq=7/12 (79/120)  t0=4776   rollout=  0.2s  avg= 0.2s/seq  elapsed=  0.3m  eta=  0.1m
[run] meanflow  k=7/10 seq=8/12 (80/120)  t0=5572   rollout=  0.2s  avg= 0.2s/seq  elapsed=  0.3m  eta=  0.1m
[run] meanflow  k=7/10 seq=9/12 (81/120)  t0=6368   rollout=  0.2s  avg= 0.2s/seq  elapsed=  0.3m  eta=  0.1m
[run] meanflow  k=7/10 seq=10/12 (82/120)  t0=7164   rollout=  0.2s  avg= 0.2s/seq  elapsed=  0.3m  eta=  0.1m
[run] meanflow  k=7/10 seq=11/12 (83/120)  t0=7960   rollout=  0.2s  avg= 0.2s/seq  elapsed=  0.3m  eta=  0.1m
[run] meanflow  k=7/10 seq=12/12 (84/120)  t0=8757   rollout=  0.2s  avg= 0.2s/seq  elapsed=  0.3m  eta=  0.1m
[run] meanflow  k=8/10 seq=1/12 (85/120)  t0=0      rollout=  0.2s  avg= 0.2s/seq  elapsed=  0.3m  eta=  0.1m
[run] meanflow  k=8/10 seq=2/12 (86/120)  t0=796    rollout=  0.2s  avg= 0.2s/seq  elapsed=  0.3m  eta=  0.1m
[run] meanflow  k=8/10 seq=3/12 (87/120)  t0=1592   rollout=  0.2s  avg= 0.2s/seq  elapsed=  0.3m  eta=  0.1m
[run] meanflow  k=8/10 seq=4/12 (88/120)  t0=2388   rollout=  0.2s  avg= 0.2s/seq  elapsed=  0.3m  eta=  0.1m
[run] meanflow  k=8/10 seq=5/12 (89/120)  t0=3184   rollout=  0.2s  avg= 0.2s/seq  elapsed=  0.3m  eta=  0.1m
[run] meanflow  k=8/10 seq=6/12 (90/120)  t0=3980   rollout=  0.2s  avg= 0.2s/seq  elapsed=  0.3m  eta=  0.1m
[run] meanflow  k=8/10 seq=7/12 (91/120)  t0=4776   rollout=  0.2s  avg= 0.2s/seq  elapsed=  0.3m  eta=  0.1m
[run] meanflow  k=8/10 seq=8/12 (92/120)  t0=5572   rollout=  0.2s  avg= 0.2s/seq  elapsed=  0.3m  eta=  0.1m
[run] meanflow  k=8/10 seq=9/12 (93/120)  t0=6368   rollout=  0.2s  avg= 0.2s/seq  elapsed=  0.3m  eta=  0.1m
[run] meanflow  k=8/10 seq=10/12 (94/120)  t0=7164   rollout=  0.2s  avg= 0.2s/seq  elapsed=  0.3m  eta=  0.1m
[run] meanflow  k=8/10 seq=11/12 (95/120)  t0=7960   rollout=  0.2s  avg= 0.2s/seq  elapsed=  0.3m  eta=  0.1m
[run] meanflow  k=8/10 seq=12/12 (96/120)  t0=8757   rollout=  0.2s  avg= 0.2s/seq  elapsed=  0.3m  eta=  0.1m
[run] meanflow  k=9/10 seq=1/12 (97/120)  t0=0      rollout=  0.2s  avg= 0.2s/seq  elapsed=  0.3m  eta=  0.1m
[run] meanflow  k=9/10 seq=2/12 (98/120)  t0=796    rollout=  0.2s  avg= 0.2s/seq  elapsed=  0.3m  eta=  0.1m
[run] meanflow  k=9/10 seq=3/12 (99/120)  t0=1592   rollout=  0.2s  avg= 0.2s/seq  elapsed=  0.3m  eta=  0.1m
[run] meanflow  k=9/10 seq=4/12 (100/120)  t0=2388   rollout=  0.2s  avg= 0.2s/seq  elapsed=  0.3m  eta=  0.1m
[run] meanflow  k=9/10 seq=5/12 (101/120)  t0=3184   rollout=  0.2s  avg= 0.2s/seq  elapsed=  0.3m  eta=  0.1m
[run] meanflow  k=9/10 seq=6/12 (102/120)  t0=3980   rollout=  0.2s  avg= 0.2s/seq  elapsed=  0.3m  eta=  0.1m
[run] meanflow  k=9/10 seq=7/12 (103/120)  t0=4776   rollout=  0.2s  avg= 0.2s/seq  elapsed=  0.3m  eta=  0.1m
[run] meanflow  k=9/10 seq=8/12 (104/120)  t0=5572   rollout=  0.2s  avg= 0.2s/seq  elapsed=  0.3m  eta=  0.1m
[run] meanflow  k=9/10 seq=9/12 (105/120)  t0=6368   rollout=  0.2s  avg= 0.2s/seq  elapsed=  0.3m  eta=  0.0m
[run] meanflow  k=9/10 seq=10/12 (106/120)  t0=7164   rollout=  0.2s  avg= 0.2s/seq  elapsed=  0.3m  eta=  0.0m
[run] meanflow  k=9/10 seq=11/12 (107/120)  t0=7960   rollout=  0.2s  avg= 0.2s/seq  elapsed=  0.3m  eta=  0.0m
[run] meanflow  k=9/10 seq=12/12 (108/120)  t0=8757   rollout=  0.2s  avg= 0.2s/seq  elapsed=  0.3m  eta=  0.0m
[run] meanflow  k=10/10 seq=1/12 (109/120)  t0=0      rollout=  0.2s  avg= 0.2s/seq  elapsed=  0.3m  eta=  0.0m
[run] meanflow  k=10/10 seq=2/12 (110/120)  t0=796    rollout=  0.2s  avg= 0.2s/seq  elapsed=  0.4m  eta=  0.0m
[run] meanflow  k=10/10 seq=3/12 (111/120)  t0=1592   rollout=  0.2s  avg= 0.2s/seq  elapsed=  0.4m  eta=  0.0m
[run] meanflow  k=10/10 seq=4/12 (112/120)  t0=2388   rollout=  0.2s  avg= 0.2s/seq  elapsed=  0.4m  eta=  0.0m
[run] meanflow  k=10/10 seq=5/12 (113/120)  t0=3184   rollout=  0.2s  avg= 0.2s/seq  elapsed=  0.4m  eta=  0.0m
[run] meanflow  k=10/10 seq=6/12 (114/120)  t0=3980   rollout=  0.2s  avg= 0.2s/seq  elapsed=  0.4m  eta=  0.0m
[run] meanflow  k=10/10 seq=7/12 (115/120)  t0=4776   rollout=  0.2s  avg= 0.2s/seq  elapsed=  0.4m  eta=  0.0m
[run] meanflow  k=10/10 seq=8/12 (116/120)  t0=5572   rollout=  0.2s  avg= 0.2s/seq  elapsed=  0.4m  eta=  0.0m
[run] meanflow  k=10/10 seq=9/12 (117/120)  t0=6368   rollout=  0.2s  avg= 0.2s/seq  elapsed=  0.4m  eta=  0.0m
[run] meanflow  k=10/10 seq=10/12 (118/120)  t0=7164   rollout=  0.2s  avg= 0.2s/seq  elapsed=  0.4m  eta=  0.0m
[run] meanflow  k=10/10 seq=11/12 (119/120)  t0=7960   rollout=  0.2s  avg= 0.2s/seq  elapsed=  0.4m  eta=  0.0m
[run] meanflow  k=10/10 seq=12/12 (120/120)  t0=8757   rollout=  0.2s  avg= 0.2s/seq  elapsed=  0.4m  eta=  0.0m
[run] meanflow ensemble finished in 0.4m
[2026-06-12 11:47:17] [nfe_sweep] NFE=  2  t/seq= 0.19s  CRPS-qpepre=0.1278  CSI-M=0.2777  RMSE-qpepre=0.5505  NFE-elapsed=0.4m
| method | Time/Seq.(s) | CRPS↓ | CSI-M↑ | CSI-P16↑ | FSS-P16-M↑ | HSS-M↑ | FAR-M↓ | RMSE_u10↓ | RMSE_v10↓ | RMSE_t2m↓ | RMSE_qpepre↓ |
|---|---|---|---|---|---|---|---|---|---|---|---|
| meanflow | 0.187 | 0.3122 | 0.2777 | 0.0952 | 0.1568 | 0.3676 | 0.1924 | 0.8150 | 0.8191 | 0.3770 | 0.5505 |

================================================================
[2026-06-12 11:47:17] NFE = 3   (3/15)
================================================================
[run] meanflow ensemble starting: K=10 x S=12 x T=1 = 120 sequence-rollouts
[run] meanflow  k=1/10 seq=1/12 (1/120)  t0=0      rollout=  0.2s  avg= 0.2s/seq  elapsed=  0.0m  eta=  0.5m
[run] meanflow  k=1/10 seq=2/12 (2/120)  t0=796    rollout=  0.2s  avg= 0.2s/seq  elapsed=  0.0m  eta=  0.5m
[run] meanflow  k=1/10 seq=3/12 (3/120)  t0=1592   rollout=  0.2s  avg= 0.2s/seq  elapsed=  0.0m  eta=  0.5m
[run] meanflow  k=1/10 seq=4/12 (4/120)  t0=2388   rollout=  0.2s  avg= 0.2s/seq  elapsed=  0.0m  eta=  0.5m
[run] meanflow  k=1/10 seq=5/12 (5/120)  t0=3184   rollout=  0.2s  avg= 0.2s/seq  elapsed=  0.0m  eta=  0.5m
[run] meanflow  k=1/10 seq=6/12 (6/120)  t0=3980   rollout=  0.2s  avg= 0.2s/seq  elapsed=  0.0m  eta=  0.4m
[run] meanflow  k=1/10 seq=7/12 (7/120)  t0=4776   rollout=  0.2s  avg= 0.2s/seq  elapsed=  0.0m  eta=  0.4m
[run] meanflow  k=1/10 seq=8/12 (8/120)  t0=5572   rollout=  0.2s  avg= 0.2s/seq  elapsed=  0.0m  eta=  0.4m
[run] meanflow  k=1/10 seq=9/12 (9/120)  t0=6368   rollout=  0.2s  avg= 0.2s/seq  elapsed=  0.0m  eta=  0.4m
[run] meanflow  k=1/10 seq=10/12 (10/120)  t0=7164   rollout=  0.2s  avg= 0.2s/seq  elapsed=  0.0m  eta=  0.4m
[run] meanflow  k=1/10 seq=11/12 (11/120)  t0=7960   rollout=  0.2s  avg= 0.2s/seq  elapsed=  0.0m  eta=  0.4m
[run] meanflow  k=1/10 seq=12/12 (12/120)  t0=8757   rollout=  0.2s  avg= 0.2s/seq  elapsed=  0.0m  eta=  0.4m
[run] meanflow  k=2/10 seq=1/12 (13/120)  t0=0      rollout=  0.2s  avg= 0.2s/seq  elapsed=  0.0m  eta=  0.4m
[run] meanflow  k=2/10 seq=2/12 (14/120)  t0=796    rollout=  0.2s  avg= 0.2s/seq  elapsed=  0.1m  eta=  0.4m
[run] meanflow  k=2/10 seq=3/12 (15/120)  t0=1592   rollout=  0.2s  avg= 0.2s/seq  elapsed=  0.1m  eta=  0.4m
[run] meanflow  k=2/10 seq=4/12 (16/120)  t0=2388   rollout=  0.2s  avg= 0.2s/seq  elapsed=  0.1m  eta=  0.4m
[run] meanflow  k=2/10 seq=5/12 (17/120)  t0=3184   rollout=  0.2s  avg= 0.2s/seq  elapsed=  0.1m  eta=  0.4m
[run] meanflow  k=2/10 seq=6/12 (18/120)  t0=3980   rollout=  0.2s  avg= 0.2s/seq  elapsed=  0.1m  eta=  0.4m
[run] meanflow  k=2/10 seq=7/12 (19/120)  t0=4776   rollout=  0.2s  avg= 0.2s/seq  elapsed=  0.1m  eta=  0.4m
[run] meanflow  k=2/10 seq=8/12 (20/120)  t0=5572   rollout=  0.2s  avg= 0.2s/seq  elapsed=  0.1m  eta=  0.4m
[run] meanflow  k=2/10 seq=9/12 (21/120)  t0=6368   rollout=  0.2s  avg= 0.2s/seq  elapsed=  0.1m  eta=  0.4m
[run] meanflow  k=2/10 seq=10/12 (22/120)  t0=7164   rollout=  0.2s  avg= 0.2s/seq  elapsed=  0.1m  eta=  0.4m
[run] meanflow  k=2/10 seq=11/12 (23/120)  t0=7960   rollout=  0.2s  avg= 0.2s/seq  elapsed=  0.1m  eta=  0.4m
[run] meanflow  k=2/10 seq=12/12 (24/120)  t0=8757   rollout=  0.2s  avg= 0.2s/seq  elapsed=  0.1m  eta=  0.4m
[run] meanflow  k=3/10 seq=1/12 (25/120)  t0=0      rollout=  0.2s  avg= 0.2s/seq  elapsed=  0.1m  eta=  0.4m
[run] meanflow  k=3/10 seq=2/12 (26/120)  t0=796    rollout=  0.2s  avg= 0.2s/seq  elapsed=  0.1m  eta=  0.4m
[run] meanflow  k=3/10 seq=3/12 (27/120)  t0=1592   rollout=  0.2s  avg= 0.2s/seq  elapsed=  0.1m  eta=  0.4m
[run] meanflow  k=3/10 seq=4/12 (28/120)  t0=2388   rollout=  0.2s  avg= 0.2s/seq  elapsed=  0.1m  eta=  0.4m
[run] meanflow  k=3/10 seq=5/12 (29/120)  t0=3184   rollout=  0.2s  avg= 0.2s/seq  elapsed=  0.1m  eta=  0.3m
[run] meanflow  k=3/10 seq=6/12 (30/120)  t0=3980   rollout=  0.2s  avg= 0.2s/seq  elapsed=  0.1m  eta=  0.3m
[run] meanflow  k=3/10 seq=7/12 (31/120)  t0=4776   rollout=  0.2s  avg= 0.2s/seq  elapsed=  0.1m  eta=  0.3m
[run] meanflow  k=3/10 seq=8/12 (32/120)  t0=5572   rollout=  0.2s  avg= 0.2s/seq  elapsed=  0.1m  eta=  0.3m
[run] meanflow  k=3/10 seq=9/12 (33/120)  t0=6368   rollout=  0.2s  avg= 0.2s/seq  elapsed=  0.1m  eta=  0.3m
[run] meanflow  k=3/10 seq=10/12 (34/120)  t0=7164   rollout=  0.2s  avg= 0.2s/seq  elapsed=  0.1m  eta=  0.3m
[run] meanflow  k=3/10 seq=11/12 (35/120)  t0=7960   rollout=  0.2s  avg= 0.2s/seq  elapsed=  0.1m  eta=  0.3m
[run] meanflow  k=3/10 seq=12/12 (36/120)  t0=8757   rollout=  0.2s  avg= 0.2s/seq  elapsed=  0.1m  eta=  0.3m
[run] meanflow  k=4/10 seq=1/12 (37/120)  t0=0      rollout=  0.2s  avg= 0.2s/seq  elapsed=  0.1m  eta=  0.3m
[run] meanflow  k=4/10 seq=2/12 (38/120)  t0=796    rollout=  0.2s  avg= 0.2s/seq  elapsed=  0.1m  eta=  0.3m
[run] meanflow  k=4/10 seq=3/12 (39/120)  t0=1592   rollout=  0.2s  avg= 0.2s/seq  elapsed=  0.1m  eta=  0.3m
[run] meanflow  k=4/10 seq=4/12 (40/120)  t0=2388   rollout=  0.2s  avg= 0.2s/seq  elapsed=  0.2m  eta=  0.3m
[run] meanflow  k=4/10 seq=5/12 (41/120)  t0=3184   rollout=  0.2s  avg= 0.2s/seq  elapsed=  0.2m  eta=  0.3m
[run] meanflow  k=4/10 seq=6/12 (42/120)  t0=3980   rollout=  0.2s  avg= 0.2s/seq  elapsed=  0.2m  eta=  0.3m
[run] meanflow  k=4/10 seq=7/12 (43/120)  t0=4776   rollout=  0.2s  avg= 0.2s/seq  elapsed=  0.2m  eta=  0.3m
[run] meanflow  k=4/10 seq=8/12 (44/120)  t0=5572   rollout=  0.2s  avg= 0.2s/seq  elapsed=  0.2m  eta=  0.3m
[run] meanflow  k=4/10 seq=9/12 (45/120)  t0=6368   rollout=  0.2s  avg= 0.2s/seq  elapsed=  0.2m  eta=  0.3m
[run] meanflow  k=4/10 seq=10/12 (46/120)  t0=7164   rollout=  0.2s  avg= 0.2s/seq  elapsed=  0.2m  eta=  0.3m
[run] meanflow  k=4/10 seq=11/12 (47/120)  t0=7960   rollout=  0.2s  avg= 0.2s/seq  elapsed=  0.2m  eta=  0.3m
[run] meanflow  k=4/10 seq=12/12 (48/120)  t0=8757   rollout=  0.2s  avg= 0.2s/seq  elapsed=  0.2m  eta=  0.3m
[run] meanflow  k=5/10 seq=1/12 (49/120)  t0=0      rollout=  0.2s  avg= 0.2s/seq  elapsed=  0.2m  eta=  0.3m
[run] meanflow  k=5/10 seq=2/12 (50/120)  t0=796    rollout=  0.2s  avg= 0.2s/seq  elapsed=  0.2m  eta=  0.3m
[run] meanflow  k=5/10 seq=3/12 (51/120)  t0=1592   rollout=  0.2s  avg= 0.2s/seq  elapsed=  0.2m  eta=  0.3m
[run] meanflow  k=5/10 seq=4/12 (52/120)  t0=2388   rollout=  0.2s  avg= 0.2s/seq  elapsed=  0.2m  eta=  0.3m
[run] meanflow  k=5/10 seq=5/12 (53/120)  t0=3184   rollout=  0.2s  avg= 0.2s/seq  elapsed=  0.2m  eta=  0.3m
[run] meanflow  k=5/10 seq=6/12 (54/120)  t0=3980   rollout=  0.2s  avg= 0.2s/seq  elapsed=  0.2m  eta=  0.3m
[run] meanflow  k=5/10 seq=7/12 (55/120)  t0=4776   rollout=  0.2s  avg= 0.2s/seq  elapsed=  0.2m  eta=  0.2m
[run] meanflow  k=5/10 seq=8/12 (56/120)  t0=5572   rollout=  0.2s  avg= 0.2s/seq  elapsed=  0.2m  eta=  0.2m
[run] meanflow  k=5/10 seq=9/12 (57/120)  t0=6368   rollout=  0.2s  avg= 0.2s/seq  elapsed=  0.2m  eta=  0.2m
[run] meanflow  k=5/10 seq=10/12 (58/120)  t0=7164   rollout=  0.2s  avg= 0.2s/seq  elapsed=  0.2m  eta=  0.2m
[run] meanflow  k=5/10 seq=11/12 (59/120)  t0=7960   rollout=  0.2s  avg= 0.2s/seq  elapsed=  0.2m  eta=  0.2m
[run] meanflow  k=5/10 seq=12/12 (60/120)  t0=8757   rollout=  0.2s  avg= 0.2s/seq  elapsed=  0.2m  eta=  0.2m
[run] meanflow  k=6/10 seq=1/12 (61/120)  t0=0      rollout=  0.2s  avg= 0.2s/seq  elapsed=  0.2m  eta=  0.2m
[run] meanflow  k=6/10 seq=2/12 (62/120)  t0=796    rollout=  0.2s  avg= 0.2s/seq  elapsed=  0.2m  eta=  0.2m
[run] meanflow  k=6/10 seq=3/12 (63/120)  t0=1592   rollout=  0.2s  avg= 0.2s/seq  elapsed=  0.2m  eta=  0.2m
[run] meanflow  k=6/10 seq=4/12 (64/120)  t0=2388   rollout=  0.2s  avg= 0.2s/seq  elapsed=  0.2m  eta=  0.2m
[run] meanflow  k=6/10 seq=5/12 (65/120)  t0=3184   rollout=  0.2s  avg= 0.2s/seq  elapsed=  0.2m  eta=  0.2m
[run] meanflow  k=6/10 seq=6/12 (66/120)  t0=3980   rollout=  0.2s  avg= 0.2s/seq  elapsed=  0.3m  eta=  0.2m
[run] meanflow  k=6/10 seq=7/12 (67/120)  t0=4776   rollout=  0.2s  avg= 0.2s/seq  elapsed=  0.3m  eta=  0.2m
[run] meanflow  k=6/10 seq=8/12 (68/120)  t0=5572   rollout=  0.2s  avg= 0.2s/seq  elapsed=  0.3m  eta=  0.2m
[run] meanflow  k=6/10 seq=9/12 (69/120)  t0=6368   rollout=  0.3s  avg= 0.2s/seq  elapsed=  0.3m  eta=  0.2m
[run] meanflow  k=6/10 seq=10/12 (70/120)  t0=7164   rollout=  0.2s  avg= 0.2s/seq  elapsed=  0.3m  eta=  0.2m
[run] meanflow  k=6/10 seq=11/12 (71/120)  t0=7960   rollout=  0.2s  avg= 0.2s/seq  elapsed=  0.3m  eta=  0.2m
[run] meanflow  k=6/10 seq=12/12 (72/120)  t0=8757   rollout=  0.2s  avg= 0.2s/seq  elapsed=  0.3m  eta=  0.2m
[run] meanflow  k=7/10 seq=1/12 (73/120)  t0=0      rollout=  0.2s  avg= 0.2s/seq  elapsed=  0.3m  eta=  0.2m
[run] meanflow  k=7/10 seq=2/12 (74/120)  t0=796    rollout=  0.2s  avg= 0.2s/seq  elapsed=  0.3m  eta=  0.2m
[run] meanflow  k=7/10 seq=3/12 (75/120)  t0=1592   rollout=  0.2s  avg= 0.2s/seq  elapsed=  0.3m  eta=  0.2m
[run] meanflow  k=7/10 seq=4/12 (76/120)  t0=2388   rollout=  0.2s  avg= 0.2s/seq  elapsed=  0.3m  eta=  0.2m
[run] meanflow  k=7/10 seq=5/12 (77/120)  t0=3184   rollout=  0.2s  avg= 0.2s/seq  elapsed=  0.3m  eta=  0.2m
[run] meanflow  k=7/10 seq=6/12 (78/120)  t0=3980   rollout=  0.2s  avg= 0.2s/seq  elapsed=  0.3m  eta=  0.2m
[run] meanflow  k=7/10 seq=7/12 (79/120)  t0=4776   rollout=  0.2s  avg= 0.2s/seq  elapsed=  0.3m  eta=  0.2m
[run] meanflow  k=7/10 seq=8/12 (80/120)  t0=5572   rollout=  0.2s  avg= 0.2s/seq  elapsed=  0.3m  eta=  0.2m
[run] meanflow  k=7/10 seq=9/12 (81/120)  t0=6368   rollout=  0.2s  avg= 0.2s/seq  elapsed=  0.3m  eta=  0.1m
[run] meanflow  k=7/10 seq=10/12 (82/120)  t0=7164   rollout=  0.2s  avg= 0.2s/seq  elapsed=  0.3m  eta=  0.1m
[run] meanflow  k=7/10 seq=11/12 (83/120)  t0=7960   rollout=  0.2s  avg= 0.2s/seq  elapsed=  0.3m  eta=  0.1m
[run] meanflow  k=7/10 seq=12/12 (84/120)  t0=8757   rollout=  0.2s  avg= 0.2s/seq  elapsed=  0.3m  eta=  0.1m
[run] meanflow  k=8/10 seq=1/12 (85/120)  t0=0      rollout=  0.2s  avg= 0.2s/seq  elapsed=  0.3m  eta=  0.1m
[run] meanflow  k=8/10 seq=2/12 (86/120)  t0=796    rollout=  0.2s  avg= 0.2s/seq  elapsed=  0.3m  eta=  0.1m
[run] meanflow  k=8/10 seq=3/12 (87/120)  t0=1592   rollout=  0.2s  avg= 0.2s/seq  elapsed=  0.3m  eta=  0.1m
[run] meanflow  k=8/10 seq=4/12 (88/120)  t0=2388   rollout=  0.2s  avg= 0.2s/seq  elapsed=  0.3m  eta=  0.1m
[run] meanflow  k=8/10 seq=5/12 (89/120)  t0=3184   rollout=  0.2s  avg= 0.2s/seq  elapsed=  0.3m  eta=  0.1m
[run] meanflow  k=8/10 seq=6/12 (90/120)  t0=3980   rollout=  0.4s  avg= 0.2s/seq  elapsed=  0.3m  eta=  0.1m
[run] meanflow  k=8/10 seq=7/12 (91/120)  t0=4776   rollout=  0.2s  avg= 0.2s/seq  elapsed=  0.4m  eta=  0.1m
[run] meanflow  k=8/10 seq=8/12 (92/120)  t0=5572   rollout=  0.2s  avg= 0.2s/seq  elapsed=  0.4m  eta=  0.1m
[run] meanflow  k=8/10 seq=9/12 (93/120)  t0=6368   rollout=  0.2s  avg= 0.2s/seq  elapsed=  0.4m  eta=  0.1m
[run] meanflow  k=8/10 seq=10/12 (94/120)  t0=7164   rollout=  0.2s  avg= 0.2s/seq  elapsed=  0.4m  eta=  0.1m
[run] meanflow  k=8/10 seq=11/12 (95/120)  t0=7960   rollout=  0.2s  avg= 0.2s/seq  elapsed=  0.4m  eta=  0.1m
[run] meanflow  k=8/10 seq=12/12 (96/120)  t0=8757   rollout=  0.2s  avg= 0.2s/seq  elapsed=  0.4m  eta=  0.1m
[run] meanflow  k=9/10 seq=1/12 (97/120)  t0=0      rollout=  0.2s  avg= 0.2s/seq  elapsed=  0.4m  eta=  0.1m
[run] meanflow  k=9/10 seq=2/12 (98/120)  t0=796    rollout=  0.3s  avg= 0.2s/seq  elapsed=  0.4m  eta=  0.1m
[run] meanflow  k=9/10 seq=3/12 (99/120)  t0=1592   rollout=  0.2s  avg= 0.2s/seq  elapsed=  0.4m  eta=  0.1m
[run] meanflow  k=9/10 seq=4/12 (100/120)  t0=2388   rollout=  0.2s  avg= 0.2s/seq  elapsed=  0.4m  eta=  0.1m
[run] meanflow  k=9/10 seq=5/12 (101/120)  t0=3184   rollout=  0.2s  avg= 0.2s/seq  elapsed=  0.4m  eta=  0.1m
[run] meanflow  k=9/10 seq=6/12 (102/120)  t0=3980   rollout=  0.2s  avg= 0.2s/seq  elapsed=  0.4m  eta=  0.1m
[run] meanflow  k=9/10 seq=7/12 (103/120)  t0=4776   rollout=  0.2s  avg= 0.2s/seq  elapsed=  0.4m  eta=  0.1m
[run] meanflow  k=9/10 seq=8/12 (104/120)  t0=5572   rollout=  0.2s  avg= 0.2s/seq  elapsed=  0.4m  eta=  0.1m
[run] meanflow  k=9/10 seq=9/12 (105/120)  t0=6368   rollout=  0.4s  avg= 0.2s/seq  elapsed=  0.4m  eta=  0.1m
[run] meanflow  k=9/10 seq=10/12 (106/120)  t0=7164   rollout=  0.2s  avg= 0.2s/seq  elapsed=  0.4m  eta=  0.1m
[run] meanflow  k=9/10 seq=11/12 (107/120)  t0=7960   rollout=  0.2s  avg= 0.2s/seq  elapsed=  0.4m  eta=  0.1m
[run] meanflow  k=9/10 seq=12/12 (108/120)  t0=8757   rollout=  0.2s  avg= 0.2s/seq  elapsed=  0.4m  eta=  0.0m
[run] meanflow  k=10/10 seq=1/12 (109/120)  t0=0      rollout=  0.2s  avg= 0.2s/seq  elapsed=  0.4m  eta=  0.0m
[run] meanflow  k=10/10 seq=2/12 (110/120)  t0=796    rollout=  0.2s  avg= 0.2s/seq  elapsed=  0.4m  eta=  0.0m
[run] meanflow  k=10/10 seq=3/12 (111/120)  t0=1592   rollout=  0.2s  avg= 0.2s/seq  elapsed=  0.4m  eta=  0.0m
[run] meanflow  k=10/10 seq=4/12 (112/120)  t0=2388   rollout=  0.2s  avg= 0.2s/seq  elapsed=  0.4m  eta=  0.0m
[run] meanflow  k=10/10 seq=5/12 (113/120)  t0=3184   rollout=  0.2s  avg= 0.2s/seq  elapsed=  0.4m  eta=  0.0m
[run] meanflow  k=10/10 seq=6/12 (114/120)  t0=3980   rollout=  0.2s  avg= 0.2s/seq  elapsed=  0.4m  eta=  0.0m
[run] meanflow  k=10/10 seq=7/12 (115/120)  t0=4776   rollout=  0.2s  avg= 0.2s/seq  elapsed=  0.4m  eta=  0.0m
[run] meanflow  k=10/10 seq=8/12 (116/120)  t0=5572   rollout=  0.2s  avg= 0.2s/seq  elapsed=  0.5m  eta=  0.0m
[run] meanflow  k=10/10 seq=9/12 (117/120)  t0=6368   rollout=  1.7s  avg= 0.2s/seq  elapsed=  0.5m  eta=  0.0m
[run] meanflow  k=10/10 seq=10/12 (118/120)  t0=7164   rollout=  0.7s  avg= 0.2s/seq  elapsed=  0.5m  eta=  0.0m
[run] meanflow  k=10/10 seq=11/12 (119/120)  t0=7960   rollout=  0.3s  avg= 0.2s/seq  elapsed=  0.5m  eta=  0.0m
[run] meanflow  k=10/10 seq=12/12 (120/120)  t0=8757   rollout=  0.2s  avg= 0.2s/seq  elapsed=  0.5m  eta=  0.0m
[run] meanflow ensemble finished in 0.5m
[2026-06-12 11:47:47] [nfe_sweep] NFE=  3  t/seq= 0.23s  CRPS-qpepre=0.1251  CSI-M=0.2662  RMSE-qpepre=0.5531  NFE-elapsed=0.5m
| method | Time/Seq.(s) | CRPS↓ | CSI-M↑ | CSI-P16↑ | FSS-P16-M↑ | HSS-M↑ | FAR-M↓ | RMSE_u10↓ | RMSE_v10↓ | RMSE_t2m↓ | RMSE_qpepre↓ |
|---|---|---|---|---|---|---|---|---|---|---|---|
| meanflow | 0.230 | 0.2966 | 0.2662 | 0.0476 | 0.0782 | 0.3501 | 0.1826 | 0.8262 | 0.8455 | 0.3839 | 0.5531 |

================================================================
[2026-06-12 11:47:47] NFE = 4   (4/15)
================================================================
[run] meanflow ensemble starting: K=10 x S=12 x T=1 = 120 sequence-rollouts
[run] meanflow  k=1/10 seq=1/12 (1/120)  t0=0      rollout=  0.3s  avg= 0.3s/seq  elapsed=  0.0m  eta=  0.5m
[run] meanflow  k=1/10 seq=2/12 (2/120)  t0=796    rollout=  0.3s  avg= 0.3s/seq  elapsed=  0.0m  eta=  0.5m
[run] meanflow  k=1/10 seq=3/12 (3/120)  t0=1592   rollout=  0.3s  avg= 0.3s/seq  elapsed=  0.0m  eta=  0.5m
[run] meanflow  k=1/10 seq=4/12 (4/120)  t0=2388   rollout=  0.3s  avg= 0.3s/seq  elapsed=  0.0m  eta=  0.5m
[run] meanflow  k=1/10 seq=5/12 (5/120)  t0=3184   rollout=  0.3s  avg= 0.3s/seq  elapsed=  0.0m  eta=  0.5m
[run] meanflow  k=1/10 seq=6/12 (6/120)  t0=3980   rollout=  0.3s  avg= 0.3s/seq  elapsed=  0.0m  eta=  0.5m
[run] meanflow  k=1/10 seq=7/12 (7/120)  t0=4776   rollout=  0.3s  avg= 0.3s/seq  elapsed=  0.0m  eta=  0.5m
[run] meanflow  k=1/10 seq=8/12 (8/120)  t0=5572   rollout=  0.3s  avg= 0.3s/seq  elapsed=  0.0m  eta=  0.5m
[run] meanflow  k=1/10 seq=9/12 (9/120)  t0=6368   rollout=  0.3s  avg= 0.3s/seq  elapsed=  0.0m  eta=  0.5m
[run] meanflow  k=1/10 seq=10/12 (10/120)  t0=7164   rollout=  0.3s  avg= 0.3s/seq  elapsed=  0.0m  eta=  0.5m
[run] meanflow  k=1/10 seq=11/12 (11/120)  t0=7960   rollout=  0.3s  avg= 0.3s/seq  elapsed=  0.0m  eta=  0.5m
[run] meanflow  k=1/10 seq=12/12 (12/120)  t0=8757   rollout=  0.3s  avg= 0.3s/seq  elapsed=  0.1m  eta=  0.5m
[run] meanflow  k=2/10 seq=1/12 (13/120)  t0=0      rollout=  0.3s  avg= 0.3s/seq  elapsed=  0.1m  eta=  0.5m
[run] meanflow  k=2/10 seq=2/12 (14/120)  t0=796    rollout=  0.3s  avg= 0.3s/seq  elapsed=  0.1m  eta=  0.5m
[run] meanflow  k=2/10 seq=3/12 (15/120)  t0=1592   rollout=  0.3s  avg= 0.3s/seq  elapsed=  0.1m  eta=  0.5m
[run] meanflow  k=2/10 seq=4/12 (16/120)  t0=2388   rollout=  0.3s  avg= 0.3s/seq  elapsed=  0.1m  eta=  0.5m
[run] meanflow  k=2/10 seq=5/12 (17/120)  t0=3184   rollout=  0.3s  avg= 0.3s/seq  elapsed=  0.1m  eta=  0.5m
[run] meanflow  k=2/10 seq=6/12 (18/120)  t0=3980   rollout=  0.3s  avg= 0.3s/seq  elapsed=  0.1m  eta=  0.5m
[run] meanflow  k=2/10 seq=7/12 (19/120)  t0=4776   rollout=  0.3s  avg= 0.3s/seq  elapsed=  0.1m  eta=  0.4m
[run] meanflow  k=2/10 seq=8/12 (20/120)  t0=5572   rollout=  0.3s  avg= 0.3s/seq  elapsed=  0.1m  eta=  0.4m
[run] meanflow  k=2/10 seq=9/12 (21/120)  t0=6368   rollout=  0.3s  avg= 0.3s/seq  elapsed=  0.1m  eta=  0.4m
[run] meanflow  k=2/10 seq=10/12 (22/120)  t0=7164   rollout=  0.3s  avg= 0.3s/seq  elapsed=  0.1m  eta=  0.4m
[run] meanflow  k=2/10 seq=11/12 (23/120)  t0=7960   rollout=  0.3s  avg= 0.3s/seq  elapsed=  0.1m  eta=  0.4m
[run] meanflow  k=2/10 seq=12/12 (24/120)  t0=8757   rollout=  0.3s  avg= 0.3s/seq  elapsed=  0.1m  eta=  0.4m
[run] meanflow  k=3/10 seq=1/12 (25/120)  t0=0      rollout=  0.3s  avg= 0.3s/seq  elapsed=  0.1m  eta=  0.4m
[run] meanflow  k=3/10 seq=2/12 (26/120)  t0=796    rollout=  0.3s  avg= 0.3s/seq  elapsed=  0.1m  eta=  0.4m
[run] meanflow  k=3/10 seq=3/12 (27/120)  t0=1592   rollout=  0.3s  avg= 0.3s/seq  elapsed=  0.1m  eta=  0.4m
[run] meanflow  k=3/10 seq=4/12 (28/120)  t0=2388   rollout=  0.3s  avg= 0.3s/seq  elapsed=  0.1m  eta=  0.4m
[run] meanflow  k=3/10 seq=5/12 (29/120)  t0=3184   rollout=  0.3s  avg= 0.3s/seq  elapsed=  0.1m  eta=  0.4m
[run] meanflow  k=3/10 seq=6/12 (30/120)  t0=3980   rollout=  0.3s  avg= 0.3s/seq  elapsed=  0.1m  eta=  0.4m
[run] meanflow  k=3/10 seq=7/12 (31/120)  t0=4776   rollout=  0.3s  avg= 0.3s/seq  elapsed=  0.1m  eta=  0.4m
[run] meanflow  k=3/10 seq=8/12 (32/120)  t0=5572   rollout=  0.3s  avg= 0.3s/seq  elapsed=  0.1m  eta=  0.4m
[run] meanflow  k=3/10 seq=9/12 (33/120)  t0=6368   rollout=  0.3s  avg= 0.3s/seq  elapsed=  0.1m  eta=  0.4m
[run] meanflow  k=3/10 seq=10/12 (34/120)  t0=7164   rollout=  0.3s  avg= 0.3s/seq  elapsed=  0.1m  eta=  0.4m
[run] meanflow  k=3/10 seq=11/12 (35/120)  t0=7960   rollout=  0.3s  avg= 0.3s/seq  elapsed=  0.2m  eta=  0.4m
[run] meanflow  k=3/10 seq=12/12 (36/120)  t0=8757   rollout=  0.3s  avg= 0.3s/seq  elapsed=  0.2m  eta=  0.4m
[run] meanflow  k=4/10 seq=1/12 (37/120)  t0=0      rollout=  0.3s  avg= 0.3s/seq  elapsed=  0.2m  eta=  0.4m
[run] meanflow  k=4/10 seq=2/12 (38/120)  t0=796    rollout=  0.3s  avg= 0.3s/seq  elapsed=  0.2m  eta=  0.4m
[run] meanflow  k=4/10 seq=3/12 (39/120)  t0=1592   rollout=  0.3s  avg= 0.3s/seq  elapsed=  0.2m  eta=  0.4m
[run] meanflow  k=4/10 seq=4/12 (40/120)  t0=2388   rollout=  0.3s  avg= 0.3s/seq  elapsed=  0.2m  eta=  0.4m
[run] meanflow  k=4/10 seq=5/12 (41/120)  t0=3184   rollout=  0.3s  avg= 0.3s/seq  elapsed=  0.2m  eta=  0.3m
[run] meanflow  k=4/10 seq=6/12 (42/120)  t0=3980   rollout=  0.3s  avg= 0.3s/seq  elapsed=  0.2m  eta=  0.3m
[run] meanflow  k=4/10 seq=7/12 (43/120)  t0=4776   rollout=  0.3s  avg= 0.3s/seq  elapsed=  0.2m  eta=  0.3m
[run] meanflow  k=4/10 seq=8/12 (44/120)  t0=5572   rollout=  0.3s  avg= 0.3s/seq  elapsed=  0.2m  eta=  0.3m
[run] meanflow  k=4/10 seq=9/12 (45/120)  t0=6368   rollout=  0.3s  avg= 0.3s/seq  elapsed=  0.2m  eta=  0.3m
[run] meanflow  k=4/10 seq=10/12 (46/120)  t0=7164   rollout=  0.3s  avg= 0.3s/seq  elapsed=  0.2m  eta=  0.3m
[run] meanflow  k=4/10 seq=11/12 (47/120)  t0=7960   rollout=  0.3s  avg= 0.3s/seq  elapsed=  0.2m  eta=  0.3m
[run] meanflow  k=4/10 seq=12/12 (48/120)  t0=8757   rollout=  0.3s  avg= 0.3s/seq  elapsed=  0.2m  eta=  0.3m
[run] meanflow  k=5/10 seq=1/12 (49/120)  t0=0      rollout=  0.3s  avg= 0.3s/seq  elapsed=  0.2m  eta=  0.3m
[run] meanflow  k=5/10 seq=2/12 (50/120)  t0=796    rollout=  0.3s  avg= 0.3s/seq  elapsed=  0.2m  eta=  0.3m
[run] meanflow  k=5/10 seq=3/12 (51/120)  t0=1592   rollout=  0.3s  avg= 0.3s/seq  elapsed=  0.2m  eta=  0.3m
[run] meanflow  k=5/10 seq=4/12 (52/120)  t0=2388   rollout=  0.3s  avg= 0.3s/seq  elapsed=  0.2m  eta=  0.3m
[run] meanflow  k=5/10 seq=5/12 (53/120)  t0=3184   rollout=  0.3s  avg= 0.3s/seq  elapsed=  0.2m  eta=  0.3m
[run] meanflow  k=5/10 seq=6/12 (54/120)  t0=3980   rollout=  0.3s  avg= 0.3s/seq  elapsed=  0.2m  eta=  0.3m
[run] meanflow  k=5/10 seq=7/12 (55/120)  t0=4776   rollout=  0.3s  avg= 0.3s/seq  elapsed=  0.2m  eta=  0.3m
[run] meanflow  k=5/10 seq=8/12 (56/120)  t0=5572   rollout=  0.3s  avg= 0.3s/seq  elapsed=  0.2m  eta=  0.3m
[run] meanflow  k=5/10 seq=9/12 (57/120)  t0=6368   rollout=  0.3s  avg= 0.3s/seq  elapsed=  0.3m  eta=  0.3m
[run] meanflow  k=5/10 seq=10/12 (58/120)  t0=7164   rollout=  0.3s  avg= 0.3s/seq  elapsed=  0.3m  eta=  0.3m
[run] meanflow  k=5/10 seq=11/12 (59/120)  t0=7960   rollout=  0.3s  avg= 0.3s/seq  elapsed=  0.3m  eta=  0.3m
[run] meanflow  k=5/10 seq=12/12 (60/120)  t0=8757   rollout=  0.3s  avg= 0.3s/seq  elapsed=  0.3m  eta=  0.3m
[run] meanflow  k=6/10 seq=1/12 (61/120)  t0=0      rollout=  0.3s  avg= 0.3s/seq  elapsed=  0.3m  eta=  0.3m
[run] meanflow  k=6/10 seq=2/12 (62/120)  t0=796    rollout=  0.3s  avg= 0.3s/seq  elapsed=  0.3m  eta=  0.3m
[run] meanflow  k=6/10 seq=3/12 (63/120)  t0=1592   rollout=  0.3s  avg= 0.3s/seq  elapsed=  0.3m  eta=  0.3m
[run] meanflow  k=6/10 seq=4/12 (64/120)  t0=2388   rollout=  0.3s  avg= 0.3s/seq  elapsed=  0.3m  eta=  0.2m
[run] meanflow  k=6/10 seq=5/12 (65/120)  t0=3184   rollout=  0.3s  avg= 0.3s/seq  elapsed=  0.3m  eta=  0.2m
[run] meanflow  k=6/10 seq=6/12 (66/120)  t0=3980   rollout=  0.3s  avg= 0.3s/seq  elapsed=  0.3m  eta=  0.2m
[run] meanflow  k=6/10 seq=7/12 (67/120)  t0=4776   rollout=  0.3s  avg= 0.3s/seq  elapsed=  0.3m  eta=  0.2m
[run] meanflow  k=6/10 seq=8/12 (68/120)  t0=5572   rollout=  0.3s  avg= 0.3s/seq  elapsed=  0.3m  eta=  0.2m
[run] meanflow  k=6/10 seq=9/12 (69/120)  t0=6368   rollout=  0.3s  avg= 0.3s/seq  elapsed=  0.3m  eta=  0.2m
[run] meanflow  k=6/10 seq=10/12 (70/120)  t0=7164   rollout=  0.3s  avg= 0.3s/seq  elapsed=  0.3m  eta=  0.2m
[run] meanflow  k=6/10 seq=11/12 (71/120)  t0=7960   rollout=  0.3s  avg= 0.3s/seq  elapsed=  0.3m  eta=  0.2m
[run] meanflow  k=6/10 seq=12/12 (72/120)  t0=8757   rollout=  0.3s  avg= 0.3s/seq  elapsed=  0.3m  eta=  0.2m
[run] meanflow  k=7/10 seq=1/12 (73/120)  t0=0      rollout=  0.3s  avg= 0.3s/seq  elapsed=  0.3m  eta=  0.2m
[run] meanflow  k=7/10 seq=2/12 (74/120)  t0=796    rollout=  0.3s  avg= 0.3s/seq  elapsed=  0.3m  eta=  0.2m
[run] meanflow  k=7/10 seq=3/12 (75/120)  t0=1592   rollout=  0.3s  avg= 0.3s/seq  elapsed=  0.3m  eta=  0.2m
[run] meanflow  k=7/10 seq=4/12 (76/120)  t0=2388   rollout=  0.3s  avg= 0.3s/seq  elapsed=  0.3m  eta=  0.2m
[run] meanflow  k=7/10 seq=5/12 (77/120)  t0=3184   rollout=  0.3s  avg= 0.3s/seq  elapsed=  0.3m  eta=  0.2m
[run] meanflow  k=7/10 seq=6/12 (78/120)  t0=3980   rollout=  0.3s  avg= 0.3s/seq  elapsed=  0.3m  eta=  0.2m
[run] meanflow  k=7/10 seq=7/12 (79/120)  t0=4776   rollout=  0.3s  avg= 0.3s/seq  elapsed=  0.3m  eta=  0.2m
[run] meanflow  k=7/10 seq=8/12 (80/120)  t0=5572   rollout=  0.3s  avg= 0.3s/seq  elapsed=  0.4m  eta=  0.2m
[run] meanflow  k=7/10 seq=9/12 (81/120)  t0=6368   rollout=  0.3s  avg= 0.3s/seq  elapsed=  0.4m  eta=  0.2m
[run] meanflow  k=7/10 seq=10/12 (82/120)  t0=7164   rollout=  0.3s  avg= 0.3s/seq  elapsed=  0.4m  eta=  0.2m
[run] meanflow  k=7/10 seq=11/12 (83/120)  t0=7960   rollout=  0.3s  avg= 0.3s/seq  elapsed=  0.4m  eta=  0.2m
[run] meanflow  k=7/10 seq=12/12 (84/120)  t0=8757   rollout=  0.3s  avg= 0.3s/seq  elapsed=  0.4m  eta=  0.2m
[run] meanflow  k=8/10 seq=1/12 (85/120)  t0=0      rollout=  0.3s  avg= 0.3s/seq  elapsed=  0.4m  eta=  0.2m
[run] meanflow  k=8/10 seq=2/12 (86/120)  t0=796    rollout=  0.3s  avg= 0.3s/seq  elapsed=  0.4m  eta=  0.2m
[run] meanflow  k=8/10 seq=3/12 (87/120)  t0=1592   rollout=  0.3s  avg= 0.3s/seq  elapsed=  0.4m  eta=  0.1m
[run] meanflow  k=8/10 seq=4/12 (88/120)  t0=2388   rollout=  0.3s  avg= 0.3s/seq  elapsed=  0.4m  eta=  0.1m
[run] meanflow  k=8/10 seq=5/12 (89/120)  t0=3184   rollout=  0.3s  avg= 0.3s/seq  elapsed=  0.4m  eta=  0.1m
[run] meanflow  k=8/10 seq=6/12 (90/120)  t0=3980   rollout=  0.3s  avg= 0.3s/seq  elapsed=  0.4m  eta=  0.1m
[run] meanflow  k=8/10 seq=7/12 (91/120)  t0=4776   rollout=  0.3s  avg= 0.3s/seq  elapsed=  0.4m  eta=  0.1m
[run] meanflow  k=8/10 seq=8/12 (92/120)  t0=5572   rollout=  0.3s  avg= 0.3s/seq  elapsed=  0.4m  eta=  0.1m
[run] meanflow  k=8/10 seq=9/12 (93/120)  t0=6368   rollout=  0.3s  avg= 0.3s/seq  elapsed=  0.4m  eta=  0.1m
[run] meanflow  k=8/10 seq=10/12 (94/120)  t0=7164   rollout=  0.3s  avg= 0.3s/seq  elapsed=  0.4m  eta=  0.1m
[run] meanflow  k=8/10 seq=11/12 (95/120)  t0=7960   rollout=  0.3s  avg= 0.3s/seq  elapsed=  0.4m  eta=  0.1m
[run] meanflow  k=8/10 seq=12/12 (96/120)  t0=8757   rollout=  0.3s  avg= 0.3s/seq  elapsed=  0.4m  eta=  0.1m
[run] meanflow  k=9/10 seq=1/12 (97/120)  t0=0      rollout=  0.3s  avg= 0.3s/seq  elapsed=  0.4m  eta=  0.1m
[run] meanflow  k=9/10 seq=2/12 (98/120)  t0=796    rollout=  0.3s  avg= 0.3s/seq  elapsed=  0.4m  eta=  0.1m
[run] meanflow  k=9/10 seq=3/12 (99/120)  t0=1592   rollout=  0.3s  avg= 0.3s/seq  elapsed=  0.4m  eta=  0.1m
[run] meanflow  k=9/10 seq=4/12 (100/120)  t0=2388   rollout=  0.3s  avg= 0.3s/seq  elapsed=  0.4m  eta=  0.1m
[run] meanflow  k=9/10 seq=5/12 (101/120)  t0=3184   rollout=  0.3s  avg= 0.3s/seq  elapsed=  0.4m  eta=  0.1m
[run] meanflow  k=9/10 seq=6/12 (102/120)  t0=3980   rollout=  0.3s  avg= 0.3s/seq  elapsed=  0.5m  eta=  0.1m
[run] meanflow  k=9/10 seq=7/12 (103/120)  t0=4776   rollout=  0.3s  avg= 0.3s/seq  elapsed=  0.5m  eta=  0.1m
[run] meanflow  k=9/10 seq=8/12 (104/120)  t0=5572   rollout=  0.3s  avg= 0.3s/seq  elapsed=  0.5m  eta=  0.1m
[run] meanflow  k=9/10 seq=9/12 (105/120)  t0=6368   rollout=  0.3s  avg= 0.3s/seq  elapsed=  0.5m  eta=  0.1m
[run] meanflow  k=9/10 seq=10/12 (106/120)  t0=7164   rollout=  0.3s  avg= 0.3s/seq  elapsed=  0.5m  eta=  0.1m
[run] meanflow  k=9/10 seq=11/12 (107/120)  t0=7960   rollout=  0.3s  avg= 0.3s/seq  elapsed=  0.5m  eta=  0.1m
[run] meanflow  k=9/10 seq=12/12 (108/120)  t0=8757   rollout=  0.3s  avg= 0.3s/seq  elapsed=  0.5m  eta=  0.1m
[run] meanflow  k=10/10 seq=1/12 (109/120)  t0=0      rollout=  0.3s  avg= 0.3s/seq  elapsed=  0.5m  eta=  0.0m
[run] meanflow  k=10/10 seq=2/12 (110/120)  t0=796    rollout=  0.3s  avg= 0.3s/seq  elapsed=  0.5m  eta=  0.0m
[run] meanflow  k=10/10 seq=3/12 (111/120)  t0=1592   rollout=  0.3s  avg= 0.3s/seq  elapsed=  0.5m  eta=  0.0m
[run] meanflow  k=10/10 seq=4/12 (112/120)  t0=2388   rollout=  0.3s  avg= 0.3s/seq  elapsed=  0.5m  eta=  0.0m
[run] meanflow  k=10/10 seq=5/12 (113/120)  t0=3184   rollout=  0.3s  avg= 0.3s/seq  elapsed=  0.5m  eta=  0.0m
[run] meanflow  k=10/10 seq=6/12 (114/120)  t0=3980   rollout=  0.3s  avg= 0.3s/seq  elapsed=  0.5m  eta=  0.0m
[run] meanflow  k=10/10 seq=7/12 (115/120)  t0=4776   rollout=  0.3s  avg= 0.3s/seq  elapsed=  0.5m  eta=  0.0m
[run] meanflow  k=10/10 seq=8/12 (116/120)  t0=5572   rollout=  0.3s  avg= 0.3s/seq  elapsed=  0.5m  eta=  0.0m
[run] meanflow  k=10/10 seq=9/12 (117/120)  t0=6368   rollout=  0.3s  avg= 0.3s/seq  elapsed=  0.5m  eta=  0.0m
[run] meanflow  k=10/10 seq=10/12 (118/120)  t0=7164   rollout=  0.3s  avg= 0.3s/seq  elapsed=  0.5m  eta=  0.0m
[run] meanflow  k=10/10 seq=11/12 (119/120)  t0=7960   rollout=  0.3s  avg= 0.3s/seq  elapsed=  0.5m  eta=  0.0m
[run] meanflow  k=10/10 seq=12/12 (120/120)  t0=8757   rollout=  0.3s  avg= 0.3s/seq  elapsed=  0.5m  eta=  0.0m
[run] meanflow ensemble finished in 0.5m
[2026-06-12 11:48:19] [nfe_sweep] NFE=  4  t/seq= 0.26s  CRPS-qpepre=0.1239  CSI-M=0.2541  RMSE-qpepre=0.5549  NFE-elapsed=0.5m
| method | Time/Seq.(s) | CRPS↓ | CSI-M↑ | CSI-P16↑ | FSS-P16-M↑ | HSS-M↑ | FAR-M↓ | RMSE_u10↓ | RMSE_v10↓ | RMSE_t2m↓ | RMSE_qpepre↓ |
|---|---|---|---|---|---|---|---|---|---|---|---|
| meanflow | 0.264 | 0.3249 | 0.2541 | 0.0000 | 0.0000 | 0.3301 | 0.2510 | 0.8807 | 1.0174 | 0.4515 | 0.5549 |

================================================================
[2026-06-12 11:48:19] NFE = 5   (5/15)
================================================================
[run] meanflow ensemble starting: K=10 x S=12 x T=1 = 120 sequence-rollouts
[run] meanflow  k=1/10 seq=1/12 (1/120)  t0=0      rollout=  0.3s  avg= 0.3s/seq  elapsed=  0.0m  eta=  0.6m
[run] meanflow  k=1/10 seq=2/12 (2/120)  t0=796    rollout=  0.3s  avg= 0.3s/seq  elapsed=  0.0m  eta=  0.6m
[run] meanflow  k=1/10 seq=3/12 (3/120)  t0=1592   rollout=  0.3s  avg= 0.3s/seq  elapsed=  0.0m  eta=  0.6m
[run] meanflow  k=1/10 seq=4/12 (4/120)  t0=2388   rollout=  0.3s  avg= 0.3s/seq  elapsed=  0.0m  eta=  0.6m
[run] meanflow  k=1/10 seq=5/12 (5/120)  t0=3184   rollout=  0.3s  avg= 0.3s/seq  elapsed=  0.0m  eta=  0.6m
[run] meanflow  k=1/10 seq=6/12 (6/120)  t0=3980   rollout=  0.3s  avg= 0.3s/seq  elapsed=  0.0m  eta=  0.6m
[run] meanflow  k=1/10 seq=7/12 (7/120)  t0=4776   rollout=  0.3s  avg= 0.3s/seq  elapsed=  0.0m  eta=  0.6m
[run] meanflow  k=1/10 seq=8/12 (8/120)  t0=5572   rollout=  0.3s  avg= 0.3s/seq  elapsed=  0.0m  eta=  0.6m
[run] meanflow  k=1/10 seq=9/12 (9/120)  t0=6368   rollout=  0.3s  avg= 0.3s/seq  elapsed=  0.0m  eta=  0.6m
[run] meanflow  k=1/10 seq=10/12 (10/120)  t0=7164   rollout=  0.3s  avg= 0.3s/seq  elapsed=  0.1m  eta=  0.6m
[run] meanflow  k=1/10 seq=11/12 (11/120)  t0=7960   rollout=  0.3s  avg= 0.3s/seq  elapsed=  0.1m  eta=  0.6m
[run] meanflow  k=1/10 seq=12/12 (12/120)  t0=8757   rollout=  0.3s  avg= 0.3s/seq  elapsed=  0.1m  eta=  0.6m
[run] meanflow  k=2/10 seq=1/12 (13/120)  t0=0      rollout=  0.3s  avg= 0.3s/seq  elapsed=  0.1m  eta=  0.6m
[run] meanflow  k=2/10 seq=2/12 (14/120)  t0=796    rollout=  0.3s  avg= 0.3s/seq  elapsed=  0.1m  eta=  0.6m
[run] meanflow  k=2/10 seq=3/12 (15/120)  t0=1592   rollout=  0.3s  avg= 0.3s/seq  elapsed=  0.1m  eta=  0.6m
[run] meanflow  k=2/10 seq=4/12 (16/120)  t0=2388   rollout=  0.3s  avg= 0.3s/seq  elapsed=  0.1m  eta=  0.5m
[run] meanflow  k=2/10 seq=5/12 (17/120)  t0=3184   rollout=  0.3s  avg= 0.3s/seq  elapsed=  0.1m  eta=  0.5m
[run] meanflow  k=2/10 seq=6/12 (18/120)  t0=3980   rollout=  0.3s  avg= 0.3s/seq  elapsed=  0.1m  eta=  0.5m
[run] meanflow  k=2/10 seq=7/12 (19/120)  t0=4776   rollout=  0.3s  avg= 0.3s/seq  elapsed=  0.1m  eta=  0.5m
[run] meanflow  k=2/10 seq=8/12 (20/120)  t0=5572   rollout=  0.3s  avg= 0.3s/seq  elapsed=  0.1m  eta=  0.5m
[run] meanflow  k=2/10 seq=9/12 (21/120)  t0=6368   rollout=  0.3s  avg= 0.3s/seq  elapsed=  0.1m  eta=  0.5m
[run] meanflow  k=2/10 seq=10/12 (22/120)  t0=7164   rollout=  0.3s  avg= 0.3s/seq  elapsed=  0.1m  eta=  0.5m
[run] meanflow  k=2/10 seq=11/12 (23/120)  t0=7960   rollout=  0.3s  avg= 0.3s/seq  elapsed=  0.1m  eta=  0.5m
[run] meanflow  k=2/10 seq=12/12 (24/120)  t0=8757   rollout=  0.3s  avg= 0.3s/seq  elapsed=  0.1m  eta=  0.5m
[run] meanflow  k=3/10 seq=1/12 (25/120)  t0=0      rollout=  0.3s  avg= 0.3s/seq  elapsed=  0.1m  eta=  0.5m
[run] meanflow  k=3/10 seq=2/12 (26/120)  t0=796    rollout=  0.3s  avg= 0.3s/seq  elapsed=  0.1m  eta=  0.5m
[run] meanflow  k=3/10 seq=3/12 (27/120)  t0=1592   rollout=  0.3s  avg= 0.3s/seq  elapsed=  0.1m  eta=  0.5m
[run] meanflow  k=3/10 seq=4/12 (28/120)  t0=2388   rollout=  0.3s  avg= 0.3s/seq  elapsed=  0.1m  eta=  0.5m
[run] meanflow  k=3/10 seq=5/12 (29/120)  t0=3184   rollout=  0.3s  avg= 0.3s/seq  elapsed=  0.2m  eta=  0.5m
[run] meanflow  k=3/10 seq=6/12 (30/120)  t0=3980   rollout=  0.3s  avg= 0.3s/seq  elapsed=  0.2m  eta=  0.5m
[run] meanflow  k=3/10 seq=7/12 (31/120)  t0=4776   rollout=  0.3s  avg= 0.3s/seq  elapsed=  0.2m  eta=  0.5m
[run] meanflow  k=3/10 seq=8/12 (32/120)  t0=5572   rollout=  0.3s  avg= 0.3s/seq  elapsed=  0.2m  eta=  0.5m
[run] meanflow  k=3/10 seq=9/12 (33/120)  t0=6368   rollout=  0.3s  avg= 0.3s/seq  elapsed=  0.2m  eta=  0.5m
[run] meanflow  k=3/10 seq=10/12 (34/120)  t0=7164   rollout=  0.3s  avg= 0.3s/seq  elapsed=  0.2m  eta=  0.5m
[run] meanflow  k=3/10 seq=11/12 (35/120)  t0=7960   rollout=  0.3s  avg= 0.3s/seq  elapsed=  0.2m  eta=  0.4m
[run] meanflow  k=3/10 seq=12/12 (36/120)  t0=8757   rollout=  0.3s  avg= 0.3s/seq  elapsed=  0.2m  eta=  0.4m
[run] meanflow  k=4/10 seq=1/12 (37/120)  t0=0      rollout=  0.3s  avg= 0.3s/seq  elapsed=  0.2m  eta=  0.4m
[run] meanflow  k=4/10 seq=2/12 (38/120)  t0=796    rollout=  0.3s  avg= 0.3s/seq  elapsed=  0.2m  eta=  0.4m
[run] meanflow  k=4/10 seq=3/12 (39/120)  t0=1592   rollout=  0.3s  avg= 0.3s/seq  elapsed=  0.2m  eta=  0.4m
[run] meanflow  k=4/10 seq=4/12 (40/120)  t0=2388   rollout=  0.3s  avg= 0.3s/seq  elapsed=  0.2m  eta=  0.4m
[run] meanflow  k=4/10 seq=5/12 (41/120)  t0=3184   rollout=  0.3s  avg= 0.3s/seq  elapsed=  0.2m  eta=  0.4m
[run] meanflow  k=4/10 seq=6/12 (42/120)  t0=3980   rollout=  0.3s  avg= 0.3s/seq  elapsed=  0.2m  eta=  0.4m
[run] meanflow  k=4/10 seq=7/12 (43/120)  t0=4776   rollout=  0.3s  avg= 0.3s/seq  elapsed=  0.2m  eta=  0.4m
[run] meanflow  k=4/10 seq=8/12 (44/120)  t0=5572   rollout=  0.3s  avg= 0.3s/seq  elapsed=  0.2m  eta=  0.4m
[run] meanflow  k=4/10 seq=9/12 (45/120)  t0=6368   rollout=  0.3s  avg= 0.3s/seq  elapsed=  0.2m  eta=  0.4m
[run] meanflow  k=4/10 seq=10/12 (46/120)  t0=7164   rollout=  0.3s  avg= 0.3s/seq  elapsed=  0.2m  eta=  0.4m
[run] meanflow  k=4/10 seq=11/12 (47/120)  t0=7960   rollout=  0.3s  avg= 0.3s/seq  elapsed=  0.2m  eta=  0.4m
[run] meanflow  k=4/10 seq=12/12 (48/120)  t0=8757   rollout=  0.3s  avg= 0.3s/seq  elapsed=  0.2m  eta=  0.4m
[run] meanflow  k=5/10 seq=1/12 (49/120)  t0=0      rollout=  0.3s  avg= 0.3s/seq  elapsed=  0.3m  eta=  0.4m
[run] meanflow  k=5/10 seq=2/12 (50/120)  t0=796    rollout=  0.3s  avg= 0.3s/seq  elapsed=  0.3m  eta=  0.4m
[run] meanflow  k=5/10 seq=3/12 (51/120)  t0=1592   rollout=  0.3s  avg= 0.3s/seq  elapsed=  0.3m  eta=  0.4m
[run] meanflow  k=5/10 seq=4/12 (52/120)  t0=2388   rollout=  0.3s  avg= 0.3s/seq  elapsed=  0.3m  eta=  0.4m
[run] meanflow  k=5/10 seq=5/12 (53/120)  t0=3184   rollout=  0.3s  avg= 0.3s/seq  elapsed=  0.3m  eta=  0.3m
[run] meanflow  k=5/10 seq=6/12 (54/120)  t0=3980   rollout=  0.3s  avg= 0.3s/seq  elapsed=  0.3m  eta=  0.3m
[run] meanflow  k=5/10 seq=7/12 (55/120)  t0=4776   rollout=  0.3s  avg= 0.3s/seq  elapsed=  0.3m  eta=  0.3m
[run] meanflow  k=5/10 seq=8/12 (56/120)  t0=5572   rollout=  0.3s  avg= 0.3s/seq  elapsed=  0.3m  eta=  0.3m
[run] meanflow  k=5/10 seq=9/12 (57/120)  t0=6368   rollout=  0.3s  avg= 0.3s/seq  elapsed=  0.3m  eta=  0.3m
[run] meanflow  k=5/10 seq=10/12 (58/120)  t0=7164   rollout=  0.3s  avg= 0.3s/seq  elapsed=  0.3m  eta=  0.3m
[run] meanflow  k=5/10 seq=11/12 (59/120)  t0=7960   rollout=  0.3s  avg= 0.3s/seq  elapsed=  0.3m  eta=  0.3m
[run] meanflow  k=5/10 seq=12/12 (60/120)  t0=8757   rollout=  0.3s  avg= 0.3s/seq  elapsed=  0.3m  eta=  0.3m
[run] meanflow  k=6/10 seq=1/12 (61/120)  t0=0      rollout=  0.3s  avg= 0.3s/seq  elapsed=  0.3m  eta=  0.3m
[run] meanflow  k=6/10 seq=2/12 (62/120)  t0=796    rollout=  0.3s  avg= 0.3s/seq  elapsed=  0.3m  eta=  0.3m
[run] meanflow  k=6/10 seq=3/12 (63/120)  t0=1592   rollout=  0.3s  avg= 0.3s/seq  elapsed=  0.3m  eta=  0.3m
[run] meanflow  k=6/10 seq=4/12 (64/120)  t0=2388   rollout=  0.3s  avg= 0.3s/seq  elapsed=  0.3m  eta=  0.3m
[run] meanflow  k=6/10 seq=5/12 (65/120)  t0=3184   rollout=  0.3s  avg= 0.3s/seq  elapsed=  0.3m  eta=  0.3m
[run] meanflow  k=6/10 seq=6/12 (66/120)  t0=3980   rollout=  0.3s  avg= 0.3s/seq  elapsed=  0.3m  eta=  0.3m
[run] meanflow  k=6/10 seq=7/12 (67/120)  t0=4776   rollout=  0.3s  avg= 0.3s/seq  elapsed=  0.3m  eta=  0.3m
[run] meanflow  k=6/10 seq=8/12 (68/120)  t0=5572   rollout=  0.3s  avg= 0.3s/seq  elapsed=  0.4m  eta=  0.3m
[run] meanflow  k=6/10 seq=9/12 (69/120)  t0=6368   rollout=  0.3s  avg= 0.3s/seq  elapsed=  0.4m  eta=  0.3m
[run] meanflow  k=6/10 seq=10/12 (70/120)  t0=7164   rollout=  0.3s  avg= 0.3s/seq  elapsed=  0.4m  eta=  0.3m
[run] meanflow  k=6/10 seq=11/12 (71/120)  t0=7960   rollout=  0.3s  avg= 0.3s/seq  elapsed=  0.4m  eta=  0.3m
[run] meanflow  k=6/10 seq=12/12 (72/120)  t0=8757   rollout=  0.3s  avg= 0.3s/seq  elapsed=  0.4m  eta=  0.2m
[run] meanflow  k=7/10 seq=1/12 (73/120)  t0=0      rollout=  0.3s  avg= 0.3s/seq  elapsed=  0.4m  eta=  0.2m
[run] meanflow  k=7/10 seq=2/12 (74/120)  t0=796    rollout=  0.3s  avg= 0.3s/seq  elapsed=  0.4m  eta=  0.2m
[run] meanflow  k=7/10 seq=3/12 (75/120)  t0=1592   rollout=  0.3s  avg= 0.3s/seq  elapsed=  0.4m  eta=  0.2m
[run] meanflow  k=7/10 seq=4/12 (76/120)  t0=2388   rollout=  0.3s  avg= 0.3s/seq  elapsed=  0.4m  eta=  0.2m
[run] meanflow  k=7/10 seq=5/12 (77/120)  t0=3184   rollout=  0.3s  avg= 0.3s/seq  elapsed=  0.4m  eta=  0.2m
[run] meanflow  k=7/10 seq=6/12 (78/120)  t0=3980   rollout=  0.3s  avg= 0.3s/seq  elapsed=  0.4m  eta=  0.2m
[run] meanflow  k=7/10 seq=7/12 (79/120)  t0=4776   rollout=  0.3s  avg= 0.3s/seq  elapsed=  0.4m  eta=  0.2m
[run] meanflow  k=7/10 seq=8/12 (80/120)  t0=5572   rollout=  0.3s  avg= 0.3s/seq  elapsed=  0.4m  eta=  0.2m
[run] meanflow  k=7/10 seq=9/12 (81/120)  t0=6368   rollout=  0.3s  avg= 0.3s/seq  elapsed=  0.4m  eta=  0.2m
[run] meanflow  k=7/10 seq=10/12 (82/120)  t0=7164   rollout=  0.3s  avg= 0.3s/seq  elapsed=  0.4m  eta=  0.2m
[run] meanflow  k=7/10 seq=11/12 (83/120)  t0=7960   rollout=  0.3s  avg= 0.3s/seq  elapsed=  0.4m  eta=  0.2m
[run] meanflow  k=7/10 seq=12/12 (84/120)  t0=8757   rollout=  0.3s  avg= 0.3s/seq  elapsed=  0.4m  eta=  0.2m
[run] meanflow  k=8/10 seq=1/12 (85/120)  t0=0      rollout=  0.3s  avg= 0.3s/seq  elapsed=  0.4m  eta=  0.2m
[run] meanflow  k=8/10 seq=2/12 (86/120)  t0=796    rollout=  0.3s  avg= 0.3s/seq  elapsed=  0.4m  eta=  0.2m
[run] meanflow  k=8/10 seq=3/12 (87/120)  t0=1592   rollout=  0.3s  avg= 0.3s/seq  elapsed=  0.4m  eta=  0.2m
[run] meanflow  k=8/10 seq=4/12 (88/120)  t0=2388   rollout=  0.3s  avg= 0.3s/seq  elapsed=  0.5m  eta=  0.2m
[run] meanflow  k=8/10 seq=5/12 (89/120)  t0=3184   rollout=  0.3s  avg= 0.3s/seq  elapsed=  0.5m  eta=  0.2m
[run] meanflow  k=8/10 seq=6/12 (90/120)  t0=3980   rollout=  0.3s  avg= 0.3s/seq  elapsed=  0.5m  eta=  0.2m
[run] meanflow  k=8/10 seq=7/12 (91/120)  t0=4776   rollout=  0.3s  avg= 0.3s/seq  elapsed=  0.5m  eta=  0.1m
[run] meanflow  k=8/10 seq=8/12 (92/120)  t0=5572   rollout=  0.3s  avg= 0.3s/seq  elapsed=  0.5m  eta=  0.1m
[run] meanflow  k=8/10 seq=9/12 (93/120)  t0=6368   rollout=  0.3s  avg= 0.3s/seq  elapsed=  0.5m  eta=  0.1m
[run] meanflow  k=8/10 seq=10/12 (94/120)  t0=7164   rollout=  0.3s  avg= 0.3s/seq  elapsed=  0.5m  eta=  0.1m
[run] meanflow  k=8/10 seq=11/12 (95/120)  t0=7960   rollout=  0.3s  avg= 0.3s/seq  elapsed=  0.5m  eta=  0.1m
[run] meanflow  k=8/10 seq=12/12 (96/120)  t0=8757   rollout=  0.3s  avg= 0.3s/seq  elapsed=  0.5m  eta=  0.1m
[run] meanflow  k=9/10 seq=1/12 (97/120)  t0=0      rollout=  0.3s  avg= 0.3s/seq  elapsed=  0.5m  eta=  0.1m
[run] meanflow  k=9/10 seq=2/12 (98/120)  t0=796    rollout=  0.3s  avg= 0.3s/seq  elapsed=  0.5m  eta=  0.1m
[run] meanflow  k=9/10 seq=3/12 (99/120)  t0=1592   rollout=  0.3s  avg= 0.3s/seq  elapsed=  0.5m  eta=  0.1m
[run] meanflow  k=9/10 seq=4/12 (100/120)  t0=2388   rollout=  0.3s  avg= 0.3s/seq  elapsed=  0.5m  eta=  0.1m
[run] meanflow  k=9/10 seq=5/12 (101/120)  t0=3184   rollout=  0.3s  avg= 0.3s/seq  elapsed=  0.5m  eta=  0.1m
[run] meanflow  k=9/10 seq=6/12 (102/120)  t0=3980   rollout=  0.3s  avg= 0.3s/seq  elapsed=  0.5m  eta=  0.1m
[run] meanflow  k=9/10 seq=7/12 (103/120)  t0=4776   rollout=  0.3s  avg= 0.3s/seq  elapsed=  0.5m  eta=  0.1m
[run] meanflow  k=9/10 seq=8/12 (104/120)  t0=5572   rollout=  0.3s  avg= 0.3s/seq  elapsed=  0.5m  eta=  0.1m
[run] meanflow  k=9/10 seq=9/12 (105/120)  t0=6368   rollout=  0.3s  avg= 0.3s/seq  elapsed=  0.5m  eta=  0.1m
[run] meanflow  k=9/10 seq=10/12 (106/120)  t0=7164   rollout=  0.3s  avg= 0.3s/seq  elapsed=  0.5m  eta=  0.1m
[run] meanflow  k=9/10 seq=11/12 (107/120)  t0=7960   rollout=  0.3s  avg= 0.3s/seq  elapsed=  0.5m  eta=  0.1m
[run] meanflow  k=9/10 seq=12/12 (108/120)  t0=8757   rollout=  0.3s  avg= 0.3s/seq  elapsed=  0.6m  eta=  0.1m
[run] meanflow  k=10/10 seq=1/12 (109/120)  t0=0      rollout=  0.3s  avg= 0.3s/seq  elapsed=  0.6m  eta=  0.1m
[run] meanflow  k=10/10 seq=2/12 (110/120)  t0=796    rollout=  0.3s  avg= 0.3s/seq  elapsed=  0.6m  eta=  0.1m
[run] meanflow  k=10/10 seq=3/12 (111/120)  t0=1592   rollout=  0.3s  avg= 0.3s/seq  elapsed=  0.6m  eta=  0.0m
[run] meanflow  k=10/10 seq=4/12 (112/120)  t0=2388   rollout=  0.3s  avg= 0.3s/seq  elapsed=  0.6m  eta=  0.0m
[run] meanflow  k=10/10 seq=5/12 (113/120)  t0=3184   rollout=  0.3s  avg= 0.3s/seq  elapsed=  0.6m  eta=  0.0m
[run] meanflow  k=10/10 seq=6/12 (114/120)  t0=3980   rollout=  0.3s  avg= 0.3s/seq  elapsed=  0.6m  eta=  0.0m
[run] meanflow  k=10/10 seq=7/12 (115/120)  t0=4776   rollout=  0.3s  avg= 0.3s/seq  elapsed=  0.6m  eta=  0.0m
[run] meanflow  k=10/10 seq=8/12 (116/120)  t0=5572   rollout=  0.3s  avg= 0.3s/seq  elapsed=  0.6m  eta=  0.0m
[run] meanflow  k=10/10 seq=9/12 (117/120)  t0=6368   rollout=  0.3s  avg= 0.3s/seq  elapsed=  0.6m  eta=  0.0m
[run] meanflow  k=10/10 seq=10/12 (118/120)  t0=7164   rollout=  0.3s  avg= 0.3s/seq  elapsed=  0.6m  eta=  0.0m
[run] meanflow  k=10/10 seq=11/12 (119/120)  t0=7960   rollout=  0.3s  avg= 0.3s/seq  elapsed=  0.6m  eta=  0.0m
[run] meanflow  k=10/10 seq=12/12 (120/120)  t0=8757   rollout=  0.3s  avg= 0.3s/seq  elapsed=  0.6m  eta=  0.0m
[run] meanflow ensemble finished in 0.6m
[2026-06-12 11:48:56] [nfe_sweep] NFE=  5  t/seq= 0.31s  CRPS-qpepre=0.1231  CSI-M=0.2834  RMSE-qpepre=0.5497  NFE-elapsed=0.6m
| method | Time/Seq.(s) | CRPS↓ | CSI-M↑ | CSI-P16↑ | FSS-P16-M↑ | HSS-M↑ | FAR-M↓ | RMSE_u10↓ | RMSE_v10↓ | RMSE_t2m↓ | RMSE_qpepre↓ |
|---|---|---|---|---|---|---|---|---|---|---|---|
| meanflow | 0.312 | 0.2970 | 0.2834 | 0.1270 | 0.2051 | 0.3777 | 0.2078 | 0.8257 | 0.8560 | 0.3910 | 0.5497 |

================================================================
[2026-06-12 11:48:56] NFE = 6   (6/15)
================================================================
[run] meanflow ensemble starting: K=10 x S=12 x T=1 = 120 sequence-rollouts
[run] meanflow  k=1/10 seq=1/12 (1/120)  t0=0      rollout=  0.3s  avg= 0.3s/seq  elapsed=  0.0m  eta=  0.7m
[run] meanflow  k=1/10 seq=2/12 (2/120)  t0=796    rollout=  0.3s  avg= 0.3s/seq  elapsed=  0.0m  eta=  0.7m
[run] meanflow  k=1/10 seq=3/12 (3/120)  t0=1592   rollout=  0.3s  avg= 0.3s/seq  elapsed=  0.0m  eta=  0.7m
[run] meanflow  k=1/10 seq=4/12 (4/120)  t0=2388   rollout=  0.3s  avg= 0.3s/seq  elapsed=  0.0m  eta=  0.7m
[run] meanflow  k=1/10 seq=5/12 (5/120)  t0=3184   rollout=  0.3s  avg= 0.3s/seq  elapsed=  0.0m  eta=  0.7m
[run] meanflow  k=1/10 seq=6/12 (6/120)  t0=3980   rollout=  0.3s  avg= 0.3s/seq  elapsed=  0.0m  eta=  0.7m
[run] meanflow  k=1/10 seq=7/12 (7/120)  t0=4776   rollout=  0.3s  avg= 0.3s/seq  elapsed=  0.0m  eta=  0.6m
[run] meanflow  k=1/10 seq=8/12 (8/120)  t0=5572   rollout=  0.3s  avg= 0.3s/seq  elapsed=  0.0m  eta=  0.6m
[run] meanflow  k=1/10 seq=9/12 (9/120)  t0=6368   rollout=  0.3s  avg= 0.3s/seq  elapsed=  0.1m  eta=  0.6m
[run] meanflow  k=1/10 seq=10/12 (10/120)  t0=7164   rollout=  0.3s  avg= 0.3s/seq  elapsed=  0.1m  eta=  0.6m
[run] meanflow  k=1/10 seq=11/12 (11/120)  t0=7960   rollout=  0.3s  avg= 0.3s/seq  elapsed=  0.1m  eta=  0.6m
[run] meanflow  k=1/10 seq=12/12 (12/120)  t0=8757   rollout=  0.3s  avg= 0.3s/seq  elapsed=  0.1m  eta=  0.6m
[run] meanflow  k=2/10 seq=1/12 (13/120)  t0=0      rollout=  0.3s  avg= 0.3s/seq  elapsed=  0.1m  eta=  0.6m
[run] meanflow  k=2/10 seq=2/12 (14/120)  t0=796    rollout=  0.3s  avg= 0.3s/seq  elapsed=  0.1m  eta=  0.6m
[run] meanflow  k=2/10 seq=3/12 (15/120)  t0=1592   rollout=  0.3s  avg= 0.3s/seq  elapsed=  0.1m  eta=  0.6m
[run] meanflow  k=2/10 seq=4/12 (16/120)  t0=2388   rollout=  0.3s  avg= 0.3s/seq  elapsed=  0.1m  eta=  0.6m
[run] meanflow  k=2/10 seq=5/12 (17/120)  t0=3184   rollout=  0.3s  avg= 0.3s/seq  elapsed=  0.1m  eta=  0.6m
[run] meanflow  k=2/10 seq=6/12 (18/120)  t0=3980   rollout=  0.4s  avg= 0.3s/seq  elapsed=  0.1m  eta=  0.6m
[run] meanflow  k=2/10 seq=7/12 (19/120)  t0=4776   rollout=  0.3s  avg= 0.3s/seq  elapsed=  0.1m  eta=  0.6m
[run] meanflow  k=2/10 seq=8/12 (20/120)  t0=5572   rollout=  0.3s  avg= 0.3s/seq  elapsed=  0.1m  eta=  0.6m
[run] meanflow  k=2/10 seq=9/12 (21/120)  t0=6368   rollout=  0.3s  avg= 0.3s/seq  elapsed=  0.1m  eta=  0.6m
[run] meanflow  k=2/10 seq=10/12 (22/120)  t0=7164   rollout=  0.3s  avg= 0.3s/seq  elapsed=  0.1m  eta=  0.6m
[run] meanflow  k=2/10 seq=11/12 (23/120)  t0=7960   rollout=  0.3s  avg= 0.3s/seq  elapsed=  0.1m  eta=  0.6m
[run] meanflow  k=2/10 seq=12/12 (24/120)  t0=8757   rollout=  0.3s  avg= 0.3s/seq  elapsed=  0.1m  eta=  0.6m
[run] meanflow  k=3/10 seq=1/12 (25/120)  t0=0      rollout=  0.3s  avg= 0.3s/seq  elapsed=  0.1m  eta=  0.5m
[run] meanflow  k=3/10 seq=2/12 (26/120)  t0=796    rollout=  0.3s  avg= 0.3s/seq  elapsed=  0.1m  eta=  0.5m
[run] meanflow  k=3/10 seq=3/12 (27/120)  t0=1592   rollout=  0.3s  avg= 0.3s/seq  elapsed=  0.2m  eta=  0.5m
[run] meanflow  k=3/10 seq=4/12 (28/120)  t0=2388   rollout=  0.3s  avg= 0.3s/seq  elapsed=  0.2m  eta=  0.5m
[run] meanflow  k=3/10 seq=5/12 (29/120)  t0=3184   rollout=  0.3s  avg= 0.3s/seq  elapsed=  0.2m  eta=  0.5m
[run] meanflow  k=3/10 seq=6/12 (30/120)  t0=3980   rollout=  0.3s  avg= 0.3s/seq  elapsed=  0.2m  eta=  0.5m
[run] meanflow  k=3/10 seq=7/12 (31/120)  t0=4776   rollout=  0.3s  avg= 0.3s/seq  elapsed=  0.2m  eta=  0.5m
[run] meanflow  k=3/10 seq=8/12 (32/120)  t0=5572   rollout=  0.3s  avg= 0.3s/seq  elapsed=  0.2m  eta=  0.5m
[run] meanflow  k=3/10 seq=9/12 (33/120)  t0=6368   rollout=  0.3s  avg= 0.3s/seq  elapsed=  0.2m  eta=  0.5m
[run] meanflow  k=3/10 seq=10/12 (34/120)  t0=7164   rollout=  0.3s  avg= 0.3s/seq  elapsed=  0.2m  eta=  0.5m
[run] meanflow  k=3/10 seq=11/12 (35/120)  t0=7960   rollout=  0.3s  avg= 0.3s/seq  elapsed=  0.2m  eta=  0.5m
[run] meanflow  k=3/10 seq=12/12 (36/120)  t0=8757   rollout=  0.3s  avg= 0.3s/seq  elapsed=  0.2m  eta=  0.5m
[run] meanflow  k=4/10 seq=1/12 (37/120)  t0=0      rollout=  0.3s  avg= 0.3s/seq  elapsed=  0.2m  eta=  0.5m
[run] meanflow  k=4/10 seq=2/12 (38/120)  t0=796    rollout=  0.3s  avg= 0.3s/seq  elapsed=  0.2m  eta=  0.5m
[run] meanflow  k=4/10 seq=3/12 (39/120)  t0=1592   rollout=  0.3s  avg= 0.3s/seq  elapsed=  0.2m  eta=  0.5m
[run] meanflow  k=4/10 seq=4/12 (40/120)  t0=2388   rollout=  0.3s  avg= 0.3s/seq  elapsed=  0.2m  eta=  0.5m
[run] meanflow  k=4/10 seq=5/12 (41/120)  t0=3184   rollout=  0.3s  avg= 0.3s/seq  elapsed=  0.2m  eta=  0.5m
[run] meanflow  k=4/10 seq=6/12 (42/120)  t0=3980   rollout=  0.3s  avg= 0.3s/seq  elapsed=  0.2m  eta=  0.4m
[run] meanflow  k=4/10 seq=7/12 (43/120)  t0=4776   rollout=  0.4s  avg= 0.3s/seq  elapsed=  0.2m  eta=  0.4m
[run] meanflow  k=4/10 seq=8/12 (44/120)  t0=5572   rollout=  0.4s  avg= 0.3s/seq  elapsed=  0.3m  eta=  0.4m
[run] meanflow  k=4/10 seq=9/12 (45/120)  t0=6368   rollout=  0.3s  avg= 0.3s/seq  elapsed=  0.3m  eta=  0.4m
[run] meanflow  k=4/10 seq=10/12 (46/120)  t0=7164   rollout=  0.3s  avg= 0.3s/seq  elapsed=  0.3m  eta=  0.4m
[run] meanflow  k=4/10 seq=11/12 (47/120)  t0=7960   rollout=  0.3s  avg= 0.3s/seq  elapsed=  0.3m  eta=  0.4m
[run] meanflow  k=4/10 seq=12/12 (48/120)  t0=8757   rollout=  0.3s  avg= 0.3s/seq  elapsed=  0.3m  eta=  0.4m
[run] meanflow  k=5/10 seq=1/12 (49/120)  t0=0      rollout=  0.4s  avg= 0.3s/seq  elapsed=  0.3m  eta=  0.4m
[run] meanflow  k=5/10 seq=2/12 (50/120)  t0=796    rollout=  0.4s  avg= 0.3s/seq  elapsed=  0.3m  eta=  0.4m
[run] meanflow  k=5/10 seq=3/12 (51/120)  t0=1592   rollout=  0.4s  avg= 0.3s/seq  elapsed=  0.3m  eta=  0.4m
[run] meanflow  k=5/10 seq=4/12 (52/120)  t0=2388   rollout=  0.4s  avg= 0.3s/seq  elapsed=  0.3m  eta=  0.4m
[run] meanflow  k=5/10 seq=5/12 (53/120)  t0=3184   rollout=  0.4s  avg= 0.3s/seq  elapsed=  0.3m  eta=  0.4m
[run] meanflow  k=5/10 seq=6/12 (54/120)  t0=3980   rollout=  0.4s  avg= 0.3s/seq  elapsed=  0.3m  eta=  0.4m
[run] meanflow  k=5/10 seq=7/12 (55/120)  t0=4776   rollout=  0.4s  avg= 0.3s/seq  elapsed=  0.3m  eta=  0.4m
[run] meanflow  k=5/10 seq=8/12 (56/120)  t0=5572   rollout=  0.4s  avg= 0.3s/seq  elapsed=  0.3m  eta=  0.4m
[run] meanflow  k=5/10 seq=9/12 (57/120)  t0=6368   rollout=  0.4s  avg= 0.3s/seq  elapsed=  0.3m  eta=  0.4m
[run] meanflow  k=5/10 seq=10/12 (58/120)  t0=7164   rollout=  0.4s  avg= 0.3s/seq  elapsed=  0.3m  eta=  0.4m
[run] meanflow  k=5/10 seq=11/12 (59/120)  t0=7960   rollout=  0.3s  avg= 0.3s/seq  elapsed=  0.3m  eta=  0.4m
[run] meanflow  k=5/10 seq=12/12 (60/120)  t0=8757   rollout=  0.4s  avg= 0.3s/seq  elapsed=  0.3m  eta=  0.3m
[run] meanflow  k=6/10 seq=1/12 (61/120)  t0=0      rollout=  0.4s  avg= 0.3s/seq  elapsed=  0.4m  eta=  0.3m
[run] meanflow  k=6/10 seq=2/12 (62/120)  t0=796    rollout=  0.3s  avg= 0.3s/seq  elapsed=  0.4m  eta=  0.3m
[run] meanflow  k=6/10 seq=3/12 (63/120)  t0=1592   rollout=  0.3s  avg= 0.3s/seq  elapsed=  0.4m  eta=  0.3m
[run] meanflow  k=6/10 seq=4/12 (64/120)  t0=2388   rollout=  0.3s  avg= 0.3s/seq  elapsed=  0.4m  eta=  0.3m
[run] meanflow  k=6/10 seq=5/12 (65/120)  t0=3184   rollout=  0.3s  avg= 0.3s/seq  elapsed=  0.4m  eta=  0.3m
[run] meanflow  k=6/10 seq=6/12 (66/120)  t0=3980   rollout=  0.3s  avg= 0.3s/seq  elapsed=  0.4m  eta=  0.3m
[run] meanflow  k=6/10 seq=7/12 (67/120)  t0=4776   rollout=  0.4s  avg= 0.3s/seq  elapsed=  0.4m  eta=  0.3m
[run] meanflow  k=6/10 seq=8/12 (68/120)  t0=5572   rollout=  0.3s  avg= 0.3s/seq  elapsed=  0.4m  eta=  0.3m
[run] meanflow  k=6/10 seq=9/12 (69/120)  t0=6368   rollout=  0.3s  avg= 0.3s/seq  elapsed=  0.4m  eta=  0.3m
[run] meanflow  k=6/10 seq=10/12 (70/120)  t0=7164   rollout=  0.3s  avg= 0.3s/seq  elapsed=  0.4m  eta=  0.3m
[run] meanflow  k=6/10 seq=11/12 (71/120)  t0=7960   rollout=  0.3s  avg= 0.3s/seq  elapsed=  0.4m  eta=  0.3m
[run] meanflow  k=6/10 seq=12/12 (72/120)  t0=8757   rollout=  0.3s  avg= 0.3s/seq  elapsed=  0.4m  eta=  0.3m
[run] meanflow  k=7/10 seq=1/12 (73/120)  t0=0      rollout=  0.4s  avg= 0.3s/seq  elapsed=  0.4m  eta=  0.3m
[run] meanflow  k=7/10 seq=2/12 (74/120)  t0=796    rollout=  0.3s  avg= 0.3s/seq  elapsed=  0.4m  eta=  0.3m
[run] meanflow  k=7/10 seq=3/12 (75/120)  t0=1592   rollout=  0.3s  avg= 0.3s/seq  elapsed=  0.4m  eta=  0.3m
[run] meanflow  k=7/10 seq=4/12 (76/120)  t0=2388   rollout=  0.4s  avg= 0.3s/seq  elapsed=  0.4m  eta=  0.3m
[run] meanflow  k=7/10 seq=5/12 (77/120)  t0=3184   rollout=  0.3s  avg= 0.3s/seq  elapsed=  0.4m  eta=  0.2m
[run] meanflow  k=7/10 seq=6/12 (78/120)  t0=3980   rollout=  0.3s  avg= 0.3s/seq  elapsed=  0.5m  eta=  0.2m
[run] meanflow  k=7/10 seq=7/12 (79/120)  t0=4776   rollout=  0.3s  avg= 0.3s/seq  elapsed=  0.5m  eta=  0.2m
[run] meanflow  k=7/10 seq=8/12 (80/120)  t0=5572   rollout=  0.3s  avg= 0.3s/seq  elapsed=  0.5m  eta=  0.2m
[run] meanflow  k=7/10 seq=9/12 (81/120)  t0=6368   rollout=  0.3s  avg= 0.3s/seq  elapsed=  0.5m  eta=  0.2m
[run] meanflow  k=7/10 seq=10/12 (82/120)  t0=7164   rollout=  0.3s  avg= 0.3s/seq  elapsed=  0.5m  eta=  0.2m
[run] meanflow  k=7/10 seq=11/12 (83/120)  t0=7960   rollout=  0.4s  avg= 0.3s/seq  elapsed=  0.5m  eta=  0.2m
[run] meanflow  k=7/10 seq=12/12 (84/120)  t0=8757   rollout=  0.3s  avg= 0.3s/seq  elapsed=  0.5m  eta=  0.2m
[run] meanflow  k=8/10 seq=1/12 (85/120)  t0=0      rollout=  0.4s  avg= 0.3s/seq  elapsed=  0.5m  eta=  0.2m
[run] meanflow  k=8/10 seq=2/12 (86/120)  t0=796    rollout=  0.3s  avg= 0.3s/seq  elapsed=  0.5m  eta=  0.2m
[run] meanflow  k=8/10 seq=3/12 (87/120)  t0=1592   rollout=  0.3s  avg= 0.3s/seq  elapsed=  0.5m  eta=  0.2m
[run] meanflow  k=8/10 seq=4/12 (88/120)  t0=2388   rollout=  0.3s  avg= 0.3s/seq  elapsed=  0.5m  eta=  0.2m
[run] meanflow  k=8/10 seq=5/12 (89/120)  t0=3184   rollout=  0.3s  avg= 0.3s/seq  elapsed=  0.5m  eta=  0.2m
[run] meanflow  k=8/10 seq=6/12 (90/120)  t0=3980   rollout=  0.3s  avg= 0.3s/seq  elapsed=  0.5m  eta=  0.2m
[run] meanflow  k=8/10 seq=7/12 (91/120)  t0=4776   rollout=  0.3s  avg= 0.3s/seq  elapsed=  0.5m  eta=  0.2m
[run] meanflow  k=8/10 seq=8/12 (92/120)  t0=5572   rollout=  0.3s  avg= 0.3s/seq  elapsed=  0.5m  eta=  0.2m
[run] meanflow  k=8/10 seq=9/12 (93/120)  t0=6368   rollout=  0.3s  avg= 0.3s/seq  elapsed=  0.5m  eta=  0.2m
[run] meanflow  k=8/10 seq=10/12 (94/120)  t0=7164   rollout=  0.4s  avg= 0.3s/seq  elapsed=  0.5m  eta=  0.2m
[run] meanflow  k=8/10 seq=11/12 (95/120)  t0=7960   rollout=  0.3s  avg= 0.3s/seq  elapsed=  0.6m  eta=  0.1m
[run] meanflow  k=8/10 seq=12/12 (96/120)  t0=8757   rollout=  0.3s  avg= 0.3s/seq  elapsed=  0.6m  eta=  0.1m
[run] meanflow  k=9/10 seq=1/12 (97/120)  t0=0      rollout=  0.3s  avg= 0.3s/seq  elapsed=  0.6m  eta=  0.1m
[run] meanflow  k=9/10 seq=2/12 (98/120)  t0=796    rollout=  0.3s  avg= 0.3s/seq  elapsed=  0.6m  eta=  0.1m
[run] meanflow  k=9/10 seq=3/12 (99/120)  t0=1592   rollout=  0.4s  avg= 0.3s/seq  elapsed=  0.6m  eta=  0.1m
[run] meanflow  k=9/10 seq=4/12 (100/120)  t0=2388   rollout=  0.4s  avg= 0.3s/seq  elapsed=  0.6m  eta=  0.1m
[run] meanflow  k=9/10 seq=5/12 (101/120)  t0=3184   rollout=  0.4s  avg= 0.3s/seq  elapsed=  0.6m  eta=  0.1m
[run] meanflow  k=9/10 seq=6/12 (102/120)  t0=3980   rollout=  0.4s  avg= 0.3s/seq  elapsed=  0.6m  eta=  0.1m
[run] meanflow  k=9/10 seq=7/12 (103/120)  t0=4776   rollout=  0.4s  avg= 0.3s/seq  elapsed=  0.6m  eta=  0.1m
[run] meanflow  k=9/10 seq=8/12 (104/120)  t0=5572   rollout=  0.4s  avg= 0.3s/seq  elapsed=  0.6m  eta=  0.1m
[run] meanflow  k=9/10 seq=9/12 (105/120)  t0=6368   rollout=  0.4s  avg= 0.3s/seq  elapsed=  0.6m  eta=  0.1m
[run] meanflow  k=9/10 seq=10/12 (106/120)  t0=7164   rollout=  0.4s  avg= 0.3s/seq  elapsed=  0.6m  eta=  0.1m
[run] meanflow  k=9/10 seq=11/12 (107/120)  t0=7960   rollout=  0.3s  avg= 0.3s/seq  elapsed=  0.6m  eta=  0.1m
[run] meanflow  k=9/10 seq=12/12 (108/120)  t0=8757   rollout=  0.4s  avg= 0.3s/seq  elapsed=  0.6m  eta=  0.1m
[run] meanflow  k=10/10 seq=1/12 (109/120)  t0=0      rollout=  0.3s  avg= 0.3s/seq  elapsed=  0.6m  eta=  0.1m
[run] meanflow  k=10/10 seq=2/12 (110/120)  t0=796    rollout=  0.3s  avg= 0.3s/seq  elapsed=  0.6m  eta=  0.1m
[run] meanflow  k=10/10 seq=3/12 (111/120)  t0=1592   rollout=  0.3s  avg= 0.3s/seq  elapsed=  0.6m  eta=  0.1m
[run] meanflow  k=10/10 seq=4/12 (112/120)  t0=2388   rollout=  0.3s  avg= 0.3s/seq  elapsed=  0.7m  eta=  0.0m
[run] meanflow  k=10/10 seq=5/12 (113/120)  t0=3184   rollout=  0.3s  avg= 0.3s/seq  elapsed=  0.7m  eta=  0.0m
[run] meanflow  k=10/10 seq=6/12 (114/120)  t0=3980   rollout=  0.4s  avg= 0.3s/seq  elapsed=  0.7m  eta=  0.0m
[run] meanflow  k=10/10 seq=7/12 (115/120)  t0=4776   rollout=  0.3s  avg= 0.3s/seq  elapsed=  0.7m  eta=  0.0m
[run] meanflow  k=10/10 seq=8/12 (116/120)  t0=5572   rollout=  0.3s  avg= 0.3s/seq  elapsed=  0.7m  eta=  0.0m
[run] meanflow  k=10/10 seq=9/12 (117/120)  t0=6368   rollout=  0.3s  avg= 0.3s/seq  elapsed=  0.7m  eta=  0.0m
[run] meanflow  k=10/10 seq=10/12 (118/120)  t0=7164   rollout=  0.3s  avg= 0.3s/seq  elapsed=  0.7m  eta=  0.0m
[run] meanflow  k=10/10 seq=11/12 (119/120)  t0=7960   rollout=  0.3s  avg= 0.3s/seq  elapsed=  0.7m  eta=  0.0m
[run] meanflow  k=10/10 seq=12/12 (120/120)  t0=8757   rollout=  0.3s  avg= 0.3s/seq  elapsed=  0.7m  eta=  0.0m
[run] meanflow ensemble finished in 0.7m
[2026-06-12 11:49:38] [nfe_sweep] NFE=  6  t/seq= 0.34s  CRPS-qpepre=0.1201  CSI-M=0.2802  RMSE-qpepre=0.5507  NFE-elapsed=0.7m
| method | Time/Seq.(s) | CRPS↓ | CSI-M↑ | CSI-P16↑ | FSS-P16-M↑ | HSS-M↑ | FAR-M↓ | RMSE_u10↓ | RMSE_v10↓ | RMSE_t2m↓ | RMSE_qpepre↓ |
|---|---|---|---|---|---|---|---|---|---|---|---|
| meanflow | 0.343 | 0.2905 | 0.2802 | 0.1111 | 0.1847 | 0.3732 | 0.2481 | 0.8355 | 0.8405 | 0.4002 | 0.5507 |

================================================================
[2026-06-12 11:49:38] NFE = 8   (7/15)
================================================================
[run] meanflow ensemble starting: K=10 x S=12 x T=1 = 120 sequence-rollouts
[run] meanflow  k=1/10 seq=1/12 (1/120)  t0=0      rollout=  0.5s  avg= 0.5s/seq  elapsed=  0.0m  eta=  0.9m
[run] meanflow  k=1/10 seq=2/12 (2/120)  t0=796    rollout=  0.4s  avg= 0.4s/seq  elapsed=  0.0m  eta=  0.9m
[run] meanflow  k=1/10 seq=3/12 (3/120)  t0=1592   rollout=  0.4s  avg= 0.4s/seq  elapsed=  0.0m  eta=  0.8m
[run] meanflow  k=1/10 seq=4/12 (4/120)  t0=2388   rollout=  0.4s  avg= 0.4s/seq  elapsed=  0.0m  eta=  0.8m
[run] meanflow  k=1/10 seq=5/12 (5/120)  t0=3184   rollout=  0.4s  avg= 0.4s/seq  elapsed=  0.0m  eta=  0.8m
[run] meanflow  k=1/10 seq=6/12 (6/120)  t0=3980   rollout=  0.4s  avg= 0.4s/seq  elapsed=  0.0m  eta=  0.8m
[run] meanflow  k=1/10 seq=7/12 (7/120)  t0=4776   rollout=  0.4s  avg= 0.4s/seq  elapsed=  0.0m  eta=  0.8m
[run] meanflow  k=1/10 seq=8/12 (8/120)  t0=5572   rollout=  0.4s  avg= 0.4s/seq  elapsed=  0.1m  eta=  0.8m
[run] meanflow  k=1/10 seq=9/12 (9/120)  t0=6368   rollout=  0.4s  avg= 0.4s/seq  elapsed=  0.1m  eta=  0.8m
[run] meanflow  k=1/10 seq=10/12 (10/120)  t0=7164   rollout=  0.4s  avg= 0.4s/seq  elapsed=  0.1m  eta=  0.8m
[run] meanflow  k=1/10 seq=11/12 (11/120)  t0=7960   rollout=  0.4s  avg= 0.4s/seq  elapsed=  0.1m  eta=  0.8m
[run] meanflow  k=1/10 seq=12/12 (12/120)  t0=8757   rollout=  0.4s  avg= 0.4s/seq  elapsed=  0.1m  eta=  0.8m
[run] meanflow  k=2/10 seq=1/12 (13/120)  t0=0      rollout=  0.4s  avg= 0.4s/seq  elapsed=  0.1m  eta=  0.8m
[run] meanflow  k=2/10 seq=2/12 (14/120)  t0=796    rollout=  0.4s  avg= 0.4s/seq  elapsed=  0.1m  eta=  0.7m
[run] meanflow  k=2/10 seq=3/12 (15/120)  t0=1592   rollout=  0.4s  avg= 0.4s/seq  elapsed=  0.1m  eta=  0.7m
[run] meanflow  k=2/10 seq=4/12 (16/120)  t0=2388   rollout=  0.4s  avg= 0.4s/seq  elapsed=  0.1m  eta=  0.7m
[run] meanflow  k=2/10 seq=5/12 (17/120)  t0=3184   rollout=  0.4s  avg= 0.4s/seq  elapsed=  0.1m  eta=  0.7m
[run] meanflow  k=2/10 seq=6/12 (18/120)  t0=3980   rollout=  0.4s  avg= 0.4s/seq  elapsed=  0.1m  eta=  0.7m
[run] meanflow  k=2/10 seq=7/12 (19/120)  t0=4776   rollout=  0.4s  avg= 0.4s/seq  elapsed=  0.1m  eta=  0.7m
[run] meanflow  k=2/10 seq=8/12 (20/120)  t0=5572   rollout=  0.4s  avg= 0.4s/seq  elapsed=  0.1m  eta=  0.7m
[run] meanflow  k=2/10 seq=9/12 (21/120)  t0=6368   rollout=  0.4s  avg= 0.4s/seq  elapsed=  0.1m  eta=  0.7m
[run] meanflow  k=2/10 seq=10/12 (22/120)  t0=7164   rollout=  0.4s  avg= 0.4s/seq  elapsed=  0.2m  eta=  0.7m
[run] meanflow  k=2/10 seq=11/12 (23/120)  t0=7960   rollout=  0.4s  avg= 0.4s/seq  elapsed=  0.2m  eta=  0.7m
[run] meanflow  k=2/10 seq=12/12 (24/120)  t0=8757   rollout=  0.4s  avg= 0.4s/seq  elapsed=  0.2m  eta=  0.7m
[run] meanflow  k=3/10 seq=1/12 (25/120)  t0=0      rollout=  0.4s  avg= 0.4s/seq  elapsed=  0.2m  eta=  0.7m
[run] meanflow  k=3/10 seq=2/12 (26/120)  t0=796    rollout=  0.4s  avg= 0.4s/seq  elapsed=  0.2m  eta=  0.7m
[run] meanflow  k=3/10 seq=3/12 (27/120)  t0=1592   rollout=  0.4s  avg= 0.4s/seq  elapsed=  0.2m  eta=  0.7m
[run] meanflow  k=3/10 seq=4/12 (28/120)  t0=2388   rollout=  0.4s  avg= 0.4s/seq  elapsed=  0.2m  eta=  0.6m
[run] meanflow  k=3/10 seq=5/12 (29/120)  t0=3184   rollout=  0.4s  avg= 0.4s/seq  elapsed=  0.2m  eta=  0.6m
[run] meanflow  k=3/10 seq=6/12 (30/120)  t0=3980   rollout=  0.4s  avg= 0.4s/seq  elapsed=  0.2m  eta=  0.6m
[run] meanflow  k=3/10 seq=7/12 (31/120)  t0=4776   rollout=  0.4s  avg= 0.4s/seq  elapsed=  0.2m  eta=  0.6m
[run] meanflow  k=3/10 seq=8/12 (32/120)  t0=5572   rollout=  0.4s  avg= 0.4s/seq  elapsed=  0.2m  eta=  0.6m
[run] meanflow  k=3/10 seq=9/12 (33/120)  t0=6368   rollout=  0.4s  avg= 0.4s/seq  elapsed=  0.2m  eta=  0.6m
[run] meanflow  k=3/10 seq=10/12 (34/120)  t0=7164   rollout=  0.4s  avg= 0.4s/seq  elapsed=  0.2m  eta=  0.6m
[run] meanflow  k=3/10 seq=11/12 (35/120)  t0=7960   rollout=  0.4s  avg= 0.4s/seq  elapsed=  0.2m  eta=  0.6m
[run] meanflow  k=3/10 seq=12/12 (36/120)  t0=8757   rollout=  0.4s  avg= 0.4s/seq  elapsed=  0.3m  eta=  0.6m
[run] meanflow  k=4/10 seq=1/12 (37/120)  t0=0      rollout=  0.4s  avg= 0.4s/seq  elapsed=  0.3m  eta=  0.6m
[run] meanflow  k=4/10 seq=2/12 (38/120)  t0=796    rollout=  0.4s  avg= 0.4s/seq  elapsed=  0.3m  eta=  0.6m
[run] meanflow  k=4/10 seq=3/12 (39/120)  t0=1592   rollout=  0.4s  avg= 0.4s/seq  elapsed=  0.3m  eta=  0.6m
[run] meanflow  k=4/10 seq=4/12 (40/120)  t0=2388   rollout=  0.4s  avg= 0.4s/seq  elapsed=  0.3m  eta=  0.6m
[run] meanflow  k=4/10 seq=5/12 (41/120)  t0=3184   rollout=  0.4s  avg= 0.4s/seq  elapsed=  0.3m  eta=  0.6m
[run] meanflow  k=4/10 seq=6/12 (42/120)  t0=3980   rollout=  0.4s  avg= 0.4s/seq  elapsed=  0.3m  eta=  0.5m
[run] meanflow  k=4/10 seq=7/12 (43/120)  t0=4776   rollout=  0.4s  avg= 0.4s/seq  elapsed=  0.3m  eta=  0.5m
[run] meanflow  k=4/10 seq=8/12 (44/120)  t0=5572   rollout=  0.4s  avg= 0.4s/seq  elapsed=  0.3m  eta=  0.5m
[run] meanflow  k=4/10 seq=9/12 (45/120)  t0=6368   rollout=  0.4s  avg= 0.4s/seq  elapsed=  0.3m  eta=  0.5m
[run] meanflow  k=4/10 seq=10/12 (46/120)  t0=7164   rollout=  0.4s  avg= 0.4s/seq  elapsed=  0.3m  eta=  0.5m
[run] meanflow  k=4/10 seq=11/12 (47/120)  t0=7960   rollout=  0.4s  avg= 0.4s/seq  elapsed=  0.3m  eta=  0.5m
[run] meanflow  k=4/10 seq=12/12 (48/120)  t0=8757   rollout=  0.4s  avg= 0.4s/seq  elapsed=  0.3m  eta=  0.5m
[run] meanflow  k=5/10 seq=1/12 (49/120)  t0=0      rollout=  0.4s  avg= 0.4s/seq  elapsed=  0.3m  eta=  0.5m
[run] meanflow  k=5/10 seq=2/12 (50/120)  t0=796    rollout=  0.4s  avg= 0.4s/seq  elapsed=  0.4m  eta=  0.5m
[run] meanflow  k=5/10 seq=3/12 (51/120)  t0=1592   rollout=  0.4s  avg= 0.4s/seq  elapsed=  0.4m  eta=  0.5m
[run] meanflow  k=5/10 seq=4/12 (52/120)  t0=2388   rollout=  0.4s  avg= 0.4s/seq  elapsed=  0.4m  eta=  0.5m
[run] meanflow  k=5/10 seq=5/12 (53/120)  t0=3184   rollout=  0.4s  avg= 0.4s/seq  elapsed=  0.4m  eta=  0.5m
[run] meanflow  k=5/10 seq=6/12 (54/120)  t0=3980   rollout=  0.4s  avg= 0.4s/seq  elapsed=  0.4m  eta=  0.5m
[run] meanflow  k=5/10 seq=7/12 (55/120)  t0=4776   rollout=  0.4s  avg= 0.4s/seq  elapsed=  0.4m  eta=  0.5m
[run] meanflow  k=5/10 seq=8/12 (56/120)  t0=5572   rollout=  0.4s  avg= 0.4s/seq  elapsed=  0.4m  eta=  0.4m
[run] meanflow  k=5/10 seq=9/12 (57/120)  t0=6368   rollout=  0.4s  avg= 0.4s/seq  elapsed=  0.4m  eta=  0.4m
[run] meanflow  k=5/10 seq=10/12 (58/120)  t0=7164   rollout=  0.4s  avg= 0.4s/seq  elapsed=  0.4m  eta=  0.4m
[run] meanflow  k=5/10 seq=11/12 (59/120)  t0=7960   rollout=  0.4s  avg= 0.4s/seq  elapsed=  0.4m  eta=  0.4m
[run] meanflow  k=5/10 seq=12/12 (60/120)  t0=8757   rollout=  0.4s  avg= 0.4s/seq  elapsed=  0.4m  eta=  0.4m
[run] meanflow  k=6/10 seq=1/12 (61/120)  t0=0      rollout=  0.4s  avg= 0.4s/seq  elapsed=  0.4m  eta=  0.4m
[run] meanflow  k=6/10 seq=2/12 (62/120)  t0=796    rollout=  0.4s  avg= 0.4s/seq  elapsed=  0.4m  eta=  0.4m
[run] meanflow  k=6/10 seq=3/12 (63/120)  t0=1592   rollout=  0.4s  avg= 0.4s/seq  elapsed=  0.4m  eta=  0.4m
[run] meanflow  k=6/10 seq=4/12 (64/120)  t0=2388   rollout=  0.4s  avg= 0.4s/seq  elapsed=  0.4m  eta=  0.4m
[run] meanflow  k=6/10 seq=5/12 (65/120)  t0=3184   rollout=  0.4s  avg= 0.4s/seq  elapsed=  0.5m  eta=  0.4m
[run] meanflow  k=6/10 seq=6/12 (66/120)  t0=3980   rollout=  0.4s  avg= 0.4s/seq  elapsed=  0.5m  eta=  0.4m
[run] meanflow  k=6/10 seq=7/12 (67/120)  t0=4776   rollout=  0.4s  avg= 0.4s/seq  elapsed=  0.5m  eta=  0.4m
[run] meanflow  k=6/10 seq=8/12 (68/120)  t0=5572   rollout=  0.4s  avg= 0.4s/seq  elapsed=  0.5m  eta=  0.4m
[run] meanflow  k=6/10 seq=9/12 (69/120)  t0=6368   rollout=  0.4s  avg= 0.4s/seq  elapsed=  0.5m  eta=  0.4m
[run] meanflow  k=6/10 seq=10/12 (70/120)  t0=7164   rollout=  0.4s  avg= 0.4s/seq  elapsed=  0.5m  eta=  0.4m
[run] meanflow  k=6/10 seq=11/12 (71/120)  t0=7960   rollout=  0.4s  avg= 0.4s/seq  elapsed=  0.5m  eta=  0.3m
[run] meanflow  k=6/10 seq=12/12 (72/120)  t0=8757   rollout=  0.4s  avg= 0.4s/seq  elapsed=  0.5m  eta=  0.3m
[run] meanflow  k=7/10 seq=1/12 (73/120)  t0=0      rollout=  0.4s  avg= 0.4s/seq  elapsed=  0.5m  eta=  0.3m
[run] meanflow  k=7/10 seq=2/12 (74/120)  t0=796    rollout=  0.4s  avg= 0.4s/seq  elapsed=  0.5m  eta=  0.3m
[run] meanflow  k=7/10 seq=3/12 (75/120)  t0=1592   rollout=  0.4s  avg= 0.4s/seq  elapsed=  0.5m  eta=  0.3m
[run] meanflow  k=7/10 seq=4/12 (76/120)  t0=2388   rollout=  0.4s  avg= 0.4s/seq  elapsed=  0.5m  eta=  0.3m
[run] meanflow  k=7/10 seq=5/12 (77/120)  t0=3184   rollout=  0.4s  avg= 0.4s/seq  elapsed=  0.5m  eta=  0.3m
[run] meanflow  k=7/10 seq=6/12 (78/120)  t0=3980   rollout=  0.4s  avg= 0.4s/seq  elapsed=  0.5m  eta=  0.3m
[run] meanflow  k=7/10 seq=7/12 (79/120)  t0=4776   rollout=  0.4s  avg= 0.4s/seq  elapsed=  0.6m  eta=  0.3m
[run] meanflow  k=7/10 seq=8/12 (80/120)  t0=5572   rollout=  0.4s  avg= 0.4s/seq  elapsed=  0.6m  eta=  0.3m
[run] meanflow  k=7/10 seq=9/12 (81/120)  t0=6368   rollout=  0.4s  avg= 0.4s/seq  elapsed=  0.6m  eta=  0.3m
[run] meanflow  k=7/10 seq=10/12 (82/120)  t0=7164   rollout=  0.4s  avg= 0.4s/seq  elapsed=  0.6m  eta=  0.3m
[run] meanflow  k=7/10 seq=11/12 (83/120)  t0=7960   rollout=  0.4s  avg= 0.4s/seq  elapsed=  0.6m  eta=  0.3m
[run] meanflow  k=7/10 seq=12/12 (84/120)  t0=8757   rollout=  0.4s  avg= 0.4s/seq  elapsed=  0.6m  eta=  0.3m
[run] meanflow  k=8/10 seq=1/12 (85/120)  t0=0      rollout=  0.4s  avg= 0.4s/seq  elapsed=  0.6m  eta=  0.2m
[run] meanflow  k=8/10 seq=2/12 (86/120)  t0=796    rollout=  0.4s  avg= 0.4s/seq  elapsed=  0.6m  eta=  0.2m
[run] meanflow  k=8/10 seq=3/12 (87/120)  t0=1592   rollout=  0.4s  avg= 0.4s/seq  elapsed=  0.6m  eta=  0.2m
[run] meanflow  k=8/10 seq=4/12 (88/120)  t0=2388   rollout=  0.4s  avg= 0.4s/seq  elapsed=  0.6m  eta=  0.2m
[run] meanflow  k=8/10 seq=5/12 (89/120)  t0=3184   rollout=  0.4s  avg= 0.4s/seq  elapsed=  0.6m  eta=  0.2m
[run] meanflow  k=8/10 seq=6/12 (90/120)  t0=3980   rollout=  0.4s  avg= 0.4s/seq  elapsed=  0.6m  eta=  0.2m
[run] meanflow  k=8/10 seq=7/12 (91/120)  t0=4776   rollout=  0.4s  avg= 0.4s/seq  elapsed=  0.6m  eta=  0.2m
[run] meanflow  k=8/10 seq=8/12 (92/120)  t0=5572   rollout=  0.4s  avg= 0.4s/seq  elapsed=  0.6m  eta=  0.2m
[run] meanflow  k=8/10 seq=9/12 (93/120)  t0=6368   rollout=  0.4s  avg= 0.4s/seq  elapsed=  0.7m  eta=  0.2m
[run] meanflow  k=8/10 seq=10/12 (94/120)  t0=7164   rollout=  0.4s  avg= 0.4s/seq  elapsed=  0.7m  eta=  0.2m
[run] meanflow  k=8/10 seq=11/12 (95/120)  t0=7960   rollout=  0.4s  avg= 0.4s/seq  elapsed=  0.7m  eta=  0.2m
[run] meanflow  k=8/10 seq=12/12 (96/120)  t0=8757   rollout=  0.4s  avg= 0.4s/seq  elapsed=  0.7m  eta=  0.2m
[run] meanflow  k=9/10 seq=1/12 (97/120)  t0=0      rollout=  0.4s  avg= 0.4s/seq  elapsed=  0.7m  eta=  0.2m
[run] meanflow  k=9/10 seq=2/12 (98/120)  t0=796    rollout=  0.4s  avg= 0.4s/seq  elapsed=  0.7m  eta=  0.2m
[run] meanflow  k=9/10 seq=3/12 (99/120)  t0=1592   rollout=  0.4s  avg= 0.4s/seq  elapsed=  0.7m  eta=  0.1m
[run] meanflow  k=9/10 seq=4/12 (100/120)  t0=2388   rollout=  0.4s  avg= 0.4s/seq  elapsed=  0.7m  eta=  0.1m
[run] meanflow  k=9/10 seq=5/12 (101/120)  t0=3184   rollout=  0.4s  avg= 0.4s/seq  elapsed=  0.7m  eta=  0.1m
[run] meanflow  k=9/10 seq=6/12 (102/120)  t0=3980   rollout=  0.4s  avg= 0.4s/seq  elapsed=  0.7m  eta=  0.1m
[run] meanflow  k=9/10 seq=7/12 (103/120)  t0=4776   rollout=  0.4s  avg= 0.4s/seq  elapsed=  0.7m  eta=  0.1m
[run] meanflow  k=9/10 seq=8/12 (104/120)  t0=5572   rollout=  0.4s  avg= 0.4s/seq  elapsed=  0.7m  eta=  0.1m
[run] meanflow  k=9/10 seq=9/12 (105/120)  t0=6368   rollout=  0.4s  avg= 0.4s/seq  elapsed=  0.7m  eta=  0.1m
[run] meanflow  k=9/10 seq=10/12 (106/120)  t0=7164   rollout=  0.4s  avg= 0.4s/seq  elapsed=  0.7m  eta=  0.1m
[run] meanflow  k=9/10 seq=11/12 (107/120)  t0=7960   rollout=  0.4s  avg= 0.4s/seq  elapsed=  0.8m  eta=  0.1m
[run] meanflow  k=9/10 seq=12/12 (108/120)  t0=8757   rollout=  0.4s  avg= 0.4s/seq  elapsed=  0.8m  eta=  0.1m
[run] meanflow  k=10/10 seq=1/12 (109/120)  t0=0      rollout=  0.4s  avg= 0.4s/seq  elapsed=  0.8m  eta=  0.1m
[run] meanflow  k=10/10 seq=2/12 (110/120)  t0=796    rollout=  0.4s  avg= 0.4s/seq  elapsed=  0.8m  eta=  0.1m
[run] meanflow  k=10/10 seq=3/12 (111/120)  t0=1592   rollout=  0.4s  avg= 0.4s/seq  elapsed=  0.8m  eta=  0.1m
[run] meanflow  k=10/10 seq=4/12 (112/120)  t0=2388   rollout=  0.4s  avg= 0.4s/seq  elapsed=  0.8m  eta=  0.1m
[run] meanflow  k=10/10 seq=5/12 (113/120)  t0=3184   rollout=  0.5s  avg= 0.4s/seq  elapsed=  0.8m  eta=  0.0m
[run] meanflow  k=10/10 seq=6/12 (114/120)  t0=3980   rollout=  0.4s  avg= 0.4s/seq  elapsed=  0.8m  eta=  0.0m
[run] meanflow  k=10/10 seq=7/12 (115/120)  t0=4776   rollout=  0.4s  avg= 0.4s/seq  elapsed=  0.8m  eta=  0.0m
[run] meanflow  k=10/10 seq=8/12 (116/120)  t0=5572   rollout=  0.4s  avg= 0.4s/seq  elapsed=  0.8m  eta=  0.0m
[run] meanflow  k=10/10 seq=9/12 (117/120)  t0=6368   rollout=  0.4s  avg= 0.4s/seq  elapsed=  0.8m  eta=  0.0m
[run] meanflow  k=10/10 seq=10/12 (118/120)  t0=7164   rollout=  0.4s  avg= 0.4s/seq  elapsed=  0.8m  eta=  0.0m
[run] meanflow  k=10/10 seq=11/12 (119/120)  t0=7960   rollout=  0.4s  avg= 0.4s/seq  elapsed=  0.8m  eta=  0.0m
[run] meanflow  k=10/10 seq=12/12 (120/120)  t0=8757   rollout=  0.5s  avg= 0.4s/seq  elapsed=  0.8m  eta=  0.0m
[run] meanflow ensemble finished in 0.8m
[2026-06-12 11:50:29] [nfe_sweep] NFE=  8  t/seq= 0.42s  CRPS-qpepre=0.1203  CSI-M=0.2759  RMSE-qpepre=0.5507  NFE-elapsed=0.8m
| method | Time/Seq.(s) | CRPS↓ | CSI-M↑ | CSI-P16↑ | FSS-P16-M↑ | HSS-M↑ | FAR-M↓ | RMSE_u10↓ | RMSE_v10↓ | RMSE_t2m↓ | RMSE_qpepre↓ |
|---|---|---|---|---|---|---|---|---|---|---|---|
| meanflow | 0.423 | 0.2880 | 0.2759 | 0.0952 | 0.1550 | 0.3666 | 0.2315 | 0.8281 | 0.8425 | 0.3876 | 0.5507 |

================================================================
[2026-06-12 11:50:29] NFE = 10   (8/15)
================================================================
[run] meanflow ensemble starting: K=10 x S=12 x T=1 = 120 sequence-rollouts
[run] meanflow  k=1/10 seq=1/12 (1/120)  t0=0      rollout=  0.5s  avg= 0.5s/seq  elapsed=  0.0m  eta=  1.1m
[run] meanflow  k=1/10 seq=2/12 (2/120)  t0=796    rollout=  0.5s  avg= 0.5s/seq  elapsed=  0.0m  eta=  1.0m
[run] meanflow  k=1/10 seq=3/12 (3/120)  t0=1592   rollout=  0.5s  avg= 0.5s/seq  elapsed=  0.0m  eta=  1.0m
[run] meanflow  k=1/10 seq=4/12 (4/120)  t0=2388   rollout=  0.5s  avg= 0.5s/seq  elapsed=  0.0m  eta=  1.0m
[run] meanflow  k=1/10 seq=5/12 (5/120)  t0=3184   rollout=  0.5s  avg= 0.5s/seq  elapsed=  0.0m  eta=  1.0m
[run] meanflow  k=1/10 seq=6/12 (6/120)  t0=3980   rollout=  0.5s  avg= 0.5s/seq  elapsed=  0.1m  eta=  1.0m
[run] meanflow  k=1/10 seq=7/12 (7/120)  t0=4776   rollout=  0.5s  avg= 0.5s/seq  elapsed=  0.1m  eta=  1.0m
[run] meanflow  k=1/10 seq=8/12 (8/120)  t0=5572   rollout=  0.5s  avg= 0.5s/seq  elapsed=  0.1m  eta=  1.0m
[run] meanflow  k=1/10 seq=9/12 (9/120)  t0=6368   rollout=  0.5s  avg= 0.5s/seq  elapsed=  0.1m  eta=  0.9m
[run] meanflow  k=1/10 seq=10/12 (10/120)  t0=7164   rollout=  0.5s  avg= 0.5s/seq  elapsed=  0.1m  eta=  0.9m
[run] meanflow  k=1/10 seq=11/12 (11/120)  t0=7960   rollout=  0.5s  avg= 0.5s/seq  elapsed=  0.1m  eta=  0.9m
[run] meanflow  k=1/10 seq=12/12 (12/120)  t0=8757   rollout=  0.5s  avg= 0.5s/seq  elapsed=  0.1m  eta=  0.9m
[run] meanflow  k=2/10 seq=1/12 (13/120)  t0=0      rollout=  0.5s  avg= 0.5s/seq  elapsed=  0.1m  eta=  0.9m
[run] meanflow  k=2/10 seq=2/12 (14/120)  t0=796    rollout=  0.5s  avg= 0.5s/seq  elapsed=  0.1m  eta=  0.9m
[run] meanflow  k=2/10 seq=3/12 (15/120)  t0=1592   rollout=  0.5s  avg= 0.5s/seq  elapsed=  0.1m  eta=  0.9m
[run] meanflow  k=2/10 seq=4/12 (16/120)  t0=2388   rollout=  0.5s  avg= 0.5s/seq  elapsed=  0.1m  eta=  0.9m
[run] meanflow  k=2/10 seq=5/12 (17/120)  t0=3184   rollout=  0.5s  avg= 0.5s/seq  elapsed=  0.1m  eta=  0.9m
[run] meanflow  k=2/10 seq=6/12 (18/120)  t0=3980   rollout=  0.5s  avg= 0.5s/seq  elapsed=  0.2m  eta=  0.9m
[run] meanflow  k=2/10 seq=7/12 (19/120)  t0=4776   rollout=  0.5s  avg= 0.5s/seq  elapsed=  0.2m  eta=  0.8m
[run] meanflow  k=2/10 seq=8/12 (20/120)  t0=5572   rollout=  0.5s  avg= 0.5s/seq  elapsed=  0.2m  eta=  0.8m
[run] meanflow  k=2/10 seq=9/12 (21/120)  t0=6368   rollout=  0.5s  avg= 0.5s/seq  elapsed=  0.2m  eta=  0.8m
[run] meanflow  k=2/10 seq=10/12 (22/120)  t0=7164   rollout=  0.5s  avg= 0.5s/seq  elapsed=  0.2m  eta=  0.8m
[run] meanflow  k=2/10 seq=11/12 (23/120)  t0=7960   rollout=  0.5s  avg= 0.5s/seq  elapsed=  0.2m  eta=  0.8m
[run] meanflow  k=2/10 seq=12/12 (24/120)  t0=8757   rollout=  0.5s  avg= 0.5s/seq  elapsed=  0.2m  eta=  0.8m
[run] meanflow  k=3/10 seq=1/12 (25/120)  t0=0      rollout=  0.5s  avg= 0.5s/seq  elapsed=  0.2m  eta=  0.8m
[run] meanflow  k=3/10 seq=2/12 (26/120)  t0=796    rollout=  0.5s  avg= 0.5s/seq  elapsed=  0.2m  eta=  0.8m
[run] meanflow  k=3/10 seq=3/12 (27/120)  t0=1592   rollout=  0.5s  avg= 0.5s/seq  elapsed=  0.2m  eta=  0.8m
[run] meanflow  k=3/10 seq=4/12 (28/120)  t0=2388   rollout=  0.5s  avg= 0.5s/seq  elapsed=  0.2m  eta=  0.8m
[run] meanflow  k=3/10 seq=5/12 (29/120)  t0=3184   rollout=  0.5s  avg= 0.5s/seq  elapsed=  0.2m  eta=  0.8m
[run] meanflow  k=3/10 seq=6/12 (30/120)  t0=3980   rollout=  0.5s  avg= 0.5s/seq  elapsed=  0.3m  eta=  0.8m
[run] meanflow  k=3/10 seq=7/12 (31/120)  t0=4776   rollout=  0.5s  avg= 0.5s/seq  elapsed=  0.3m  eta=  0.7m
[run] meanflow  k=3/10 seq=8/12 (32/120)  t0=5572   rollout=  0.5s  avg= 0.5s/seq  elapsed=  0.3m  eta=  0.7m
[run] meanflow  k=3/10 seq=9/12 (33/120)  t0=6368   rollout=  0.5s  avg= 0.5s/seq  elapsed=  0.3m  eta=  0.7m
[run] meanflow  k=3/10 seq=10/12 (34/120)  t0=7164   rollout=  0.5s  avg= 0.5s/seq  elapsed=  0.3m  eta=  0.7m
[run] meanflow  k=3/10 seq=11/12 (35/120)  t0=7960   rollout=  0.5s  avg= 0.5s/seq  elapsed=  0.3m  eta=  0.7m
[run] meanflow  k=3/10 seq=12/12 (36/120)  t0=8757   rollout=  0.5s  avg= 0.5s/seq  elapsed=  0.3m  eta=  0.7m
[run] meanflow  k=4/10 seq=1/12 (37/120)  t0=0      rollout=  0.5s  avg= 0.5s/seq  elapsed=  0.3m  eta=  0.7m
[run] meanflow  k=4/10 seq=2/12 (38/120)  t0=796    rollout=  0.5s  avg= 0.5s/seq  elapsed=  0.3m  eta=  0.7m
[run] meanflow  k=4/10 seq=3/12 (39/120)  t0=1592   rollout=  0.5s  avg= 0.5s/seq  elapsed=  0.3m  eta=  0.7m
[run] meanflow  k=4/10 seq=4/12 (40/120)  t0=2388   rollout=  0.5s  avg= 0.5s/seq  elapsed=  0.3m  eta=  0.7m
[run] meanflow  k=4/10 seq=5/12 (41/120)  t0=3184   rollout=  0.5s  avg= 0.5s/seq  elapsed=  0.3m  eta=  0.7m
[run] meanflow  k=4/10 seq=6/12 (42/120)  t0=3980   rollout=  0.5s  avg= 0.5s/seq  elapsed=  0.4m  eta=  0.7m
[run] meanflow  k=4/10 seq=7/12 (43/120)  t0=4776   rollout=  0.5s  avg= 0.5s/seq  elapsed=  0.4m  eta=  0.6m
[run] meanflow  k=4/10 seq=8/12 (44/120)  t0=5572   rollout=  0.5s  avg= 0.5s/seq  elapsed=  0.4m  eta=  0.6m
[run] meanflow  k=4/10 seq=9/12 (45/120)  t0=6368   rollout=  0.5s  avg= 0.5s/seq  elapsed=  0.4m  eta=  0.6m
[run] meanflow  k=4/10 seq=10/12 (46/120)  t0=7164   rollout=  0.5s  avg= 0.5s/seq  elapsed=  0.4m  eta=  0.6m
[run] meanflow  k=4/10 seq=11/12 (47/120)  t0=7960   rollout=  0.5s  avg= 0.5s/seq  elapsed=  0.4m  eta=  0.6m
[run] meanflow  k=4/10 seq=12/12 (48/120)  t0=8757   rollout=  0.5s  avg= 0.5s/seq  elapsed=  0.4m  eta=  0.6m
[run] meanflow  k=5/10 seq=1/12 (49/120)  t0=0      rollout=  0.5s  avg= 0.5s/seq  elapsed=  0.4m  eta=  0.6m
[run] meanflow  k=5/10 seq=2/12 (50/120)  t0=796    rollout=  0.5s  avg= 0.5s/seq  elapsed=  0.4m  eta=  0.6m
[run] meanflow  k=5/10 seq=3/12 (51/120)  t0=1592   rollout=  0.5s  avg= 0.5s/seq  elapsed=  0.4m  eta=  0.6m
[run] meanflow  k=5/10 seq=4/12 (52/120)  t0=2388   rollout=  0.5s  avg= 0.5s/seq  elapsed=  0.4m  eta=  0.6m
[run] meanflow  k=5/10 seq=5/12 (53/120)  t0=3184   rollout=  0.5s  avg= 0.5s/seq  elapsed=  0.4m  eta=  0.6m
[run] meanflow  k=5/10 seq=6/12 (54/120)  t0=3980   rollout=  0.5s  avg= 0.5s/seq  elapsed=  0.5m  eta=  0.6m
[run] meanflow  k=5/10 seq=7/12 (55/120)  t0=4776   rollout=  0.5s  avg= 0.5s/seq  elapsed=  0.5m  eta=  0.5m
[run] meanflow  k=5/10 seq=8/12 (56/120)  t0=5572   rollout=  0.5s  avg= 0.5s/seq  elapsed=  0.5m  eta=  0.5m
[run] meanflow  k=5/10 seq=9/12 (57/120)  t0=6368   rollout=  0.5s  avg= 0.5s/seq  elapsed=  0.5m  eta=  0.5m
[run] meanflow  k=5/10 seq=10/12 (58/120)  t0=7164   rollout=  0.5s  avg= 0.5s/seq  elapsed=  0.5m  eta=  0.5m
[run] meanflow  k=5/10 seq=11/12 (59/120)  t0=7960   rollout=  0.5s  avg= 0.5s/seq  elapsed=  0.5m  eta=  0.5m
[run] meanflow  k=5/10 seq=12/12 (60/120)  t0=8757   rollout=  0.5s  avg= 0.5s/seq  elapsed=  0.5m  eta=  0.5m
[run] meanflow  k=6/10 seq=1/12 (61/120)  t0=0      rollout=  0.5s  avg= 0.5s/seq  elapsed=  0.5m  eta=  0.5m
[run] meanflow  k=6/10 seq=2/12 (62/120)  t0=796    rollout=  0.5s  avg= 0.5s/seq  elapsed=  0.5m  eta=  0.5m
[run] meanflow  k=6/10 seq=3/12 (63/120)  t0=1592   rollout=  0.5s  avg= 0.5s/seq  elapsed=  0.5m  eta=  0.5m
[run] meanflow  k=6/10 seq=4/12 (64/120)  t0=2388   rollout=  0.5s  avg= 0.5s/seq  elapsed=  0.5m  eta=  0.5m
[run] meanflow  k=6/10 seq=5/12 (65/120)  t0=3184   rollout=  0.5s  avg= 0.5s/seq  elapsed=  0.5m  eta=  0.5m
[run] meanflow  k=6/10 seq=6/12 (66/120)  t0=3980   rollout=  0.5s  avg= 0.5s/seq  elapsed=  0.5m  eta=  0.4m
[run] meanflow  k=6/10 seq=7/12 (67/120)  t0=4776   rollout=  0.5s  avg= 0.5s/seq  elapsed=  0.6m  eta=  0.4m
[run] meanflow  k=6/10 seq=8/12 (68/120)  t0=5572   rollout=  0.5s  avg= 0.5s/seq  elapsed=  0.6m  eta=  0.4m
[run] meanflow  k=6/10 seq=9/12 (69/120)  t0=6368   rollout=  0.5s  avg= 0.5s/seq  elapsed=  0.6m  eta=  0.4m
[run] meanflow  k=6/10 seq=10/12 (70/120)  t0=7164   rollout=  0.5s  avg= 0.5s/seq  elapsed=  0.6m  eta=  0.4m
[run] meanflow  k=6/10 seq=11/12 (71/120)  t0=7960   rollout=  0.5s  avg= 0.5s/seq  elapsed=  0.6m  eta=  0.4m
[run] meanflow  k=6/10 seq=12/12 (72/120)  t0=8757   rollout=  0.5s  avg= 0.5s/seq  elapsed=  0.6m  eta=  0.4m
[run] meanflow  k=7/10 seq=1/12 (73/120)  t0=0      rollout=  0.5s  avg= 0.5s/seq  elapsed=  0.6m  eta=  0.4m
[run] meanflow  k=7/10 seq=2/12 (74/120)  t0=796    rollout=  0.5s  avg= 0.5s/seq  elapsed=  0.6m  eta=  0.4m
[run] meanflow  k=7/10 seq=3/12 (75/120)  t0=1592   rollout=  0.5s  avg= 0.5s/seq  elapsed=  0.6m  eta=  0.4m
[run] meanflow  k=7/10 seq=4/12 (76/120)  t0=2388   rollout=  0.5s  avg= 0.5s/seq  elapsed=  0.6m  eta=  0.4m
[run] meanflow  k=7/10 seq=5/12 (77/120)  t0=3184   rollout=  0.5s  avg= 0.5s/seq  elapsed=  0.6m  eta=  0.4m
[run] meanflow  k=7/10 seq=6/12 (78/120)  t0=3980   rollout=  0.5s  avg= 0.5s/seq  elapsed=  0.6m  eta=  0.3m
[run] meanflow  k=7/10 seq=7/12 (79/120)  t0=4776   rollout=  0.5s  avg= 0.5s/seq  elapsed=  0.7m  eta=  0.3m
[run] meanflow  k=7/10 seq=8/12 (80/120)  t0=5572   rollout=  0.5s  avg= 0.5s/seq  elapsed=  0.7m  eta=  0.3m
[run] meanflow  k=7/10 seq=9/12 (81/120)  t0=6368   rollout=  0.5s  avg= 0.5s/seq  elapsed=  0.7m  eta=  0.3m
[run] meanflow  k=7/10 seq=10/12 (82/120)  t0=7164   rollout=  0.5s  avg= 0.5s/seq  elapsed=  0.7m  eta=  0.3m
[run] meanflow  k=7/10 seq=11/12 (83/120)  t0=7960   rollout=  0.5s  avg= 0.5s/seq  elapsed=  0.7m  eta=  0.3m
[run] meanflow  k=7/10 seq=12/12 (84/120)  t0=8757   rollout=  0.5s  avg= 0.5s/seq  elapsed=  0.7m  eta=  0.3m
[run] meanflow  k=8/10 seq=1/12 (85/120)  t0=0      rollout=  0.5s  avg= 0.5s/seq  elapsed=  0.7m  eta=  0.3m
[run] meanflow  k=8/10 seq=2/12 (86/120)  t0=796    rollout=  0.5s  avg= 0.5s/seq  elapsed=  0.7m  eta=  0.3m
[run] meanflow  k=8/10 seq=3/12 (87/120)  t0=1592   rollout=  0.5s  avg= 0.5s/seq  elapsed=  0.7m  eta=  0.3m
[run] meanflow  k=8/10 seq=4/12 (88/120)  t0=2388   rollout=  0.5s  avg= 0.5s/seq  elapsed=  0.7m  eta=  0.3m
[run] meanflow  k=8/10 seq=5/12 (89/120)  t0=3184   rollout=  0.5s  avg= 0.5s/seq  elapsed=  0.7m  eta=  0.3m
[run] meanflow  k=8/10 seq=6/12 (90/120)  t0=3980   rollout=  0.5s  avg= 0.5s/seq  elapsed=  0.8m  eta=  0.3m
[run] meanflow  k=8/10 seq=7/12 (91/120)  t0=4776   rollout=  0.5s  avg= 0.5s/seq  elapsed=  0.8m  eta=  0.2m
[run] meanflow  k=8/10 seq=8/12 (92/120)  t0=5572   rollout=  0.5s  avg= 0.5s/seq  elapsed=  0.8m  eta=  0.2m
[run] meanflow  k=8/10 seq=9/12 (93/120)  t0=6368   rollout=  0.5s  avg= 0.5s/seq  elapsed=  0.8m  eta=  0.2m
[run] meanflow  k=8/10 seq=10/12 (94/120)  t0=7164   rollout=  0.5s  avg= 0.5s/seq  elapsed=  0.8m  eta=  0.2m
[run] meanflow  k=8/10 seq=11/12 (95/120)  t0=7960   rollout=  0.5s  avg= 0.5s/seq  elapsed=  0.8m  eta=  0.2m
[run] meanflow  k=8/10 seq=12/12 (96/120)  t0=8757   rollout=  0.5s  avg= 0.5s/seq  elapsed=  0.8m  eta=  0.2m
[run] meanflow  k=9/10 seq=1/12 (97/120)  t0=0      rollout=  0.5s  avg= 0.5s/seq  elapsed=  0.8m  eta=  0.2m
[run] meanflow  k=9/10 seq=2/12 (98/120)  t0=796    rollout=  0.5s  avg= 0.5s/seq  elapsed=  0.8m  eta=  0.2m
[run] meanflow  k=9/10 seq=3/12 (99/120)  t0=1592   rollout=  0.5s  avg= 0.5s/seq  elapsed=  0.8m  eta=  0.2m
[run] meanflow  k=9/10 seq=4/12 (100/120)  t0=2388   rollout=  0.5s  avg= 0.5s/seq  elapsed=  0.8m  eta=  0.2m
[run] meanflow  k=9/10 seq=5/12 (101/120)  t0=3184   rollout=  0.5s  avg= 0.5s/seq  elapsed=  0.8m  eta=  0.2m
[run] meanflow  k=9/10 seq=6/12 (102/120)  t0=3980   rollout=  0.5s  avg= 0.5s/seq  elapsed=  0.9m  eta=  0.2m
[run] meanflow  k=9/10 seq=7/12 (103/120)  t0=4776   rollout=  0.5s  avg= 0.5s/seq  elapsed=  0.9m  eta=  0.1m
[run] meanflow  k=9/10 seq=8/12 (104/120)  t0=5572   rollout=  0.5s  avg= 0.5s/seq  elapsed=  0.9m  eta=  0.1m
[run] meanflow  k=9/10 seq=9/12 (105/120)  t0=6368   rollout=  0.5s  avg= 0.5s/seq  elapsed=  0.9m  eta=  0.1m
[run] meanflow  k=9/10 seq=10/12 (106/120)  t0=7164   rollout=  0.5s  avg= 0.5s/seq  elapsed=  0.9m  eta=  0.1m
[run] meanflow  k=9/10 seq=11/12 (107/120)  t0=7960   rollout=  0.5s  avg= 0.5s/seq  elapsed=  0.9m  eta=  0.1m
[run] meanflow  k=9/10 seq=12/12 (108/120)  t0=8757   rollout=  0.5s  avg= 0.5s/seq  elapsed=  0.9m  eta=  0.1m
[run] meanflow  k=10/10 seq=1/12 (109/120)  t0=0      rollout=  0.5s  avg= 0.5s/seq  elapsed=  0.9m  eta=  0.1m
[run] meanflow  k=10/10 seq=2/12 (110/120)  t0=796    rollout=  0.5s  avg= 0.5s/seq  elapsed=  0.9m  eta=  0.1m
[run] meanflow  k=10/10 seq=3/12 (111/120)  t0=1592   rollout=  0.5s  avg= 0.5s/seq  elapsed=  0.9m  eta=  0.1m
[run] meanflow  k=10/10 seq=4/12 (112/120)  t0=2388   rollout=  0.5s  avg= 0.5s/seq  elapsed=  0.9m  eta=  0.1m
[run] meanflow  k=10/10 seq=5/12 (113/120)  t0=3184   rollout=  0.5s  avg= 0.5s/seq  elapsed=  0.9m  eta=  0.1m
[run] meanflow  k=10/10 seq=6/12 (114/120)  t0=3980   rollout=  0.5s  avg= 0.5s/seq  elapsed=  1.0m  eta=  0.1m
[run] meanflow  k=10/10 seq=7/12 (115/120)  t0=4776   rollout=  0.5s  avg= 0.5s/seq  elapsed=  1.0m  eta=  0.0m
[run] meanflow  k=10/10 seq=8/12 (116/120)  t0=5572   rollout=  0.5s  avg= 0.5s/seq  elapsed=  1.0m  eta=  0.0m
[run] meanflow  k=10/10 seq=9/12 (117/120)  t0=6368   rollout=  0.5s  avg= 0.5s/seq  elapsed=  1.0m  eta=  0.0m
[run] meanflow  k=10/10 seq=10/12 (118/120)  t0=7164   rollout=  0.5s  avg= 0.5s/seq  elapsed=  1.0m  eta=  0.0m
[run] meanflow  k=10/10 seq=11/12 (119/120)  t0=7960   rollout=  0.5s  avg= 0.5s/seq  elapsed=  1.0m  eta=  0.0m
[run] meanflow  k=10/10 seq=12/12 (120/120)  t0=8757   rollout=  0.5s  avg= 0.5s/seq  elapsed=  1.0m  eta=  0.0m
[run] meanflow ensemble finished in 1.0m
[2026-06-12 11:51:29] [nfe_sweep] NFE= 10  t/seq= 0.51s  CRPS-qpepre=0.1195  CSI-M=0.2929  RMSE-qpepre=0.5506  NFE-elapsed=1.0m
| method | Time/Seq.(s) | CRPS↓ | CSI-M↑ | CSI-P16↑ | FSS-P16-M↑ | HSS-M↑ | FAR-M↓ | RMSE_u10↓ | RMSE_v10↓ | RMSE_t2m↓ | RMSE_qpepre↓ |
|---|---|---|---|---|---|---|---|---|---|---|---|
| meanflow | 0.507 | 0.2875 | 0.2929 | 0.1746 | 0.2806 | 0.3930 | 0.2488 | 0.8282 | 0.8434 | 0.3900 | 0.5506 |

================================================================
[2026-06-12 11:51:29] NFE = 12   (9/15)
================================================================
[run] meanflow ensemble starting: K=10 x S=12 x T=1 = 120 sequence-rollouts
[run] meanflow  k=1/10 seq=1/12 (1/120)  t0=0      rollout=  0.6s  avg= 0.6s/seq  elapsed=  0.0m  eta=  1.2m
[run] meanflow  k=1/10 seq=2/12 (2/120)  t0=796    rollout=  0.6s  avg= 0.6s/seq  elapsed=  0.0m  eta=  1.2m
[run] meanflow  k=1/10 seq=3/12 (3/120)  t0=1592   rollout=  0.6s  avg= 0.6s/seq  elapsed=  0.0m  eta=  1.2m
[run] meanflow  k=1/10 seq=4/12 (4/120)  t0=2388   rollout=  0.6s  avg= 0.6s/seq  elapsed=  0.0m  eta=  1.2m
[run] meanflow  k=1/10 seq=5/12 (5/120)  t0=3184   rollout=  0.6s  avg= 0.6s/seq  elapsed=  0.1m  eta=  1.2m
[run] meanflow  k=1/10 seq=6/12 (6/120)  t0=3980   rollout=  0.6s  avg= 0.6s/seq  elapsed=  0.1m  eta=  1.1m
[run] meanflow  k=1/10 seq=7/12 (7/120)  t0=4776   rollout=  0.6s  avg= 0.6s/seq  elapsed=  0.1m  eta=  1.1m
[run] meanflow  k=1/10 seq=8/12 (8/120)  t0=5572   rollout=  0.6s  avg= 0.6s/seq  elapsed=  0.1m  eta=  1.1m
[run] meanflow  k=1/10 seq=9/12 (9/120)  t0=6368   rollout=  0.6s  avg= 0.6s/seq  elapsed=  0.1m  eta=  1.1m
[run] meanflow  k=1/10 seq=10/12 (10/120)  t0=7164   rollout=  0.6s  avg= 0.6s/seq  elapsed=  0.1m  eta=  1.1m
[run] meanflow  k=1/10 seq=11/12 (11/120)  t0=7960   rollout=  0.6s  avg= 0.6s/seq  elapsed=  0.1m  eta=  1.1m
[run] meanflow  k=1/10 seq=12/12 (12/120)  t0=8757   rollout=  0.6s  avg= 0.6s/seq  elapsed=  0.1m  eta=  1.1m
[run] meanflow  k=2/10 seq=1/12 (13/120)  t0=0      rollout=  0.6s  avg= 0.6s/seq  elapsed=  0.1m  eta=  1.1m
[run] meanflow  k=2/10 seq=2/12 (14/120)  t0=796    rollout=  0.6s  avg= 0.6s/seq  elapsed=  0.1m  eta=  1.1m
[run] meanflow  k=2/10 seq=3/12 (15/120)  t0=1592   rollout=  0.6s  avg= 0.6s/seq  elapsed=  0.1m  eta=  1.0m
[run] meanflow  k=2/10 seq=4/12 (16/120)  t0=2388   rollout=  0.6s  avg= 0.6s/seq  elapsed=  0.2m  eta=  1.0m
[run] meanflow  k=2/10 seq=5/12 (17/120)  t0=3184   rollout=  0.6s  avg= 0.6s/seq  elapsed=  0.2m  eta=  1.0m
[run] meanflow  k=2/10 seq=6/12 (18/120)  t0=3980   rollout=  0.6s  avg= 0.6s/seq  elapsed=  0.2m  eta=  1.0m
[run] meanflow  k=2/10 seq=7/12 (19/120)  t0=4776   rollout=  0.6s  avg= 0.6s/seq  elapsed=  0.2m  eta=  1.0m
[run] meanflow  k=2/10 seq=8/12 (20/120)  t0=5572   rollout=  0.6s  avg= 0.6s/seq  elapsed=  0.2m  eta=  1.0m
[run] meanflow  k=2/10 seq=9/12 (21/120)  t0=6368   rollout=  0.6s  avg= 0.6s/seq  elapsed=  0.2m  eta=  1.0m
[run] meanflow  k=2/10 seq=10/12 (22/120)  t0=7164   rollout=  0.6s  avg= 0.6s/seq  elapsed=  0.2m  eta=  1.0m
[run] meanflow  k=2/10 seq=11/12 (23/120)  t0=7960   rollout=  0.6s  avg= 0.6s/seq  elapsed=  0.2m  eta=  1.0m
[run] meanflow  k=2/10 seq=12/12 (24/120)  t0=8757   rollout=  0.6s  avg= 0.6s/seq  elapsed=  0.2m  eta=  1.0m
[run] meanflow  k=3/10 seq=1/12 (25/120)  t0=0      rollout=  0.6s  avg= 0.6s/seq  elapsed=  0.2m  eta=  0.9m
[run] meanflow  k=3/10 seq=2/12 (26/120)  t0=796    rollout=  0.6s  avg= 0.6s/seq  elapsed=  0.3m  eta=  0.9m
[run] meanflow  k=3/10 seq=3/12 (27/120)  t0=1592   rollout=  0.6s  avg= 0.6s/seq  elapsed=  0.3m  eta=  0.9m
[run] meanflow  k=3/10 seq=4/12 (28/120)  t0=2388   rollout=  0.6s  avg= 0.6s/seq  elapsed=  0.3m  eta=  0.9m
[run] meanflow  k=3/10 seq=5/12 (29/120)  t0=3184   rollout=  0.6s  avg= 0.6s/seq  elapsed=  0.3m  eta=  0.9m
[run] meanflow  k=3/10 seq=6/12 (30/120)  t0=3980   rollout=  0.6s  avg= 0.6s/seq  elapsed=  0.3m  eta=  0.9m
[run] meanflow  k=3/10 seq=7/12 (31/120)  t0=4776   rollout=  0.6s  avg= 0.6s/seq  elapsed=  0.3m  eta=  0.9m
[run] meanflow  k=3/10 seq=8/12 (32/120)  t0=5572   rollout=  0.6s  avg= 0.6s/seq  elapsed=  0.3m  eta=  0.9m
[run] meanflow  k=3/10 seq=9/12 (33/120)  t0=6368   rollout=  0.6s  avg= 0.6s/seq  elapsed=  0.3m  eta=  0.9m
[run] meanflow  k=3/10 seq=10/12 (34/120)  t0=7164   rollout=  0.6s  avg= 0.6s/seq  elapsed=  0.3m  eta=  0.9m
[run] meanflow  k=3/10 seq=11/12 (35/120)  t0=7960   rollout=  0.6s  avg= 0.6s/seq  elapsed=  0.3m  eta=  0.8m
[run] meanflow  k=3/10 seq=12/12 (36/120)  t0=8757   rollout=  0.6s  avg= 0.6s/seq  elapsed=  0.4m  eta=  0.8m
[run] meanflow  k=4/10 seq=1/12 (37/120)  t0=0      rollout=  0.6s  avg= 0.6s/seq  elapsed=  0.4m  eta=  0.8m
[run] meanflow  k=4/10 seq=2/12 (38/120)  t0=796    rollout=  0.6s  avg= 0.6s/seq  elapsed=  0.4m  eta=  0.8m
[run] meanflow  k=4/10 seq=3/12 (39/120)  t0=1592   rollout=  0.6s  avg= 0.6s/seq  elapsed=  0.4m  eta=  0.8m
[run] meanflow  k=4/10 seq=4/12 (40/120)  t0=2388   rollout=  0.6s  avg= 0.6s/seq  elapsed=  0.4m  eta=  0.8m
[run] meanflow  k=4/10 seq=5/12 (41/120)  t0=3184   rollout=  0.6s  avg= 0.6s/seq  elapsed=  0.4m  eta=  0.8m
[run] meanflow  k=4/10 seq=6/12 (42/120)  t0=3980   rollout=  0.6s  avg= 0.6s/seq  elapsed=  0.4m  eta=  0.8m
[run] meanflow  k=4/10 seq=7/12 (43/120)  t0=4776   rollout=  0.6s  avg= 0.6s/seq  elapsed=  0.4m  eta=  0.8m
[run] meanflow  k=4/10 seq=8/12 (44/120)  t0=5572   rollout=  0.6s  avg= 0.6s/seq  elapsed=  0.4m  eta=  0.8m
[run] meanflow  k=4/10 seq=9/12 (45/120)  t0=6368   rollout=  0.6s  avg= 0.6s/seq  elapsed=  0.4m  eta=  0.7m
[run] meanflow  k=4/10 seq=10/12 (46/120)  t0=7164   rollout=  0.6s  avg= 0.6s/seq  elapsed=  0.5m  eta=  0.7m
[run] meanflow  k=4/10 seq=11/12 (47/120)  t0=7960   rollout=  0.6s  avg= 0.6s/seq  elapsed=  0.5m  eta=  0.7m
[run] meanflow  k=4/10 seq=12/12 (48/120)  t0=8757   rollout=  0.6s  avg= 0.6s/seq  elapsed=  0.5m  eta=  0.7m
[run] meanflow  k=5/10 seq=1/12 (49/120)  t0=0      rollout=  0.6s  avg= 0.6s/seq  elapsed=  0.5m  eta=  0.7m
[run] meanflow  k=5/10 seq=2/12 (50/120)  t0=796    rollout=  0.6s  avg= 0.6s/seq  elapsed=  0.5m  eta=  0.7m
[run] meanflow  k=5/10 seq=3/12 (51/120)  t0=1592   rollout=  0.6s  avg= 0.6s/seq  elapsed=  0.5m  eta=  0.7m
[run] meanflow  k=5/10 seq=4/12 (52/120)  t0=2388   rollout=  0.6s  avg= 0.6s/seq  elapsed=  0.5m  eta=  0.7m
[run] meanflow  k=5/10 seq=5/12 (53/120)  t0=3184   rollout=  0.6s  avg= 0.6s/seq  elapsed=  0.5m  eta=  0.7m
[run] meanflow  k=5/10 seq=6/12 (54/120)  t0=3980   rollout=  0.6s  avg= 0.6s/seq  elapsed=  0.5m  eta=  0.7m
[run] meanflow  k=5/10 seq=7/12 (55/120)  t0=4776   rollout=  0.6s  avg= 0.6s/seq  elapsed=  0.5m  eta=  0.6m
[run] meanflow  k=5/10 seq=8/12 (56/120)  t0=5572   rollout=  0.6s  avg= 0.6s/seq  elapsed=  0.6m  eta=  0.6m
[run] meanflow  k=5/10 seq=9/12 (57/120)  t0=6368   rollout=  0.6s  avg= 0.6s/seq  elapsed=  0.6m  eta=  0.6m
[run] meanflow  k=5/10 seq=10/12 (58/120)  t0=7164   rollout=  0.6s  avg= 0.6s/seq  elapsed=  0.6m  eta=  0.6m
[run] meanflow  k=5/10 seq=11/12 (59/120)  t0=7960   rollout=  0.6s  avg= 0.6s/seq  elapsed=  0.6m  eta=  0.6m
[run] meanflow  k=5/10 seq=12/12 (60/120)  t0=8757   rollout=  0.6s  avg= 0.6s/seq  elapsed=  0.6m  eta=  0.6m
[run] meanflow  k=6/10 seq=1/12 (61/120)  t0=0      rollout=  0.6s  avg= 0.6s/seq  elapsed=  0.6m  eta=  0.6m
[run] meanflow  k=6/10 seq=2/12 (62/120)  t0=796    rollout=  0.6s  avg= 0.6s/seq  elapsed=  0.6m  eta=  0.6m
[run] meanflow  k=6/10 seq=3/12 (63/120)  t0=1592   rollout=  0.6s  avg= 0.6s/seq  elapsed=  0.6m  eta=  0.6m
[run] meanflow  k=6/10 seq=4/12 (64/120)  t0=2388   rollout=  0.6s  avg= 0.6s/seq  elapsed=  0.6m  eta=  0.6m
[run] meanflow  k=6/10 seq=5/12 (65/120)  t0=3184   rollout=  0.6s  avg= 0.6s/seq  elapsed=  0.6m  eta=  0.5m
[run] meanflow  k=6/10 seq=6/12 (66/120)  t0=3980   rollout=  0.6s  avg= 0.6s/seq  elapsed=  0.7m  eta=  0.5m
[run] meanflow  k=6/10 seq=7/12 (67/120)  t0=4776   rollout=  0.6s  avg= 0.6s/seq  elapsed=  0.7m  eta=  0.5m
[run] meanflow  k=6/10 seq=8/12 (68/120)  t0=5572   rollout=  0.6s  avg= 0.6s/seq  elapsed=  0.7m  eta=  0.5m
[run] meanflow  k=6/10 seq=9/12 (69/120)  t0=6368   rollout=  0.6s  avg= 0.6s/seq  elapsed=  0.7m  eta=  0.5m
[run] meanflow  k=6/10 seq=10/12 (70/120)  t0=7164   rollout=  0.6s  avg= 0.6s/seq  elapsed=  0.7m  eta=  0.5m
[run] meanflow  k=6/10 seq=11/12 (71/120)  t0=7960   rollout=  0.6s  avg= 0.6s/seq  elapsed=  0.7m  eta=  0.5m
[run] meanflow  k=6/10 seq=12/12 (72/120)  t0=8757   rollout=  0.6s  avg= 0.6s/seq  elapsed=  0.7m  eta=  0.5m
[run] meanflow  k=7/10 seq=1/12 (73/120)  t0=0      rollout=  0.6s  avg= 0.6s/seq  elapsed=  0.7m  eta=  0.5m
[run] meanflow  k=7/10 seq=2/12 (74/120)  t0=796    rollout=  0.6s  avg= 0.6s/seq  elapsed=  0.7m  eta=  0.5m
[run] meanflow  k=7/10 seq=3/12 (75/120)  t0=1592   rollout=  0.6s  avg= 0.6s/seq  elapsed=  0.7m  eta=  0.4m
[run] meanflow  k=7/10 seq=4/12 (76/120)  t0=2388   rollout=  0.6s  avg= 0.6s/seq  elapsed=  0.8m  eta=  0.4m
[run] meanflow  k=7/10 seq=5/12 (77/120)  t0=3184   rollout=  0.6s  avg= 0.6s/seq  elapsed=  0.8m  eta=  0.4m
[run] meanflow  k=7/10 seq=6/12 (78/120)  t0=3980   rollout=  0.6s  avg= 0.6s/seq  elapsed=  0.8m  eta=  0.4m
[run] meanflow  k=7/10 seq=7/12 (79/120)  t0=4776   rollout=  0.6s  avg= 0.6s/seq  elapsed=  0.8m  eta=  0.4m
[run] meanflow  k=7/10 seq=8/12 (80/120)  t0=5572   rollout=  0.6s  avg= 0.6s/seq  elapsed=  0.8m  eta=  0.4m
[run] meanflow  k=7/10 seq=9/12 (81/120)  t0=6368   rollout=  0.6s  avg= 0.6s/seq  elapsed=  0.8m  eta=  0.4m
[run] meanflow  k=7/10 seq=10/12 (82/120)  t0=7164   rollout=  0.6s  avg= 0.6s/seq  elapsed=  0.8m  eta=  0.4m
[run] meanflow  k=7/10 seq=11/12 (83/120)  t0=7960   rollout=  0.6s  avg= 0.6s/seq  elapsed=  0.8m  eta=  0.4m
[run] meanflow  k=7/10 seq=12/12 (84/120)  t0=8757   rollout=  0.6s  avg= 0.6s/seq  elapsed=  0.8m  eta=  0.4m
[run] meanflow  k=8/10 seq=1/12 (85/120)  t0=0      rollout=  0.6s  avg= 0.6s/seq  elapsed=  0.8m  eta=  0.3m
[run] meanflow  k=8/10 seq=2/12 (86/120)  t0=796    rollout=  0.6s  avg= 0.6s/seq  elapsed=  0.9m  eta=  0.3m
[run] meanflow  k=8/10 seq=3/12 (87/120)  t0=1592   rollout=  0.6s  avg= 0.6s/seq  elapsed=  0.9m  eta=  0.3m
[run] meanflow  k=8/10 seq=4/12 (88/120)  t0=2388   rollout=  0.6s  avg= 0.6s/seq  elapsed=  0.9m  eta=  0.3m
[run] meanflow  k=8/10 seq=5/12 (89/120)  t0=3184   rollout=  0.6s  avg= 0.6s/seq  elapsed=  0.9m  eta=  0.3m
[run] meanflow  k=8/10 seq=6/12 (90/120)  t0=3980   rollout=  0.6s  avg= 0.6s/seq  elapsed=  0.9m  eta=  0.3m
[run] meanflow  k=8/10 seq=7/12 (91/120)  t0=4776   rollout=  0.6s  avg= 0.6s/seq  elapsed=  0.9m  eta=  0.3m
[run] meanflow  k=8/10 seq=8/12 (92/120)  t0=5572   rollout=  0.6s  avg= 0.6s/seq  elapsed=  0.9m  eta=  0.3m
[run] meanflow  k=8/10 seq=9/12 (93/120)  t0=6368   rollout=  0.6s  avg= 0.6s/seq  elapsed=  0.9m  eta=  0.3m
[run] meanflow  k=8/10 seq=10/12 (94/120)  t0=7164   rollout=  0.6s  avg= 0.6s/seq  elapsed=  0.9m  eta=  0.3m
[run] meanflow  k=8/10 seq=11/12 (95/120)  t0=7960   rollout=  0.6s  avg= 0.6s/seq  elapsed=  0.9m  eta=  0.2m
[run] meanflow  k=8/10 seq=12/12 (96/120)  t0=8757   rollout=  0.6s  avg= 0.6s/seq  elapsed=  1.0m  eta=  0.2m
[run] meanflow  k=9/10 seq=1/12 (97/120)  t0=0      rollout=  0.6s  avg= 0.6s/seq  elapsed=  1.0m  eta=  0.2m
[run] meanflow  k=9/10 seq=2/12 (98/120)  t0=796    rollout=  0.6s  avg= 0.6s/seq  elapsed=  1.0m  eta=  0.2m
[run] meanflow  k=9/10 seq=3/12 (99/120)  t0=1592   rollout=  0.6s  avg= 0.6s/seq  elapsed=  1.0m  eta=  0.2m
[run] meanflow  k=9/10 seq=4/12 (100/120)  t0=2388   rollout=  0.6s  avg= 0.6s/seq  elapsed=  1.0m  eta=  0.2m
[run] meanflow  k=9/10 seq=5/12 (101/120)  t0=3184   rollout=  0.6s  avg= 0.6s/seq  elapsed=  1.0m  eta=  0.2m
[run] meanflow  k=9/10 seq=6/12 (102/120)  t0=3980   rollout=  0.6s  avg= 0.6s/seq  elapsed=  1.0m  eta=  0.2m
[run] meanflow  k=9/10 seq=7/12 (103/120)  t0=4776   rollout=  0.6s  avg= 0.6s/seq  elapsed=  1.0m  eta=  0.2m
[run] meanflow  k=9/10 seq=8/12 (104/120)  t0=5572   rollout=  0.6s  avg= 0.6s/seq  elapsed=  1.0m  eta=  0.2m
[run] meanflow  k=9/10 seq=9/12 (105/120)  t0=6368   rollout=  0.6s  avg= 0.6s/seq  elapsed=  1.0m  eta=  0.1m
[run] meanflow  k=9/10 seq=10/12 (106/120)  t0=7164   rollout=  0.6s  avg= 0.6s/seq  elapsed=  1.0m  eta=  0.1m
[run] meanflow  k=9/10 seq=11/12 (107/120)  t0=7960   rollout=  0.6s  avg= 0.6s/seq  elapsed=  1.1m  eta=  0.1m
[run] meanflow  k=9/10 seq=12/12 (108/120)  t0=8757   rollout=  0.6s  avg= 0.6s/seq  elapsed=  1.1m  eta=  0.1m
[run] meanflow  k=10/10 seq=1/12 (109/120)  t0=0      rollout=  0.6s  avg= 0.6s/seq  elapsed=  1.1m  eta=  0.1m
[run] meanflow  k=10/10 seq=2/12 (110/120)  t0=796    rollout=  0.6s  avg= 0.6s/seq  elapsed=  1.1m  eta=  0.1m
[run] meanflow  k=10/10 seq=3/12 (111/120)  t0=1592   rollout=  0.6s  avg= 0.6s/seq  elapsed=  1.1m  eta=  0.1m
[run] meanflow  k=10/10 seq=4/12 (112/120)  t0=2388   rollout=  0.6s  avg= 0.6s/seq  elapsed=  1.1m  eta=  0.1m
[run] meanflow  k=10/10 seq=5/12 (113/120)  t0=3184   rollout=  0.6s  avg= 0.6s/seq  elapsed=  1.1m  eta=  0.1m
[run] meanflow  k=10/10 seq=6/12 (114/120)  t0=3980   rollout=  0.6s  avg= 0.6s/seq  elapsed=  1.1m  eta=  0.1m
[run] meanflow  k=10/10 seq=7/12 (115/120)  t0=4776   rollout=  0.6s  avg= 0.6s/seq  elapsed=  1.1m  eta=  0.0m
[run] meanflow  k=10/10 seq=8/12 (116/120)  t0=5572   rollout=  0.6s  avg= 0.6s/seq  elapsed=  1.2m  eta=  0.0m
[run] meanflow  k=10/10 seq=9/12 (117/120)  t0=6368   rollout=  0.6s  avg= 0.6s/seq  elapsed=  1.2m  eta=  0.0m
[run] meanflow  k=10/10 seq=10/12 (118/120)  t0=7164   rollout=  0.6s  avg= 0.6s/seq  elapsed=  1.2m  eta=  0.0m
[run] meanflow  k=10/10 seq=11/12 (119/120)  t0=7960   rollout=  0.6s  avg= 0.6s/seq  elapsed=  1.2m  eta=  0.0m
[run] meanflow  k=10/10 seq=12/12 (120/120)  t0=8757   rollout=  0.6s  avg= 0.6s/seq  elapsed=  1.2m  eta=  0.0m
[run] meanflow ensemble finished in 1.2m
[2026-06-12 11:52:40] [nfe_sweep] NFE= 12  t/seq= 0.60s  CRPS-qpepre=0.1187  CSI-M=0.3086  RMSE-qpepre=0.5522  NFE-elapsed=1.2m
| method | Time/Seq.(s) | CRPS↓ | CSI-M↑ | CSI-P16↑ | FSS-P16-M↑ | HSS-M↑ | FAR-M↓ | RMSE_u10↓ | RMSE_v10↓ | RMSE_t2m↓ | RMSE_qpepre↓ |
|---|---|---|---|---|---|---|---|---|---|---|---|
| meanflow | 0.596 | 0.2859 | 0.3086 | 0.2462 | 0.4131 | 0.4152 | 0.2846 | 0.8334 | 0.8285 | 0.3891 | 0.5522 |

================================================================
[2026-06-12 11:52:40] NFE = 16   (10/15)
================================================================
[run] meanflow ensemble starting: K=10 x S=12 x T=1 = 120 sequence-rollouts
[run] meanflow  k=1/10 seq=1/12 (1/120)  t0=0      rollout=  0.7s  avg= 0.7s/seq  elapsed=  0.0m  eta=  1.5m
[run] meanflow  k=1/10 seq=2/12 (2/120)  t0=796    rollout=  0.7s  avg= 0.7s/seq  elapsed=  0.0m  eta=  1.5m
[run] meanflow  k=1/10 seq=3/12 (3/120)  t0=1592   rollout=  0.7s  avg= 0.7s/seq  elapsed=  0.0m  eta=  1.4m
[run] meanflow  k=1/10 seq=4/12 (4/120)  t0=2388   rollout=  0.7s  avg= 0.7s/seq  elapsed=  0.0m  eta=  1.4m
[run] meanflow  k=1/10 seq=5/12 (5/120)  t0=3184   rollout=  0.7s  avg= 0.7s/seq  elapsed=  0.1m  eta=  1.4m
[run] meanflow  k=1/10 seq=6/12 (6/120)  t0=3980   rollout=  0.7s  avg= 0.7s/seq  elapsed=  0.1m  eta=  1.4m
[run] meanflow  k=1/10 seq=7/12 (7/120)  t0=4776   rollout=  0.7s  avg= 0.7s/seq  elapsed=  0.1m  eta=  1.4m
[run] meanflow  k=1/10 seq=8/12 (8/120)  t0=5572   rollout=  0.7s  avg= 0.7s/seq  elapsed=  0.1m  eta=  1.4m
[run] meanflow  k=1/10 seq=9/12 (9/120)  t0=6368   rollout=  0.7s  avg= 0.7s/seq  elapsed=  0.1m  eta=  1.4m
[run] meanflow  k=1/10 seq=10/12 (10/120)  t0=7164   rollout=  0.7s  avg= 0.7s/seq  elapsed=  0.1m  eta=  1.4m
[run] meanflow  k=1/10 seq=11/12 (11/120)  t0=7960   rollout=  0.7s  avg= 0.7s/seq  elapsed=  0.1m  eta=  1.3m
[run] meanflow  k=1/10 seq=12/12 (12/120)  t0=8757   rollout=  0.7s  avg= 0.7s/seq  elapsed=  0.1m  eta=  1.3m
[run] meanflow  k=2/10 seq=1/12 (13/120)  t0=0      rollout=  0.7s  avg= 0.7s/seq  elapsed=  0.2m  eta=  1.3m
[run] meanflow  k=2/10 seq=2/12 (14/120)  t0=796    rollout=  0.7s  avg= 0.7s/seq  elapsed=  0.2m  eta=  1.3m
[run] meanflow  k=2/10 seq=3/12 (15/120)  t0=1592   rollout=  0.7s  avg= 0.7s/seq  elapsed=  0.2m  eta=  1.3m
[run] meanflow  k=2/10 seq=4/12 (16/120)  t0=2388   rollout=  0.7s  avg= 0.7s/seq  elapsed=  0.2m  eta=  1.3m
[run] meanflow  k=2/10 seq=5/12 (17/120)  t0=3184   rollout=  0.8s  avg= 0.7s/seq  elapsed=  0.2m  eta=  1.3m
[run] meanflow  k=2/10 seq=6/12 (18/120)  t0=3980   rollout=  0.7s  avg= 0.7s/seq  elapsed=  0.2m  eta=  1.3m
[run] meanflow  k=2/10 seq=7/12 (19/120)  t0=4776   rollout=  0.7s  avg= 0.7s/seq  elapsed=  0.2m  eta=  1.2m
[run] meanflow  k=2/10 seq=8/12 (20/120)  t0=5572   rollout=  0.7s  avg= 0.7s/seq  elapsed=  0.2m  eta=  1.2m
[run] meanflow  k=2/10 seq=9/12 (21/120)  t0=6368   rollout=  0.8s  avg= 0.7s/seq  elapsed=  0.3m  eta=  1.2m
[run] meanflow  k=2/10 seq=10/12 (22/120)  t0=7164   rollout=  0.7s  avg= 0.7s/seq  elapsed=  0.3m  eta=  1.2m
[run] meanflow  k=2/10 seq=11/12 (23/120)  t0=7960   rollout=  0.7s  avg= 0.7s/seq  elapsed=  0.3m  eta=  1.2m
[run] meanflow  k=2/10 seq=12/12 (24/120)  t0=8757   rollout=  0.7s  avg= 0.7s/seq  elapsed=  0.3m  eta=  1.2m
[run] meanflow  k=3/10 seq=1/12 (25/120)  t0=0      rollout=  0.7s  avg= 0.7s/seq  elapsed=  0.3m  eta=  1.2m
[run] meanflow  k=3/10 seq=2/12 (26/120)  t0=796    rollout=  0.7s  avg= 0.7s/seq  elapsed=  0.3m  eta=  1.2m
[run] meanflow  k=3/10 seq=3/12 (27/120)  t0=1592   rollout=  0.7s  avg= 0.7s/seq  elapsed=  0.3m  eta=  1.2m
[run] meanflow  k=3/10 seq=4/12 (28/120)  t0=2388   rollout=  0.7s  avg= 0.7s/seq  elapsed=  0.3m  eta=  1.1m
[run] meanflow  k=3/10 seq=5/12 (29/120)  t0=3184   rollout=  0.7s  avg= 0.7s/seq  elapsed=  0.4m  eta=  1.1m
[run] meanflow  k=3/10 seq=6/12 (30/120)  t0=3980   rollout=  0.8s  avg= 0.7s/seq  elapsed=  0.4m  eta=  1.1m
[run] meanflow  k=3/10 seq=7/12 (31/120)  t0=4776   rollout=  0.7s  avg= 0.7s/seq  elapsed=  0.4m  eta=  1.1m
[run] meanflow  k=3/10 seq=8/12 (32/120)  t0=5572   rollout=  0.7s  avg= 0.7s/seq  elapsed=  0.4m  eta=  1.1m
[run] meanflow  k=3/10 seq=9/12 (33/120)  t0=6368   rollout=  0.7s  avg= 0.7s/seq  elapsed=  0.4m  eta=  1.1m
[run] meanflow  k=3/10 seq=10/12 (34/120)  t0=7164   rollout=  0.8s  avg= 0.7s/seq  elapsed=  0.4m  eta=  1.1m
[run] meanflow  k=3/10 seq=11/12 (35/120)  t0=7960   rollout=  0.8s  avg= 0.7s/seq  elapsed=  0.4m  eta=  1.1m
[run] meanflow  k=3/10 seq=12/12 (36/120)  t0=8757   rollout=  0.7s  avg= 0.7s/seq  elapsed=  0.4m  eta=  1.0m
[run] meanflow  k=4/10 seq=1/12 (37/120)  t0=0      rollout=  0.7s  avg= 0.7s/seq  elapsed=  0.5m  eta=  1.0m
[run] meanflow  k=4/10 seq=2/12 (38/120)  t0=796    rollout=  0.7s  avg= 0.7s/seq  elapsed=  0.5m  eta=  1.0m
[run] meanflow  k=4/10 seq=3/12 (39/120)  t0=1592   rollout=  0.8s  avg= 0.7s/seq  elapsed=  0.5m  eta=  1.0m
[run] meanflow  k=4/10 seq=4/12 (40/120)  t0=2388   rollout=  0.8s  avg= 0.7s/seq  elapsed=  0.5m  eta=  1.0m
[run] meanflow  k=4/10 seq=5/12 (41/120)  t0=3184   rollout=  0.7s  avg= 0.7s/seq  elapsed=  0.5m  eta=  1.0m
[run] meanflow  k=4/10 seq=6/12 (42/120)  t0=3980   rollout=  0.7s  avg= 0.7s/seq  elapsed=  0.5m  eta=  1.0m
[run] meanflow  k=4/10 seq=7/12 (43/120)  t0=4776   rollout=  0.7s  avg= 0.7s/seq  elapsed=  0.5m  eta=  1.0m
[run] meanflow  k=4/10 seq=8/12 (44/120)  t0=5572   rollout=  0.7s  avg= 0.7s/seq  elapsed=  0.5m  eta=  0.9m
[run] meanflow  k=4/10 seq=9/12 (45/120)  t0=6368   rollout=  0.7s  avg= 0.7s/seq  elapsed=  0.6m  eta=  0.9m
[run] meanflow  k=4/10 seq=10/12 (46/120)  t0=7164   rollout=  0.7s  avg= 0.7s/seq  elapsed=  0.6m  eta=  0.9m
[run] meanflow  k=4/10 seq=11/12 (47/120)  t0=7960   rollout=  0.7s  avg= 0.7s/seq  elapsed=  0.6m  eta=  0.9m
[run] meanflow  k=4/10 seq=12/12 (48/120)  t0=8757   rollout=  0.7s  avg= 0.7s/seq  elapsed=  0.6m  eta=  0.9m
[run] meanflow  k=5/10 seq=1/12 (49/120)  t0=0      rollout=  0.8s  avg= 0.7s/seq  elapsed=  0.6m  eta=  0.9m
[run] meanflow  k=5/10 seq=2/12 (50/120)  t0=796    rollout=  0.7s  avg= 0.7s/seq  elapsed=  0.6m  eta=  0.9m
[run] meanflow  k=5/10 seq=3/12 (51/120)  t0=1592   rollout=  0.7s  avg= 0.7s/seq  elapsed=  0.6m  eta=  0.9m
[run] meanflow  k=5/10 seq=4/12 (52/120)  t0=2388   rollout=  0.7s  avg= 0.7s/seq  elapsed=  0.6m  eta=  0.8m
[run] meanflow  k=5/10 seq=5/12 (53/120)  t0=3184   rollout=  0.8s  avg= 0.7s/seq  elapsed=  0.7m  eta=  0.8m
[run] meanflow  k=5/10 seq=6/12 (54/120)  t0=3980   rollout=  0.8s  avg= 0.7s/seq  elapsed=  0.7m  eta=  0.8m
[run] meanflow  k=5/10 seq=7/12 (55/120)  t0=4776   rollout=  0.7s  avg= 0.7s/seq  elapsed=  0.7m  eta=  0.8m
[run] meanflow  k=5/10 seq=8/12 (56/120)  t0=5572   rollout=  0.7s  avg= 0.7s/seq  elapsed=  0.7m  eta=  0.8m
[run] meanflow  k=5/10 seq=9/12 (57/120)  t0=6368   rollout=  0.7s  avg= 0.7s/seq  elapsed=  0.7m  eta=  0.8m
[run] meanflow  k=5/10 seq=10/12 (58/120)  t0=7164   rollout=  0.8s  avg= 0.7s/seq  elapsed=  0.7m  eta=  0.8m
[run] meanflow  k=5/10 seq=11/12 (59/120)  t0=7960   rollout=  0.8s  avg= 0.7s/seq  elapsed=  0.7m  eta=  0.8m
[run] meanflow  k=5/10 seq=12/12 (60/120)  t0=8757   rollout=  0.8s  avg= 0.7s/seq  elapsed=  0.7m  eta=  0.7m
[run] meanflow  k=6/10 seq=1/12 (61/120)  t0=0      rollout=  0.7s  avg= 0.7s/seq  elapsed=  0.8m  eta=  0.7m
[run] meanflow  k=6/10 seq=2/12 (62/120)  t0=796    rollout=  0.8s  avg= 0.7s/seq  elapsed=  0.8m  eta=  0.7m
[run] meanflow  k=6/10 seq=3/12 (63/120)  t0=1592   rollout=  0.8s  avg= 0.7s/seq  elapsed=  0.8m  eta=  0.7m
[run] meanflow  k=6/10 seq=4/12 (64/120)  t0=2388   rollout=  0.7s  avg= 0.7s/seq  elapsed=  0.8m  eta=  0.7m
[run] meanflow  k=6/10 seq=5/12 (65/120)  t0=3184   rollout=  0.8s  avg= 0.7s/seq  elapsed=  0.8m  eta=  0.7m
[run] meanflow  k=6/10 seq=6/12 (66/120)  t0=3980   rollout=  0.8s  avg= 0.7s/seq  elapsed=  0.8m  eta=  0.7m
[run] meanflow  k=6/10 seq=7/12 (67/120)  t0=4776   rollout=  0.8s  avg= 0.7s/seq  elapsed=  0.8m  eta=  0.7m
[run] meanflow  k=6/10 seq=8/12 (68/120)  t0=5572   rollout=  0.8s  avg= 0.7s/seq  elapsed=  0.8m  eta=  0.6m
[run] meanflow  k=6/10 seq=9/12 (69/120)  t0=6368   rollout=  0.8s  avg= 0.7s/seq  elapsed=  0.9m  eta=  0.6m
[run] meanflow  k=6/10 seq=10/12 (70/120)  t0=7164   rollout=  0.8s  avg= 0.7s/seq  elapsed=  0.9m  eta=  0.6m
[run] meanflow  k=6/10 seq=11/12 (71/120)  t0=7960   rollout=  0.8s  avg= 0.7s/seq  elapsed=  0.9m  eta=  0.6m
[run] meanflow  k=6/10 seq=12/12 (72/120)  t0=8757   rollout=  0.8s  avg= 0.7s/seq  elapsed=  0.9m  eta=  0.6m
[run] meanflow  k=7/10 seq=1/12 (73/120)  t0=0      rollout=  0.8s  avg= 0.7s/seq  elapsed=  0.9m  eta=  0.6m
[run] meanflow  k=7/10 seq=2/12 (74/120)  t0=796    rollout=  0.8s  avg= 0.8s/seq  elapsed=  0.9m  eta=  0.6m
[run] meanflow  k=7/10 seq=3/12 (75/120)  t0=1592   rollout=  0.8s  avg= 0.8s/seq  elapsed=  0.9m  eta=  0.6m
[run] meanflow  k=7/10 seq=4/12 (76/120)  t0=2388   rollout=  0.8s  avg= 0.8s/seq  elapsed=  1.0m  eta=  0.6m
[run] meanflow  k=7/10 seq=5/12 (77/120)  t0=3184   rollout=  0.8s  avg= 0.8s/seq  elapsed=  1.0m  eta=  0.5m
[run] meanflow  k=7/10 seq=6/12 (78/120)  t0=3980   rollout=  0.8s  avg= 0.8s/seq  elapsed=  1.0m  eta=  0.5m
[run] meanflow  k=7/10 seq=7/12 (79/120)  t0=4776   rollout=  0.8s  avg= 0.8s/seq  elapsed=  1.0m  eta=  0.5m
[run] meanflow  k=7/10 seq=8/12 (80/120)  t0=5572   rollout=  0.8s  avg= 0.8s/seq  elapsed=  1.0m  eta=  0.5m
[run] meanflow  k=7/10 seq=9/12 (81/120)  t0=6368   rollout=  0.8s  avg= 0.8s/seq  elapsed=  1.0m  eta=  0.5m
[run] meanflow  k=7/10 seq=10/12 (82/120)  t0=7164   rollout=  0.7s  avg= 0.8s/seq  elapsed=  1.0m  eta=  0.5m
[run] meanflow  k=7/10 seq=11/12 (83/120)  t0=7960   rollout=  0.7s  avg= 0.8s/seq  elapsed=  1.0m  eta=  0.5m
[run] meanflow  k=7/10 seq=12/12 (84/120)  t0=8757   rollout=  0.8s  avg= 0.8s/seq  elapsed=  1.1m  eta=  0.5m
[run] meanflow  k=8/10 seq=1/12 (85/120)  t0=0      rollout=  0.7s  avg= 0.8s/seq  elapsed=  1.1m  eta=  0.4m
[run] meanflow  k=8/10 seq=2/12 (86/120)  t0=796    rollout=  0.7s  avg= 0.8s/seq  elapsed=  1.1m  eta=  0.4m
[run] meanflow  k=8/10 seq=3/12 (87/120)  t0=1592   rollout=  0.7s  avg= 0.8s/seq  elapsed=  1.1m  eta=  0.4m
[run] meanflow  k=8/10 seq=4/12 (88/120)  t0=2388   rollout=  0.8s  avg= 0.8s/seq  elapsed=  1.1m  eta=  0.4m
[run] meanflow  k=8/10 seq=5/12 (89/120)  t0=3184   rollout=  0.8s  avg= 0.8s/seq  elapsed=  1.1m  eta=  0.4m
[run] meanflow  k=8/10 seq=6/12 (90/120)  t0=3980   rollout=  0.8s  avg= 0.8s/seq  elapsed=  1.1m  eta=  0.4m
[run] meanflow  k=8/10 seq=7/12 (91/120)  t0=4776   rollout=  0.8s  avg= 0.8s/seq  elapsed=  1.1m  eta=  0.4m
[run] meanflow  k=8/10 seq=8/12 (92/120)  t0=5572   rollout=  0.7s  avg= 0.8s/seq  elapsed=  1.2m  eta=  0.4m
[run] meanflow  k=8/10 seq=9/12 (93/120)  t0=6368   rollout=  0.8s  avg= 0.8s/seq  elapsed=  1.2m  eta=  0.3m
[run] meanflow  k=8/10 seq=10/12 (94/120)  t0=7164   rollout=  0.8s  avg= 0.8s/seq  elapsed=  1.2m  eta=  0.3m
[run] meanflow  k=8/10 seq=11/12 (95/120)  t0=7960   rollout=  0.8s  avg= 0.8s/seq  elapsed=  1.2m  eta=  0.3m
[run] meanflow  k=8/10 seq=12/12 (96/120)  t0=8757   rollout=  0.8s  avg= 0.8s/seq  elapsed=  1.2m  eta=  0.3m
[run] meanflow  k=9/10 seq=1/12 (97/120)  t0=0      rollout=  0.8s  avg= 0.8s/seq  elapsed=  1.2m  eta=  0.3m
[run] meanflow  k=9/10 seq=2/12 (98/120)  t0=796    rollout=  0.8s  avg= 0.8s/seq  elapsed=  1.2m  eta=  0.3m
[run] meanflow  k=9/10 seq=3/12 (99/120)  t0=1592   rollout=  0.8s  avg= 0.8s/seq  elapsed=  1.2m  eta=  0.3m
[run] meanflow  k=9/10 seq=4/12 (100/120)  t0=2388   rollout=  0.8s  avg= 0.8s/seq  elapsed=  1.3m  eta=  0.3m
[run] meanflow  k=9/10 seq=5/12 (101/120)  t0=3184   rollout=  0.8s  avg= 0.8s/seq  elapsed=  1.3m  eta=  0.2m
[run] meanflow  k=9/10 seq=6/12 (102/120)  t0=3980   rollout=  0.8s  avg= 0.8s/seq  elapsed=  1.3m  eta=  0.2m
[run] meanflow  k=9/10 seq=7/12 (103/120)  t0=4776   rollout=  0.8s  avg= 0.8s/seq  elapsed=  1.3m  eta=  0.2m
[run] meanflow  k=9/10 seq=8/12 (104/120)  t0=5572   rollout=  0.7s  avg= 0.8s/seq  elapsed=  1.3m  eta=  0.2m
[run] meanflow  k=9/10 seq=9/12 (105/120)  t0=6368   rollout=  0.7s  avg= 0.8s/seq  elapsed=  1.3m  eta=  0.2m
[run] meanflow  k=9/10 seq=10/12 (106/120)  t0=7164   rollout=  0.7s  avg= 0.8s/seq  elapsed=  1.3m  eta=  0.2m
[run] meanflow  k=9/10 seq=11/12 (107/120)  t0=7960   rollout=  0.8s  avg= 0.8s/seq  elapsed=  1.3m  eta=  0.2m
[run] meanflow  k=9/10 seq=12/12 (108/120)  t0=8757   rollout=  0.7s  avg= 0.8s/seq  elapsed=  1.4m  eta=  0.2m
[run] meanflow  k=10/10 seq=1/12 (109/120)  t0=0      rollout=  0.7s  avg= 0.8s/seq  elapsed=  1.4m  eta=  0.1m
[run] meanflow  k=10/10 seq=2/12 (110/120)  t0=796    rollout=  0.8s  avg= 0.8s/seq  elapsed=  1.4m  eta=  0.1m
[run] meanflow  k=10/10 seq=3/12 (111/120)  t0=1592   rollout=  0.8s  avg= 0.8s/seq  elapsed=  1.4m  eta=  0.1m
[run] meanflow  k=10/10 seq=4/12 (112/120)  t0=2388   rollout=  0.8s  avg= 0.8s/seq  elapsed=  1.4m  eta=  0.1m
[run] meanflow  k=10/10 seq=5/12 (113/120)  t0=3184   rollout=  0.8s  avg= 0.8s/seq  elapsed=  1.4m  eta=  0.1m
[run] meanflow  k=10/10 seq=6/12 (114/120)  t0=3980   rollout=  0.8s  avg= 0.8s/seq  elapsed=  1.4m  eta=  0.1m
[run] meanflow  k=10/10 seq=7/12 (115/120)  t0=4776   rollout=  0.9s  avg= 0.8s/seq  elapsed=  1.4m  eta=  0.1m
[run] meanflow  k=10/10 seq=8/12 (116/120)  t0=5572   rollout=  0.8s  avg= 0.8s/seq  elapsed=  1.5m  eta=  0.1m
[run] meanflow  k=10/10 seq=9/12 (117/120)  t0=6368   rollout=  0.8s  avg= 0.8s/seq  elapsed=  1.5m  eta=  0.0m
[run] meanflow  k=10/10 seq=10/12 (118/120)  t0=7164   rollout=  0.7s  avg= 0.8s/seq  elapsed=  1.5m  eta=  0.0m
[run] meanflow  k=10/10 seq=11/12 (119/120)  t0=7960   rollout=  0.8s  avg= 0.8s/seq  elapsed=  1.5m  eta=  0.0m
[run] meanflow  k=10/10 seq=12/12 (120/120)  t0=8757   rollout=  0.8s  avg= 0.8s/seq  elapsed=  1.5m  eta=  0.0m
[run] meanflow ensemble finished in 1.5m
[2026-06-12 11:54:11] [nfe_sweep] NFE= 16  t/seq= 0.74s  CRPS-qpepre=0.1184  CSI-M=0.2953  RMSE-qpepre=0.5522  NFE-elapsed=1.5m
| method | Time/Seq.(s) | CRPS↓ | CSI-M↑ | CSI-P16↑ | FSS-P16-M↑ | HSS-M↑ | FAR-M↓ | RMSE_u10↓ | RMSE_v10↓ | RMSE_t2m↓ | RMSE_qpepre↓ |
|---|---|---|---|---|---|---|---|---|---|---|---|
| meanflow | 0.740 | 0.2837 | 0.2953 | 0.2063 | 0.3218 | 0.3966 | 0.2640 | 0.8301 | 0.8310 | 0.3863 | 0.5522 |

================================================================
[2026-06-12 11:54:11] NFE = 20   (11/15)
================================================================
[run] meanflow ensemble starting: K=10 x S=12 x T=1 = 120 sequence-rollouts
[run] meanflow  k=1/10 seq=1/12 (1/120)  t0=0      rollout=  0.9s  avg= 0.9s/seq  elapsed=  0.0m  eta=  1.8m
[run] meanflow  k=1/10 seq=2/12 (2/120)  t0=796    rollout=  0.9s  avg= 0.9s/seq  elapsed=  0.0m  eta=  1.8m
[run] meanflow  k=1/10 seq=3/12 (3/120)  t0=1592   rollout=  0.9s  avg= 0.9s/seq  elapsed=  0.0m  eta=  1.8m
[run] meanflow  k=1/10 seq=4/12 (4/120)  t0=2388   rollout=  0.9s  avg= 0.9s/seq  elapsed=  0.1m  eta=  1.7m
[run] meanflow  k=1/10 seq=5/12 (5/120)  t0=3184   rollout=  0.9s  avg= 0.9s/seq  elapsed=  0.1m  eta=  1.7m
[run] meanflow  k=1/10 seq=6/12 (6/120)  t0=3980   rollout=  0.9s  avg= 0.9s/seq  elapsed=  0.1m  eta=  1.7m
[run] meanflow  k=1/10 seq=7/12 (7/120)  t0=4776   rollout=  0.9s  avg= 0.9s/seq  elapsed=  0.1m  eta=  1.7m
[run] meanflow  k=1/10 seq=8/12 (8/120)  t0=5572   rollout=  0.9s  avg= 0.9s/seq  elapsed=  0.1m  eta=  1.7m
[run] meanflow  k=1/10 seq=9/12 (9/120)  t0=6368   rollout=  0.9s  avg= 0.9s/seq  elapsed=  0.1m  eta=  1.7m
[run] meanflow  k=1/10 seq=10/12 (10/120)  t0=7164   rollout=  0.9s  avg= 0.9s/seq  elapsed=  0.1m  eta=  1.6m
[run] meanflow  k=1/10 seq=11/12 (11/120)  t0=7960   rollout=  0.9s  avg= 0.9s/seq  elapsed=  0.2m  eta=  1.6m
[run] meanflow  k=1/10 seq=12/12 (12/120)  t0=8757   rollout=  0.9s  avg= 0.9s/seq  elapsed=  0.2m  eta=  1.6m
[run] meanflow  k=2/10 seq=1/12 (13/120)  t0=0      rollout=  0.9s  avg= 0.9s/seq  elapsed=  0.2m  eta=  1.6m
[run] meanflow  k=2/10 seq=2/12 (14/120)  t0=796    rollout=  0.9s  avg= 0.9s/seq  elapsed=  0.2m  eta=  1.6m
[run] meanflow  k=2/10 seq=3/12 (15/120)  t0=1592   rollout=  0.9s  avg= 0.9s/seq  elapsed=  0.2m  eta=  1.6m
[run] meanflow  k=2/10 seq=4/12 (16/120)  t0=2388   rollout=  0.9s  avg= 0.9s/seq  elapsed=  0.2m  eta=  1.6m
[run] meanflow  k=2/10 seq=5/12 (17/120)  t0=3184   rollout=  0.9s  avg= 0.9s/seq  elapsed=  0.3m  eta=  1.5m
[run] meanflow  k=2/10 seq=6/12 (18/120)  t0=3980   rollout=  0.9s  avg= 0.9s/seq  elapsed=  0.3m  eta=  1.5m
[run] meanflow  k=2/10 seq=7/12 (19/120)  t0=4776   rollout=  0.9s  avg= 0.9s/seq  elapsed=  0.3m  eta=  1.5m
[run] meanflow  k=2/10 seq=8/12 (20/120)  t0=5572   rollout=  0.9s  avg= 0.9s/seq  elapsed=  0.3m  eta=  1.5m
[run] meanflow  k=2/10 seq=9/12 (21/120)  t0=6368   rollout=  1.0s  avg= 0.9s/seq  elapsed=  0.3m  eta=  1.5m
[run] meanflow  k=2/10 seq=10/12 (22/120)  t0=7164   rollout=  1.0s  avg= 0.9s/seq  elapsed=  0.3m  eta=  1.5m
[run] meanflow  k=2/10 seq=11/12 (23/120)  t0=7960   rollout=  0.9s  avg= 0.9s/seq  elapsed=  0.3m  eta=  1.5m
[run] meanflow  k=2/10 seq=12/12 (24/120)  t0=8757   rollout=  0.9s  avg= 0.9s/seq  elapsed=  0.4m  eta=  1.5m
[run] meanflow  k=3/10 seq=1/12 (25/120)  t0=0      rollout=  0.9s  avg= 0.9s/seq  elapsed=  0.4m  eta=  1.4m
[run] meanflow  k=3/10 seq=2/12 (26/120)  t0=796    rollout=  0.9s  avg= 0.9s/seq  elapsed=  0.4m  eta=  1.4m
[run] meanflow  k=3/10 seq=3/12 (27/120)  t0=1592   rollout=  0.9s  avg= 0.9s/seq  elapsed=  0.4m  eta=  1.4m
[run] meanflow  k=3/10 seq=4/12 (28/120)  t0=2388   rollout=  0.9s  avg= 0.9s/seq  elapsed=  0.4m  eta=  1.4m
[run] meanflow  k=3/10 seq=5/12 (29/120)  t0=3184   rollout=  0.9s  avg= 0.9s/seq  elapsed=  0.4m  eta=  1.4m
[run] meanflow  k=3/10 seq=6/12 (30/120)  t0=3980   rollout=  0.9s  avg= 0.9s/seq  elapsed=  0.5m  eta=  1.4m
[run] meanflow  k=3/10 seq=7/12 (31/120)  t0=4776   rollout=  0.9s  avg= 0.9s/seq  elapsed=  0.5m  eta=  1.3m
[run] meanflow  k=3/10 seq=8/12 (32/120)  t0=5572   rollout=  0.9s  avg= 0.9s/seq  elapsed=  0.5m  eta=  1.3m
[run] meanflow  k=3/10 seq=9/12 (33/120)  t0=6368   rollout=  0.9s  avg= 0.9s/seq  elapsed=  0.5m  eta=  1.3m
[run] meanflow  k=3/10 seq=10/12 (34/120)  t0=7164   rollout=  0.9s  avg= 0.9s/seq  elapsed=  0.5m  eta=  1.3m
[run] meanflow  k=3/10 seq=11/12 (35/120)  t0=7960   rollout=  0.9s  avg= 0.9s/seq  elapsed=  0.5m  eta=  1.3m
[run] meanflow  k=3/10 seq=12/12 (36/120)  t0=8757   rollout=  0.9s  avg= 0.9s/seq  elapsed=  0.5m  eta=  1.3m
[run] meanflow  k=4/10 seq=1/12 (37/120)  t0=0      rollout=  0.9s  avg= 0.9s/seq  elapsed=  0.6m  eta=  1.3m
[run] meanflow  k=4/10 seq=2/12 (38/120)  t0=796    rollout=  0.9s  avg= 0.9s/seq  elapsed=  0.6m  eta=  1.2m
[run] meanflow  k=4/10 seq=3/12 (39/120)  t0=1592   rollout=  0.9s  avg= 0.9s/seq  elapsed=  0.6m  eta=  1.2m
[run] meanflow  k=4/10 seq=4/12 (40/120)  t0=2388   rollout=  0.9s  avg= 0.9s/seq  elapsed=  0.6m  eta=  1.2m
[run] meanflow  k=4/10 seq=5/12 (41/120)  t0=3184   rollout=  0.9s  avg= 0.9s/seq  elapsed=  0.6m  eta=  1.2m
[run] meanflow  k=4/10 seq=6/12 (42/120)  t0=3980   rollout=  0.9s  avg= 0.9s/seq  elapsed=  0.6m  eta=  1.2m
[run] meanflow  k=4/10 seq=7/12 (43/120)  t0=4776   rollout=  0.9s  avg= 0.9s/seq  elapsed=  0.6m  eta=  1.2m
[run] meanflow  k=4/10 seq=8/12 (44/120)  t0=5572   rollout=  0.9s  avg= 0.9s/seq  elapsed=  0.7m  eta=  1.1m
[run] meanflow  k=4/10 seq=9/12 (45/120)  t0=6368   rollout=  0.9s  avg= 0.9s/seq  elapsed=  0.7m  eta=  1.1m
[run] meanflow  k=4/10 seq=10/12 (46/120)  t0=7164   rollout=  0.9s  avg= 0.9s/seq  elapsed=  0.7m  eta=  1.1m
[run] meanflow  k=4/10 seq=11/12 (47/120)  t0=7960   rollout=  0.9s  avg= 0.9s/seq  elapsed=  0.7m  eta=  1.1m
[run] meanflow  k=4/10 seq=12/12 (48/120)  t0=8757   rollout=  0.9s  avg= 0.9s/seq  elapsed=  0.7m  eta=  1.1m
[run] meanflow  k=5/10 seq=1/12 (49/120)  t0=0      rollout=  0.9s  avg= 0.9s/seq  elapsed=  0.7m  eta=  1.1m
[run] meanflow  k=5/10 seq=2/12 (50/120)  t0=796    rollout=  0.9s  avg= 0.9s/seq  elapsed=  0.8m  eta=  1.1m
[run] meanflow  k=5/10 seq=3/12 (51/120)  t0=1592   rollout=  0.9s  avg= 0.9s/seq  elapsed=  0.8m  eta=  1.0m
[run] meanflow  k=5/10 seq=4/12 (52/120)  t0=2388   rollout=  0.9s  avg= 0.9s/seq  elapsed=  0.8m  eta=  1.0m
[run] meanflow  k=5/10 seq=5/12 (53/120)  t0=3184   rollout=  0.9s  avg= 0.9s/seq  elapsed=  0.8m  eta=  1.0m
[run] meanflow  k=5/10 seq=6/12 (54/120)  t0=3980   rollout=  0.9s  avg= 0.9s/seq  elapsed=  0.8m  eta=  1.0m
[run] meanflow  k=5/10 seq=7/12 (55/120)  t0=4776   rollout=  0.9s  avg= 0.9s/seq  elapsed=  0.8m  eta=  1.0m
[run] meanflow  k=5/10 seq=8/12 (56/120)  t0=5572   rollout=  0.9s  avg= 0.9s/seq  elapsed=  0.8m  eta=  1.0m
[run] meanflow  k=5/10 seq=9/12 (57/120)  t0=6368   rollout=  0.9s  avg= 0.9s/seq  elapsed=  0.9m  eta=  0.9m
[run] meanflow  k=5/10 seq=10/12 (58/120)  t0=7164   rollout=  0.9s  avg= 0.9s/seq  elapsed=  0.9m  eta=  0.9m
[run] meanflow  k=5/10 seq=11/12 (59/120)  t0=7960   rollout=  0.9s  avg= 0.9s/seq  elapsed=  0.9m  eta=  0.9m
[run] meanflow  k=5/10 seq=12/12 (60/120)  t0=8757   rollout=  0.9s  avg= 0.9s/seq  elapsed=  0.9m  eta=  0.9m
[run] meanflow  k=6/10 seq=1/12 (61/120)  t0=0      rollout=  0.9s  avg= 0.9s/seq  elapsed=  0.9m  eta=  0.9m
[run] meanflow  k=6/10 seq=2/12 (62/120)  t0=796    rollout=  0.9s  avg= 0.9s/seq  elapsed=  0.9m  eta=  0.9m
[run] meanflow  k=6/10 seq=3/12 (63/120)  t0=1592   rollout=  0.9s  avg= 0.9s/seq  elapsed=  1.0m  eta=  0.9m
[run] meanflow  k=6/10 seq=4/12 (64/120)  t0=2388   rollout=  0.9s  avg= 0.9s/seq  elapsed=  1.0m  eta=  0.8m
[run] meanflow  k=6/10 seq=5/12 (65/120)  t0=3184   rollout=  0.9s  avg= 0.9s/seq  elapsed=  1.0m  eta=  0.8m
[run] meanflow  k=6/10 seq=6/12 (66/120)  t0=3980   rollout=  0.9s  avg= 0.9s/seq  elapsed=  1.0m  eta=  0.8m
[run] meanflow  k=6/10 seq=7/12 (67/120)  t0=4776   rollout=  0.9s  avg= 0.9s/seq  elapsed=  1.0m  eta=  0.8m
[run] meanflow  k=6/10 seq=8/12 (68/120)  t0=5572   rollout=  0.9s  avg= 0.9s/seq  elapsed=  1.0m  eta=  0.8m
[run] meanflow  k=6/10 seq=9/12 (69/120)  t0=6368   rollout=  0.9s  avg= 0.9s/seq  elapsed=  1.0m  eta=  0.8m
[run] meanflow  k=6/10 seq=10/12 (70/120)  t0=7164   rollout=  0.9s  avg= 0.9s/seq  elapsed=  1.1m  eta=  0.8m
[run] meanflow  k=6/10 seq=11/12 (71/120)  t0=7960   rollout=  0.9s  avg= 0.9s/seq  elapsed=  1.1m  eta=  0.7m
[run] meanflow  k=6/10 seq=12/12 (72/120)  t0=8757   rollout=  0.9s  avg= 0.9s/seq  elapsed=  1.1m  eta=  0.7m
[run] meanflow  k=7/10 seq=1/12 (73/120)  t0=0      rollout=  0.9s  avg= 0.9s/seq  elapsed=  1.1m  eta=  0.7m
[run] meanflow  k=7/10 seq=2/12 (74/120)  t0=796    rollout=  0.9s  avg= 0.9s/seq  elapsed=  1.1m  eta=  0.7m
[run] meanflow  k=7/10 seq=3/12 (75/120)  t0=1592   rollout=  0.9s  avg= 0.9s/seq  elapsed=  1.1m  eta=  0.7m
[run] meanflow  k=7/10 seq=4/12 (76/120)  t0=2388   rollout=  0.9s  avg= 0.9s/seq  elapsed=  1.1m  eta=  0.7m
[run] meanflow  k=7/10 seq=5/12 (77/120)  t0=3184   rollout=  0.9s  avg= 0.9s/seq  elapsed=  1.2m  eta=  0.6m
[run] meanflow  k=7/10 seq=6/12 (78/120)  t0=3980   rollout=  1.1s  avg= 0.9s/seq  elapsed=  1.2m  eta=  0.6m
[run] meanflow  k=7/10 seq=7/12 (79/120)  t0=4776   rollout=  0.9s  avg= 0.9s/seq  elapsed=  1.2m  eta=  0.6m
[run] meanflow  k=7/10 seq=8/12 (80/120)  t0=5572   rollout=  0.9s  avg= 0.9s/seq  elapsed=  1.2m  eta=  0.6m
[run] meanflow  k=7/10 seq=9/12 (81/120)  t0=6368   rollout=  0.9s  avg= 0.9s/seq  elapsed=  1.2m  eta=  0.6m
[run] meanflow  k=7/10 seq=10/12 (82/120)  t0=7164   rollout=  0.9s  avg= 0.9s/seq  elapsed=  1.2m  eta=  0.6m
[run] meanflow  k=7/10 seq=11/12 (83/120)  t0=7960   rollout=  0.9s  avg= 0.9s/seq  elapsed=  1.3m  eta=  0.6m
[run] meanflow  k=7/10 seq=12/12 (84/120)  t0=8757   rollout=  0.9s  avg= 0.9s/seq  elapsed=  1.3m  eta=  0.5m
[run] meanflow  k=8/10 seq=1/12 (85/120)  t0=0      rollout=  0.9s  avg= 0.9s/seq  elapsed=  1.3m  eta=  0.5m
[run] meanflow  k=8/10 seq=2/12 (86/120)  t0=796    rollout=  0.9s  avg= 0.9s/seq  elapsed=  1.3m  eta=  0.5m
[run] meanflow  k=8/10 seq=3/12 (87/120)  t0=1592   rollout=  0.9s  avg= 0.9s/seq  elapsed=  1.3m  eta=  0.5m
[run] meanflow  k=8/10 seq=4/12 (88/120)  t0=2388   rollout=  0.9s  avg= 0.9s/seq  elapsed=  1.3m  eta=  0.5m
[run] meanflow  k=8/10 seq=5/12 (89/120)  t0=3184   rollout=  0.9s  avg= 0.9s/seq  elapsed=  1.3m  eta=  0.5m
[run] meanflow  k=8/10 seq=6/12 (90/120)  t0=3980   rollout=  0.9s  avg= 0.9s/seq  elapsed=  1.4m  eta=  0.5m
[run] meanflow  k=8/10 seq=7/12 (91/120)  t0=4776   rollout=  0.9s  avg= 0.9s/seq  elapsed=  1.4m  eta=  0.4m
[run] meanflow  k=8/10 seq=8/12 (92/120)  t0=5572   rollout=  0.9s  avg= 0.9s/seq  elapsed=  1.4m  eta=  0.4m
[run] meanflow  k=8/10 seq=9/12 (93/120)  t0=6368   rollout=  0.9s  avg= 0.9s/seq  elapsed=  1.4m  eta=  0.4m
[run] meanflow  k=8/10 seq=10/12 (94/120)  t0=7164   rollout=  1.0s  avg= 0.9s/seq  elapsed=  1.4m  eta=  0.4m
[run] meanflow  k=8/10 seq=11/12 (95/120)  t0=7960   rollout=  0.9s  avg= 0.9s/seq  elapsed=  1.4m  eta=  0.4m
[run] meanflow  k=8/10 seq=12/12 (96/120)  t0=8757   rollout=  0.9s  avg= 0.9s/seq  elapsed=  1.5m  eta=  0.4m
[run] meanflow  k=9/10 seq=1/12 (97/120)  t0=0      rollout=  0.9s  avg= 0.9s/seq  elapsed=  1.5m  eta=  0.3m
[run] meanflow  k=9/10 seq=2/12 (98/120)  t0=796    rollout=  0.9s  avg= 0.9s/seq  elapsed=  1.5m  eta=  0.3m
[run] meanflow  k=9/10 seq=3/12 (99/120)  t0=1592   rollout=  0.9s  avg= 0.9s/seq  elapsed=  1.5m  eta=  0.3m
[run] meanflow  k=9/10 seq=4/12 (100/120)  t0=2388   rollout=  0.9s  avg= 0.9s/seq  elapsed=  1.5m  eta=  0.3m
[run] meanflow  k=9/10 seq=5/12 (101/120)  t0=3184   rollout=  0.9s  avg= 0.9s/seq  elapsed=  1.5m  eta=  0.3m
[run] meanflow  k=9/10 seq=6/12 (102/120)  t0=3980   rollout=  0.9s  avg= 0.9s/seq  elapsed=  1.5m  eta=  0.3m
[run] meanflow  k=9/10 seq=7/12 (103/120)  t0=4776   rollout=  0.9s  avg= 0.9s/seq  elapsed=  1.6m  eta=  0.3m
[run] meanflow  k=9/10 seq=8/12 (104/120)  t0=5572   rollout=  0.9s  avg= 0.9s/seq  elapsed=  1.6m  eta=  0.2m
[run] meanflow  k=9/10 seq=9/12 (105/120)  t0=6368   rollout=  0.9s  avg= 0.9s/seq  elapsed=  1.6m  eta=  0.2m
[run] meanflow  k=9/10 seq=10/12 (106/120)  t0=7164   rollout=  0.9s  avg= 0.9s/seq  elapsed=  1.6m  eta=  0.2m
[run] meanflow  k=9/10 seq=11/12 (107/120)  t0=7960   rollout=  0.9s  avg= 0.9s/seq  elapsed=  1.6m  eta=  0.2m
[run] meanflow  k=9/10 seq=12/12 (108/120)  t0=8757   rollout=  0.9s  avg= 0.9s/seq  elapsed=  1.6m  eta=  0.2m
[run] meanflow  k=10/10 seq=1/12 (109/120)  t0=0      rollout=  0.9s  avg= 0.9s/seq  elapsed=  1.6m  eta=  0.2m
[run] meanflow  k=10/10 seq=2/12 (110/120)  t0=796    rollout=  0.9s  avg= 0.9s/seq  elapsed=  1.7m  eta=  0.2m
[run] meanflow  k=10/10 seq=3/12 (111/120)  t0=1592   rollout=  0.9s  avg= 0.9s/seq  elapsed=  1.7m  eta=  0.1m
[run] meanflow  k=10/10 seq=4/12 (112/120)  t0=2388   rollout=  0.9s  avg= 0.9s/seq  elapsed=  1.7m  eta=  0.1m
[run] meanflow  k=10/10 seq=5/12 (113/120)  t0=3184   rollout=  0.9s  avg= 0.9s/seq  elapsed=  1.7m  eta=  0.1m
[run] meanflow  k=10/10 seq=6/12 (114/120)  t0=3980   rollout=  0.9s  avg= 0.9s/seq  elapsed=  1.7m  eta=  0.1m
[run] meanflow  k=10/10 seq=7/12 (115/120)  t0=4776   rollout=  0.9s  avg= 0.9s/seq  elapsed=  1.7m  eta=  0.1m
[run] meanflow  k=10/10 seq=8/12 (116/120)  t0=5572   rollout=  0.9s  avg= 0.9s/seq  elapsed=  1.8m  eta=  0.1m
[run] meanflow  k=10/10 seq=9/12 (117/120)  t0=6368   rollout=  0.9s  avg= 0.9s/seq  elapsed=  1.8m  eta=  0.0m
[run] meanflow  k=10/10 seq=10/12 (118/120)  t0=7164   rollout=  0.9s  avg= 0.9s/seq  elapsed=  1.8m  eta=  0.0m
[run] meanflow  k=10/10 seq=11/12 (119/120)  t0=7960   rollout=  0.9s  avg= 0.9s/seq  elapsed=  1.8m  eta=  0.0m
[run] meanflow  k=10/10 seq=12/12 (120/120)  t0=8757   rollout=  0.9s  avg= 0.9s/seq  elapsed=  1.8m  eta=  0.0m
[run] meanflow ensemble finished in 1.8m
[2026-06-12 11:56:00] [nfe_sweep] NFE= 20  t/seq= 0.90s  CRPS-qpepre=0.1190  CSI-M=0.2879  RMSE-qpepre=0.5521  NFE-elapsed=1.8m
| method | Time/Seq.(s) | CRPS↓ | CSI-M↑ | CSI-P16↑ | FSS-P16-M↑ | HSS-M↑ | FAR-M↓ | RMSE_u10↓ | RMSE_v10↓ | RMSE_t2m↓ | RMSE_qpepre↓ |
|---|---|---|---|---|---|---|---|---|---|---|---|
| meanflow | 0.897 | 0.2834 | 0.2879 | 0.1746 | 0.2806 | 0.3862 | 0.2461 | 0.8313 | 0.8271 | 0.3884 | 0.5521 |

================================================================
[2026-06-12 11:56:00] NFE = 25   (12/15)
================================================================
[run] meanflow ensemble starting: K=10 x S=12 x T=1 = 120 sequence-rollouts
[run] meanflow  k=1/10 seq=1/12 (1/120)  t0=0      rollout=  1.1s  avg= 1.1s/seq  elapsed=  0.0m  eta=  2.1m
[run] meanflow  k=1/10 seq=2/12 (2/120)  t0=796    rollout=  1.1s  avg= 1.1s/seq  elapsed=  0.0m  eta=  2.1m
[run] meanflow  k=1/10 seq=3/12 (3/120)  t0=1592   rollout=  1.1s  avg= 1.1s/seq  elapsed=  0.1m  eta=  2.1m
[run] meanflow  k=1/10 seq=4/12 (4/120)  t0=2388   rollout=  1.1s  avg= 1.1s/seq  elapsed=  0.1m  eta=  2.1m
[run] meanflow  k=1/10 seq=5/12 (5/120)  t0=3184   rollout=  1.1s  avg= 1.1s/seq  elapsed=  0.1m  eta=  2.1m
[run] meanflow  k=1/10 seq=6/12 (6/120)  t0=3980   rollout=  1.1s  avg= 1.1s/seq  elapsed=  0.1m  eta=  2.1m
[run] meanflow  k=1/10 seq=7/12 (7/120)  t0=4776   rollout=  1.1s  avg= 1.1s/seq  elapsed=  0.1m  eta=  2.0m
[run] meanflow  k=1/10 seq=8/12 (8/120)  t0=5572   rollout=  1.1s  avg= 1.1s/seq  elapsed=  0.1m  eta=  2.0m
[run] meanflow  k=1/10 seq=9/12 (9/120)  t0=6368   rollout=  1.1s  avg= 1.1s/seq  elapsed=  0.2m  eta=  2.0m
[run] meanflow  k=1/10 seq=10/12 (10/120)  t0=7164   rollout=  1.1s  avg= 1.1s/seq  elapsed=  0.2m  eta=  2.0m
[run] meanflow  k=1/10 seq=11/12 (11/120)  t0=7960   rollout=  1.1s  avg= 1.1s/seq  elapsed=  0.2m  eta=  2.0m
[run] meanflow  k=1/10 seq=12/12 (12/120)  t0=8757   rollout=  1.1s  avg= 1.1s/seq  elapsed=  0.2m  eta=  2.0m
[run] meanflow  k=2/10 seq=1/12 (13/120)  t0=0      rollout=  1.1s  avg= 1.1s/seq  elapsed=  0.2m  eta=  1.9m
[run] meanflow  k=2/10 seq=2/12 (14/120)  t0=796    rollout=  1.1s  avg= 1.1s/seq  elapsed=  0.3m  eta=  1.9m
[run] meanflow  k=2/10 seq=3/12 (15/120)  t0=1592   rollout=  1.1s  avg= 1.1s/seq  elapsed=  0.3m  eta=  1.9m
[run] meanflow  k=2/10 seq=4/12 (16/120)  t0=2388   rollout=  1.1s  avg= 1.1s/seq  elapsed=  0.3m  eta=  1.9m
[run] meanflow  k=2/10 seq=5/12 (17/120)  t0=3184   rollout=  1.1s  avg= 1.1s/seq  elapsed=  0.3m  eta=  1.9m
[run] meanflow  k=2/10 seq=6/12 (18/120)  t0=3980   rollout=  1.1s  avg= 1.1s/seq  elapsed=  0.3m  eta=  1.9m
[run] meanflow  k=2/10 seq=7/12 (19/120)  t0=4776   rollout=  1.1s  avg= 1.1s/seq  elapsed=  0.3m  eta=  1.8m
[run] meanflow  k=2/10 seq=8/12 (20/120)  t0=5572   rollout=  1.1s  avg= 1.1s/seq  elapsed=  0.4m  eta=  1.8m
[run] meanflow  k=2/10 seq=9/12 (21/120)  t0=6368   rollout=  1.1s  avg= 1.1s/seq  elapsed=  0.4m  eta=  1.8m
[run] meanflow  k=2/10 seq=10/12 (22/120)  t0=7164   rollout=  1.1s  avg= 1.1s/seq  elapsed=  0.4m  eta=  1.8m
[run] meanflow  k=2/10 seq=11/12 (23/120)  t0=7960   rollout=  1.1s  avg= 1.1s/seq  elapsed=  0.4m  eta=  1.8m
[run] meanflow  k=2/10 seq=12/12 (24/120)  t0=8757   rollout=  1.1s  avg= 1.1s/seq  elapsed=  0.4m  eta=  1.7m
[run] meanflow  k=3/10 seq=1/12 (25/120)  t0=0      rollout=  1.1s  avg= 1.1s/seq  elapsed=  0.5m  eta=  1.7m
[run] meanflow  k=3/10 seq=2/12 (26/120)  t0=796    rollout=  1.1s  avg= 1.1s/seq  elapsed=  0.5m  eta=  1.7m
[run] meanflow  k=3/10 seq=3/12 (27/120)  t0=1592   rollout=  1.1s  avg= 1.1s/seq  elapsed=  0.5m  eta=  1.7m
[run] meanflow  k=3/10 seq=4/12 (28/120)  t0=2388   rollout=  1.1s  avg= 1.1s/seq  elapsed=  0.5m  eta=  1.7m
[run] meanflow  k=3/10 seq=5/12 (29/120)  t0=3184   rollout=  1.1s  avg= 1.1s/seq  elapsed=  0.5m  eta=  1.6m
[run] meanflow  k=3/10 seq=6/12 (30/120)  t0=3980   rollout=  1.1s  avg= 1.1s/seq  elapsed=  0.5m  eta=  1.6m
[run] meanflow  k=3/10 seq=7/12 (31/120)  t0=4776   rollout=  1.1s  avg= 1.1s/seq  elapsed=  0.6m  eta=  1.6m
[run] meanflow  k=3/10 seq=8/12 (32/120)  t0=5572   rollout=  1.1s  avg= 1.1s/seq  elapsed=  0.6m  eta=  1.6m
[run] meanflow  k=3/10 seq=9/12 (33/120)  t0=6368   rollout=  1.1s  avg= 1.1s/seq  elapsed=  0.6m  eta=  1.6m
[run] meanflow  k=3/10 seq=10/12 (34/120)  t0=7164   rollout=  1.1s  avg= 1.1s/seq  elapsed=  0.6m  eta=  1.6m
[run] meanflow  k=3/10 seq=11/12 (35/120)  t0=7960   rollout=  1.1s  avg= 1.1s/seq  elapsed=  0.6m  eta=  1.5m
[run] meanflow  k=3/10 seq=12/12 (36/120)  t0=8757   rollout=  1.1s  avg= 1.1s/seq  elapsed=  0.7m  eta=  1.5m
[run] meanflow  k=4/10 seq=1/12 (37/120)  t0=0      rollout=  1.1s  avg= 1.1s/seq  elapsed=  0.7m  eta=  1.5m
[run] meanflow  k=4/10 seq=2/12 (38/120)  t0=796    rollout=  1.1s  avg= 1.1s/seq  elapsed=  0.7m  eta=  1.5m
[run] meanflow  k=4/10 seq=3/12 (39/120)  t0=1592   rollout=  1.1s  avg= 1.1s/seq  elapsed=  0.7m  eta=  1.5m
[run] meanflow  k=4/10 seq=4/12 (40/120)  t0=2388   rollout=  1.1s  avg= 1.1s/seq  elapsed=  0.7m  eta=  1.4m
[run] meanflow  k=4/10 seq=5/12 (41/120)  t0=3184   rollout=  1.1s  avg= 1.1s/seq  elapsed=  0.7m  eta=  1.4m
[run] meanflow  k=4/10 seq=6/12 (42/120)  t0=3980   rollout=  1.1s  avg= 1.1s/seq  elapsed=  0.8m  eta=  1.4m
[run] meanflow  k=4/10 seq=7/12 (43/120)  t0=4776   rollout=  1.1s  avg= 1.1s/seq  elapsed=  0.8m  eta=  1.4m
[run] meanflow  k=4/10 seq=8/12 (44/120)  t0=5572   rollout=  1.1s  avg= 1.1s/seq  elapsed=  0.8m  eta=  1.4m
[run] meanflow  k=4/10 seq=9/12 (45/120)  t0=6368   rollout=  1.1s  avg= 1.1s/seq  elapsed=  0.8m  eta=  1.4m
[run] meanflow  k=4/10 seq=10/12 (46/120)  t0=7164   rollout=  1.1s  avg= 1.1s/seq  elapsed=  0.8m  eta=  1.3m
[run] meanflow  k=4/10 seq=11/12 (47/120)  t0=7960   rollout=  1.1s  avg= 1.1s/seq  elapsed=  0.9m  eta=  1.3m
[run] meanflow  k=4/10 seq=12/12 (48/120)  t0=8757   rollout=  1.1s  avg= 1.1s/seq  elapsed=  0.9m  eta=  1.3m
[run] meanflow  k=5/10 seq=1/12 (49/120)  t0=0      rollout=  1.1s  avg= 1.1s/seq  elapsed=  0.9m  eta=  1.3m
[run] meanflow  k=5/10 seq=2/12 (50/120)  t0=796    rollout=  1.1s  avg= 1.1s/seq  elapsed=  0.9m  eta=  1.3m
[run] meanflow  k=5/10 seq=3/12 (51/120)  t0=1592   rollout=  1.1s  avg= 1.1s/seq  elapsed=  0.9m  eta=  1.3m
[run] meanflow  k=5/10 seq=4/12 (52/120)  t0=2388   rollout=  1.1s  avg= 1.1s/seq  elapsed=  0.9m  eta=  1.2m
[run] meanflow  k=5/10 seq=5/12 (53/120)  t0=3184   rollout=  1.1s  avg= 1.1s/seq  elapsed=  1.0m  eta=  1.2m
[run] meanflow  k=5/10 seq=6/12 (54/120)  t0=3980   rollout=  1.1s  avg= 1.1s/seq  elapsed=  1.0m  eta=  1.2m
[run] meanflow  k=5/10 seq=7/12 (55/120)  t0=4776   rollout=  1.2s  avg= 1.1s/seq  elapsed=  1.0m  eta=  1.2m
[run] meanflow  k=5/10 seq=8/12 (56/120)  t0=5572   rollout=  1.1s  avg= 1.1s/seq  elapsed=  1.0m  eta=  1.2m
[run] meanflow  k=5/10 seq=9/12 (57/120)  t0=6368   rollout=  1.1s  avg= 1.1s/seq  elapsed=  1.0m  eta=  1.1m
[run] meanflow  k=5/10 seq=10/12 (58/120)  t0=7164   rollout=  1.1s  avg= 1.1s/seq  elapsed=  1.1m  eta=  1.1m
[run] meanflow  k=5/10 seq=11/12 (59/120)  t0=7960   rollout=  1.1s  avg= 1.1s/seq  elapsed=  1.1m  eta=  1.1m
[run] meanflow  k=5/10 seq=12/12 (60/120)  t0=8757   rollout=  1.1s  avg= 1.1s/seq  elapsed=  1.1m  eta=  1.1m
[run] meanflow  k=6/10 seq=1/12 (61/120)  t0=0      rollout=  1.1s  avg= 1.1s/seq  elapsed=  1.1m  eta=  1.1m
[run] meanflow  k=6/10 seq=2/12 (62/120)  t0=796    rollout=  1.1s  avg= 1.1s/seq  elapsed=  1.1m  eta=  1.1m
[run] meanflow  k=6/10 seq=3/12 (63/120)  t0=1592   rollout=  1.1s  avg= 1.1s/seq  elapsed=  1.1m  eta=  1.0m
[run] meanflow  k=6/10 seq=4/12 (64/120)  t0=2388   rollout=  1.1s  avg= 1.1s/seq  elapsed=  1.2m  eta=  1.0m
[run] meanflow  k=6/10 seq=5/12 (65/120)  t0=3184   rollout=  1.1s  avg= 1.1s/seq  elapsed=  1.2m  eta=  1.0m
[run] meanflow  k=6/10 seq=6/12 (66/120)  t0=3980   rollout=  1.1s  avg= 1.1s/seq  elapsed=  1.2m  eta=  1.0m
[run] meanflow  k=6/10 seq=7/12 (67/120)  t0=4776   rollout=  1.1s  avg= 1.1s/seq  elapsed=  1.2m  eta=  1.0m
[run] meanflow  k=6/10 seq=8/12 (68/120)  t0=5572   rollout=  1.1s  avg= 1.1s/seq  elapsed=  1.2m  eta=  0.9m
[run] meanflow  k=6/10 seq=9/12 (69/120)  t0=6368   rollout=  1.1s  avg= 1.1s/seq  elapsed=  1.3m  eta=  0.9m
[run] meanflow  k=6/10 seq=10/12 (70/120)  t0=7164   rollout=  1.1s  avg= 1.1s/seq  elapsed=  1.3m  eta=  0.9m
[run] meanflow  k=6/10 seq=11/12 (71/120)  t0=7960   rollout=  1.1s  avg= 1.1s/seq  elapsed=  1.3m  eta=  0.9m
[run] meanflow  k=6/10 seq=12/12 (72/120)  t0=8757   rollout=  1.1s  avg= 1.1s/seq  elapsed=  1.3m  eta=  0.9m
[run] meanflow  k=7/10 seq=1/12 (73/120)  t0=0      rollout=  1.1s  avg= 1.1s/seq  elapsed=  1.3m  eta=  0.9m
[run] meanflow  k=7/10 seq=2/12 (74/120)  t0=796    rollout=  1.1s  avg= 1.1s/seq  elapsed=  1.3m  eta=  0.8m
[run] meanflow  k=7/10 seq=3/12 (75/120)  t0=1592   rollout=  1.1s  avg= 1.1s/seq  elapsed=  1.4m  eta=  0.8m
[run] meanflow  k=7/10 seq=4/12 (76/120)  t0=2388   rollout=  1.1s  avg= 1.1s/seq  elapsed=  1.4m  eta=  0.8m
[run] meanflow  k=7/10 seq=5/12 (77/120)  t0=3184   rollout=  1.1s  avg= 1.1s/seq  elapsed=  1.4m  eta=  0.8m
[run] meanflow  k=7/10 seq=6/12 (78/120)  t0=3980   rollout=  1.1s  avg= 1.1s/seq  elapsed=  1.4m  eta=  0.8m
[run] meanflow  k=7/10 seq=7/12 (79/120)  t0=4776   rollout=  1.1s  avg= 1.1s/seq  elapsed=  1.4m  eta=  0.7m
[run] meanflow  k=7/10 seq=8/12 (80/120)  t0=5572   rollout=  1.1s  avg= 1.1s/seq  elapsed=  1.5m  eta=  0.7m
[run] meanflow  k=7/10 seq=9/12 (81/120)  t0=6368   rollout=  1.1s  avg= 1.1s/seq  elapsed=  1.5m  eta=  0.7m
[run] meanflow  k=7/10 seq=10/12 (82/120)  t0=7164   rollout=  1.1s  avg= 1.1s/seq  elapsed=  1.5m  eta=  0.7m
[run] meanflow  k=7/10 seq=11/12 (83/120)  t0=7960   rollout=  1.1s  avg= 1.1s/seq  elapsed=  1.5m  eta=  0.7m
[run] meanflow  k=7/10 seq=12/12 (84/120)  t0=8757   rollout=  1.1s  avg= 1.1s/seq  elapsed=  1.5m  eta=  0.7m
[run] meanflow  k=8/10 seq=1/12 (85/120)  t0=0      rollout=  1.1s  avg= 1.1s/seq  elapsed=  1.5m  eta=  0.6m
[run] meanflow  k=8/10 seq=2/12 (86/120)  t0=796    rollout=  1.1s  avg= 1.1s/seq  elapsed=  1.6m  eta=  0.6m
[run] meanflow  k=8/10 seq=3/12 (87/120)  t0=1592   rollout=  1.1s  avg= 1.1s/seq  elapsed=  1.6m  eta=  0.6m
[run] meanflow  k=8/10 seq=4/12 (88/120)  t0=2388   rollout=  1.1s  avg= 1.1s/seq  elapsed=  1.6m  eta=  0.6m
[run] meanflow  k=8/10 seq=5/12 (89/120)  t0=3184   rollout=  1.1s  avg= 1.1s/seq  elapsed=  1.6m  eta=  0.6m
[run] meanflow  k=8/10 seq=6/12 (90/120)  t0=3980   rollout=  1.1s  avg= 1.1s/seq  elapsed=  1.6m  eta=  0.5m
[run] meanflow  k=8/10 seq=7/12 (91/120)  t0=4776   rollout=  1.1s  avg= 1.1s/seq  elapsed=  1.7m  eta=  0.5m
[run] meanflow  k=8/10 seq=8/12 (92/120)  t0=5572   rollout=  1.1s  avg= 1.1s/seq  elapsed=  1.7m  eta=  0.5m
[run] meanflow  k=8/10 seq=9/12 (93/120)  t0=6368   rollout=  1.1s  avg= 1.1s/seq  elapsed=  1.7m  eta=  0.5m
[run] meanflow  k=8/10 seq=10/12 (94/120)  t0=7164   rollout=  1.1s  avg= 1.1s/seq  elapsed=  1.7m  eta=  0.5m
[run] meanflow  k=8/10 seq=11/12 (95/120)  t0=7960   rollout=  1.1s  avg= 1.1s/seq  elapsed=  1.7m  eta=  0.5m
[run] meanflow  k=8/10 seq=12/12 (96/120)  t0=8757   rollout=  1.1s  avg= 1.1s/seq  elapsed=  1.7m  eta=  0.4m
[run] meanflow  k=9/10 seq=1/12 (97/120)  t0=0      rollout=  1.1s  avg= 1.1s/seq  elapsed=  1.8m  eta=  0.4m
[run] meanflow  k=9/10 seq=2/12 (98/120)  t0=796    rollout=  1.1s  avg= 1.1s/seq  elapsed=  1.8m  eta=  0.4m
[run] meanflow  k=9/10 seq=3/12 (99/120)  t0=1592   rollout=  1.1s  avg= 1.1s/seq  elapsed=  1.8m  eta=  0.4m
[run] meanflow  k=9/10 seq=4/12 (100/120)  t0=2388   rollout=  1.1s  avg= 1.1s/seq  elapsed=  1.8m  eta=  0.4m
[run] meanflow  k=9/10 seq=5/12 (101/120)  t0=3184   rollout=  1.1s  avg= 1.1s/seq  elapsed=  1.8m  eta=  0.3m
[run] meanflow  k=9/10 seq=6/12 (102/120)  t0=3980   rollout=  1.1s  avg= 1.1s/seq  elapsed=  1.9m  eta=  0.3m
[run] meanflow  k=9/10 seq=7/12 (103/120)  t0=4776   rollout=  1.1s  avg= 1.1s/seq  elapsed=  1.9m  eta=  0.3m
[run] meanflow  k=9/10 seq=8/12 (104/120)  t0=5572   rollout=  1.1s  avg= 1.1s/seq  elapsed=  1.9m  eta=  0.3m
[run] meanflow  k=9/10 seq=9/12 (105/120)  t0=6368   rollout=  1.1s  avg= 1.1s/seq  elapsed=  1.9m  eta=  0.3m
[run] meanflow  k=9/10 seq=10/12 (106/120)  t0=7164   rollout=  1.1s  avg= 1.1s/seq  elapsed=  1.9m  eta=  0.3m
[run] meanflow  k=9/10 seq=11/12 (107/120)  t0=7960   rollout=  1.1s  avg= 1.1s/seq  elapsed=  1.9m  eta=  0.2m
[run] meanflow  k=9/10 seq=12/12 (108/120)  t0=8757   rollout=  1.1s  avg= 1.1s/seq  elapsed=  2.0m  eta=  0.2m
[run] meanflow  k=10/10 seq=1/12 (109/120)  t0=0      rollout=  1.1s  avg= 1.1s/seq  elapsed=  2.0m  eta=  0.2m
[run] meanflow  k=10/10 seq=2/12 (110/120)  t0=796    rollout=  1.1s  avg= 1.1s/seq  elapsed=  2.0m  eta=  0.2m
[run] meanflow  k=10/10 seq=3/12 (111/120)  t0=1592   rollout=  1.1s  avg= 1.1s/seq  elapsed=  2.0m  eta=  0.2m
[run] meanflow  k=10/10 seq=4/12 (112/120)  t0=2388   rollout=  1.1s  avg= 1.1s/seq  elapsed=  2.0m  eta=  0.1m
[run] meanflow  k=10/10 seq=5/12 (113/120)  t0=3184   rollout=  1.1s  avg= 1.1s/seq  elapsed=  2.1m  eta=  0.1m
[run] meanflow  k=10/10 seq=6/12 (114/120)  t0=3980   rollout=  1.1s  avg= 1.1s/seq  elapsed=  2.1m  eta=  0.1m
[run] meanflow  k=10/10 seq=7/12 (115/120)  t0=4776   rollout=  1.1s  avg= 1.1s/seq  elapsed=  2.1m  eta=  0.1m
[run] meanflow  k=10/10 seq=8/12 (116/120)  t0=5572   rollout=  1.1s  avg= 1.1s/seq  elapsed=  2.1m  eta=  0.1m
[run] meanflow  k=10/10 seq=9/12 (117/120)  t0=6368   rollout=  1.1s  avg= 1.1s/seq  elapsed=  2.1m  eta=  0.1m
[run] meanflow  k=10/10 seq=10/12 (118/120)  t0=7164   rollout=  1.1s  avg= 1.1s/seq  elapsed=  2.1m  eta=  0.0m
[run] meanflow  k=10/10 seq=11/12 (119/120)  t0=7960   rollout=  1.1s  avg= 1.1s/seq  elapsed=  2.2m  eta=  0.0m
[run] meanflow  k=10/10 seq=12/12 (120/120)  t0=8757   rollout=  1.1s  avg= 1.1s/seq  elapsed=  2.2m  eta=  0.0m
[run] meanflow ensemble finished in 2.2m
[2026-06-12 11:58:11] [nfe_sweep] NFE= 25  t/seq= 1.09s  CRPS-qpepre=0.1183  CSI-M=0.2959  RMSE-qpepre=0.5512  NFE-elapsed=2.2m
| method | Time/Seq.(s) | CRPS↓ | CSI-M↑ | CSI-P16↑ | FSS-P16-M↑ | HSS-M↑ | FAR-M↓ | RMSE_u10↓ | RMSE_v10↓ | RMSE_t2m↓ | RMSE_qpepre↓ |
|---|---|---|---|---|---|---|---|---|---|---|---|
| meanflow | 1.087 | 0.2831 | 0.2959 | 0.2063 | 0.3218 | 0.3977 | 0.2584 | 0.8326 | 0.8244 | 0.3891 | 0.5512 |

================================================================
[2026-06-12 11:58:11] NFE = 32   (13/15)
================================================================
[run] meanflow ensemble starting: K=10 x S=12 x T=1 = 120 sequence-rollouts
[run] meanflow  k=1/10 seq=1/12 (1/120)  t0=0      rollout=  1.3s  avg= 1.3s/seq  elapsed=  0.0m  eta=  2.7m
[run] meanflow  k=1/10 seq=2/12 (2/120)  t0=796    rollout=  1.4s  avg= 1.4s/seq  elapsed=  0.0m  eta=  2.7m
[run] meanflow  k=1/10 seq=3/12 (3/120)  t0=1592   rollout=  1.3s  avg= 1.4s/seq  elapsed=  0.1m  eta=  2.6m
[run] meanflow  k=1/10 seq=4/12 (4/120)  t0=2388   rollout=  1.4s  avg= 1.4s/seq  elapsed=  0.1m  eta=  2.6m
[run] meanflow  k=1/10 seq=5/12 (5/120)  t0=3184   rollout=  1.4s  avg= 1.4s/seq  elapsed=  0.1m  eta=  2.6m
[run] meanflow  k=1/10 seq=6/12 (6/120)  t0=3980   rollout=  1.4s  avg= 1.4s/seq  elapsed=  0.1m  eta=  2.6m
[run] meanflow  k=1/10 seq=7/12 (7/120)  t0=4776   rollout=  1.4s  avg= 1.4s/seq  elapsed=  0.2m  eta=  2.6m
[run] meanflow  k=1/10 seq=8/12 (8/120)  t0=5572   rollout=  1.4s  avg= 1.4s/seq  elapsed=  0.2m  eta=  2.5m
[run] meanflow  k=1/10 seq=9/12 (9/120)  t0=6368   rollout=  1.4s  avg= 1.4s/seq  elapsed=  0.2m  eta=  2.5m
[run] meanflow  k=1/10 seq=10/12 (10/120)  t0=7164   rollout=  1.3s  avg= 1.4s/seq  elapsed=  0.2m  eta=  2.5m
[run] meanflow  k=1/10 seq=11/12 (11/120)  t0=7960   rollout=  1.4s  avg= 1.4s/seq  elapsed=  0.3m  eta=  2.5m
[run] meanflow  k=1/10 seq=12/12 (12/120)  t0=8757   rollout=  1.4s  avg= 1.4s/seq  elapsed=  0.3m  eta=  2.5m
[run] meanflow  k=2/10 seq=1/12 (13/120)  t0=0      rollout=  1.4s  avg= 1.4s/seq  elapsed=  0.3m  eta=  2.4m
[run] meanflow  k=2/10 seq=2/12 (14/120)  t0=796    rollout=  1.4s  avg= 1.4s/seq  elapsed=  0.3m  eta=  2.4m
[run] meanflow  k=2/10 seq=3/12 (15/120)  t0=1592   rollout=  1.3s  avg= 1.4s/seq  elapsed=  0.3m  eta=  2.4m
[run] meanflow  k=2/10 seq=4/12 (16/120)  t0=2388   rollout=  1.4s  avg= 1.4s/seq  elapsed=  0.4m  eta=  2.4m
[run] meanflow  k=2/10 seq=5/12 (17/120)  t0=3184   rollout=  1.4s  avg= 1.4s/seq  elapsed=  0.4m  eta=  2.3m
[run] meanflow  k=2/10 seq=6/12 (18/120)  t0=3980   rollout=  1.4s  avg= 1.4s/seq  elapsed=  0.4m  eta=  2.3m
[run] meanflow  k=2/10 seq=7/12 (19/120)  t0=4776   rollout=  1.4s  avg= 1.4s/seq  elapsed=  0.4m  eta=  2.3m
[run] meanflow  k=2/10 seq=8/12 (20/120)  t0=5572   rollout=  1.4s  avg= 1.4s/seq  elapsed=  0.5m  eta=  2.3m
[run] meanflow  k=2/10 seq=9/12 (21/120)  t0=6368   rollout=  1.4s  avg= 1.4s/seq  elapsed=  0.5m  eta=  2.2m
[run] meanflow  k=2/10 seq=10/12 (22/120)  t0=7164   rollout=  1.3s  avg= 1.4s/seq  elapsed=  0.5m  eta=  2.2m
[run] meanflow  k=2/10 seq=11/12 (23/120)  t0=7960   rollout=  1.4s  avg= 1.4s/seq  elapsed=  0.5m  eta=  2.2m
[run] meanflow  k=2/10 seq=12/12 (24/120)  t0=8757   rollout=  1.3s  avg= 1.4s/seq  elapsed=  0.5m  eta=  2.2m
[run] meanflow  k=3/10 seq=1/12 (25/120)  t0=0      rollout=  1.4s  avg= 1.4s/seq  elapsed=  0.6m  eta=  2.2m
[run] meanflow  k=3/10 seq=2/12 (26/120)  t0=796    rollout=  1.4s  avg= 1.4s/seq  elapsed=  0.6m  eta=  2.1m
[run] meanflow  k=3/10 seq=3/12 (27/120)  t0=1592   rollout=  1.3s  avg= 1.4s/seq  elapsed=  0.6m  eta=  2.1m
[run] meanflow  k=3/10 seq=4/12 (28/120)  t0=2388   rollout=  1.4s  avg= 1.4s/seq  elapsed=  0.6m  eta=  2.1m
[run] meanflow  k=3/10 seq=5/12 (29/120)  t0=3184   rollout=  1.4s  avg= 1.4s/seq  elapsed=  0.7m  eta=  2.1m
[run] meanflow  k=3/10 seq=6/12 (30/120)  t0=3980   rollout=  1.4s  avg= 1.4s/seq  elapsed=  0.7m  eta=  2.0m
[run] meanflow  k=3/10 seq=7/12 (31/120)  t0=4776   rollout=  1.4s  avg= 1.4s/seq  elapsed=  0.7m  eta=  2.0m
[run] meanflow  k=3/10 seq=8/12 (32/120)  t0=5572   rollout=  1.4s  avg= 1.4s/seq  elapsed=  0.7m  eta=  2.0m
[run] meanflow  k=3/10 seq=9/12 (33/120)  t0=6368   rollout=  1.4s  avg= 1.4s/seq  elapsed=  0.7m  eta=  2.0m
[run] meanflow  k=3/10 seq=10/12 (34/120)  t0=7164   rollout=  1.3s  avg= 1.4s/seq  elapsed=  0.8m  eta=  1.9m
[run] meanflow  k=3/10 seq=11/12 (35/120)  t0=7960   rollout=  1.4s  avg= 1.4s/seq  elapsed=  0.8m  eta=  1.9m
[run] meanflow  k=3/10 seq=12/12 (36/120)  t0=8757   rollout=  1.4s  avg= 1.4s/seq  elapsed=  0.8m  eta=  1.9m
[run] meanflow  k=4/10 seq=1/12 (37/120)  t0=0      rollout=  1.4s  avg= 1.4s/seq  elapsed=  0.8m  eta=  1.9m
[run] meanflow  k=4/10 seq=2/12 (38/120)  t0=796    rollout=  1.4s  avg= 1.4s/seq  elapsed=  0.9m  eta=  1.9m
[run] meanflow  k=4/10 seq=3/12 (39/120)  t0=1592   rollout=  1.3s  avg= 1.4s/seq  elapsed=  0.9m  eta=  1.8m
[run] meanflow  k=4/10 seq=4/12 (40/120)  t0=2388   rollout=  1.4s  avg= 1.4s/seq  elapsed=  0.9m  eta=  1.8m
[run] meanflow  k=4/10 seq=5/12 (41/120)  t0=3184   rollout=  1.4s  avg= 1.4s/seq  elapsed=  0.9m  eta=  1.8m
[run] meanflow  k=4/10 seq=6/12 (42/120)  t0=3980   rollout=  1.4s  avg= 1.4s/seq  elapsed=  1.0m  eta=  1.8m
[run] meanflow  k=4/10 seq=7/12 (43/120)  t0=4776   rollout=  1.4s  avg= 1.4s/seq  elapsed=  1.0m  eta=  1.7m
[run] meanflow  k=4/10 seq=8/12 (44/120)  t0=5572   rollout=  1.3s  avg= 1.4s/seq  elapsed=  1.0m  eta=  1.7m
[run] meanflow  k=4/10 seq=9/12 (45/120)  t0=6368   rollout=  1.4s  avg= 1.4s/seq  elapsed=  1.0m  eta=  1.7m
[run] meanflow  k=4/10 seq=10/12 (46/120)  t0=7164   rollout=  1.4s  avg= 1.4s/seq  elapsed=  1.0m  eta=  1.7m
[run] meanflow  k=4/10 seq=11/12 (47/120)  t0=7960   rollout=  1.4s  avg= 1.4s/seq  elapsed=  1.1m  eta=  1.7m
[run] meanflow  k=4/10 seq=12/12 (48/120)  t0=8757   rollout=  1.4s  avg= 1.4s/seq  elapsed=  1.1m  eta=  1.6m
[run] meanflow  k=5/10 seq=1/12 (49/120)  t0=0      rollout=  1.4s  avg= 1.4s/seq  elapsed=  1.1m  eta=  1.6m
[run] meanflow  k=5/10 seq=2/12 (50/120)  t0=796    rollout=  1.4s  avg= 1.4s/seq  elapsed=  1.1m  eta=  1.6m
[run] meanflow  k=5/10 seq=3/12 (51/120)  t0=1592   rollout=  1.4s  avg= 1.4s/seq  elapsed=  1.2m  eta=  1.6m
[run] meanflow  k=5/10 seq=4/12 (52/120)  t0=2388   rollout=  1.4s  avg= 1.4s/seq  elapsed=  1.2m  eta=  1.5m
[run] meanflow  k=5/10 seq=5/12 (53/120)  t0=3184   rollout=  1.4s  avg= 1.4s/seq  elapsed=  1.2m  eta=  1.5m
[run] meanflow  k=5/10 seq=6/12 (54/120)  t0=3980   rollout=  1.4s  avg= 1.4s/seq  elapsed=  1.2m  eta=  1.5m
[run] meanflow  k=5/10 seq=7/12 (55/120)  t0=4776   rollout=  1.4s  avg= 1.4s/seq  elapsed=  1.2m  eta=  1.5m
[run] meanflow  k=5/10 seq=8/12 (56/120)  t0=5572   rollout=  1.4s  avg= 1.4s/seq  elapsed=  1.3m  eta=  1.5m
[run] meanflow  k=5/10 seq=9/12 (57/120)  t0=6368   rollout=  1.4s  avg= 1.4s/seq  elapsed=  1.3m  eta=  1.4m
[run] meanflow  k=5/10 seq=10/12 (58/120)  t0=7164   rollout=  1.4s  avg= 1.4s/seq  elapsed=  1.3m  eta=  1.4m
[run] meanflow  k=5/10 seq=11/12 (59/120)  t0=7960   rollout=  1.4s  avg= 1.4s/seq  elapsed=  1.3m  eta=  1.4m
[run] meanflow  k=5/10 seq=12/12 (60/120)  t0=8757   rollout=  1.4s  avg= 1.4s/seq  elapsed=  1.4m  eta=  1.4m
[run] meanflow  k=6/10 seq=1/12 (61/120)  t0=0      rollout=  1.4s  avg= 1.4s/seq  elapsed=  1.4m  eta=  1.3m
[run] meanflow  k=6/10 seq=2/12 (62/120)  t0=796    rollout=  1.4s  avg= 1.4s/seq  elapsed=  1.4m  eta=  1.3m
[run] meanflow  k=6/10 seq=3/12 (63/120)  t0=1592   rollout=  1.4s  avg= 1.4s/seq  elapsed=  1.4m  eta=  1.3m
[run] meanflow  k=6/10 seq=4/12 (64/120)  t0=2388   rollout=  1.4s  avg= 1.4s/seq  elapsed=  1.5m  eta=  1.3m
[run] meanflow  k=6/10 seq=5/12 (65/120)  t0=3184   rollout=  1.4s  avg= 1.4s/seq  elapsed=  1.5m  eta=  1.2m
[run] meanflow  k=6/10 seq=6/12 (66/120)  t0=3980   rollout=  1.4s  avg= 1.4s/seq  elapsed=  1.5m  eta=  1.2m
[run] meanflow  k=6/10 seq=7/12 (67/120)  t0=4776   rollout=  1.4s  avg= 1.4s/seq  elapsed=  1.5m  eta=  1.2m
[run] meanflow  k=6/10 seq=8/12 (68/120)  t0=5572   rollout=  1.4s  avg= 1.4s/seq  elapsed=  1.5m  eta=  1.2m
[run] meanflow  k=6/10 seq=9/12 (69/120)  t0=6368   rollout=  1.4s  avg= 1.4s/seq  elapsed=  1.6m  eta=  1.2m
[run] meanflow  k=6/10 seq=10/12 (70/120)  t0=7164   rollout=  1.4s  avg= 1.4s/seq  elapsed=  1.6m  eta=  1.1m
[run] meanflow  k=6/10 seq=11/12 (71/120)  t0=7960   rollout=  1.3s  avg= 1.4s/seq  elapsed=  1.6m  eta=  1.1m
[run] meanflow  k=6/10 seq=12/12 (72/120)  t0=8757   rollout=  1.4s  avg= 1.4s/seq  elapsed=  1.6m  eta=  1.1m
[run] meanflow  k=7/10 seq=1/12 (73/120)  t0=0      rollout=  1.4s  avg= 1.4s/seq  elapsed=  1.7m  eta=  1.1m
[run] meanflow  k=7/10 seq=2/12 (74/120)  t0=796    rollout=  1.3s  avg= 1.4s/seq  elapsed=  1.7m  eta=  1.0m
[run] meanflow  k=7/10 seq=3/12 (75/120)  t0=1592   rollout=  1.4s  avg= 1.4s/seq  elapsed=  1.7m  eta=  1.0m
[run] meanflow  k=7/10 seq=4/12 (76/120)  t0=2388   rollout=  1.4s  avg= 1.4s/seq  elapsed=  1.7m  eta=  1.0m
[run] meanflow  k=7/10 seq=5/12 (77/120)  t0=3184   rollout=  1.4s  avg= 1.4s/seq  elapsed=  1.7m  eta=  1.0m
[run] meanflow  k=7/10 seq=6/12 (78/120)  t0=3980   rollout=  1.4s  avg= 1.4s/seq  elapsed=  1.8m  eta=  1.0m
[run] meanflow  k=7/10 seq=7/12 (79/120)  t0=4776   rollout=  1.3s  avg= 1.4s/seq  elapsed=  1.8m  eta=  0.9m
[run] meanflow  k=7/10 seq=8/12 (80/120)  t0=5572   rollout=  1.4s  avg= 1.4s/seq  elapsed=  1.8m  eta=  0.9m
[run] meanflow  k=7/10 seq=9/12 (81/120)  t0=6368   rollout=  1.4s  avg= 1.4s/seq  elapsed=  1.8m  eta=  0.9m
[run] meanflow  k=7/10 seq=10/12 (82/120)  t0=7164   rollout=  1.4s  avg= 1.4s/seq  elapsed=  1.9m  eta=  0.9m
[run] meanflow  k=7/10 seq=11/12 (83/120)  t0=7960   rollout=  1.4s  avg= 1.4s/seq  elapsed=  1.9m  eta=  0.8m
[run] meanflow  k=7/10 seq=12/12 (84/120)  t0=8757   rollout=  1.3s  avg= 1.4s/seq  elapsed=  1.9m  eta=  0.8m
[run] meanflow  k=8/10 seq=1/12 (85/120)  t0=0      rollout=  1.4s  avg= 1.4s/seq  elapsed=  1.9m  eta=  0.8m
[run] meanflow  k=8/10 seq=2/12 (86/120)  t0=796    rollout=  1.4s  avg= 1.4s/seq  elapsed=  2.0m  eta=  0.8m
[run] meanflow  k=8/10 seq=3/12 (87/120)  t0=1592   rollout=  1.4s  avg= 1.4s/seq  elapsed=  2.0m  eta=  0.7m
[run] meanflow  k=8/10 seq=4/12 (88/120)  t0=2388   rollout=  1.4s  avg= 1.4s/seq  elapsed=  2.0m  eta=  0.7m
[run] meanflow  k=8/10 seq=5/12 (89/120)  t0=3184   rollout=  1.4s  avg= 1.4s/seq  elapsed=  2.0m  eta=  0.7m
[run] meanflow  k=8/10 seq=6/12 (90/120)  t0=3980   rollout=  1.4s  avg= 1.4s/seq  elapsed=  2.0m  eta=  0.7m
[run] meanflow  k=8/10 seq=7/12 (91/120)  t0=4776   rollout=  1.4s  avg= 1.4s/seq  elapsed=  2.1m  eta=  0.7m
[run] meanflow  k=8/10 seq=8/12 (92/120)  t0=5572   rollout=  1.4s  avg= 1.4s/seq  elapsed=  2.1m  eta=  0.6m
[run] meanflow  k=8/10 seq=9/12 (93/120)  t0=6368   rollout=  1.4s  avg= 1.4s/seq  elapsed=  2.1m  eta=  0.6m
[run] meanflow  k=8/10 seq=10/12 (94/120)  t0=7164   rollout=  1.4s  avg= 1.4s/seq  elapsed=  2.1m  eta=  0.6m
[run] meanflow  k=8/10 seq=11/12 (95/120)  t0=7960   rollout=  1.4s  avg= 1.4s/seq  elapsed=  2.2m  eta=  0.6m
[run] meanflow  k=8/10 seq=12/12 (96/120)  t0=8757   rollout=  1.4s  avg= 1.4s/seq  elapsed=  2.2m  eta=  0.5m
[run] meanflow  k=9/10 seq=1/12 (97/120)  t0=0      rollout=  1.4s  avg= 1.4s/seq  elapsed=  2.2m  eta=  0.5m
[run] meanflow  k=9/10 seq=2/12 (98/120)  t0=796    rollout=  1.4s  avg= 1.4s/seq  elapsed=  2.2m  eta=  0.5m
[run] meanflow  k=9/10 seq=3/12 (99/120)  t0=1592   rollout=  1.4s  avg= 1.4s/seq  elapsed=  2.3m  eta=  0.5m
[run] meanflow  k=9/10 seq=4/12 (100/120)  t0=2388   rollout=  1.4s  avg= 1.4s/seq  elapsed=  2.3m  eta=  0.5m
[run] meanflow  k=9/10 seq=5/12 (101/120)  t0=3184   rollout=  1.4s  avg= 1.4s/seq  elapsed=  2.3m  eta=  0.4m
[run] meanflow  k=9/10 seq=6/12 (102/120)  t0=3980   rollout=  1.4s  avg= 1.4s/seq  elapsed=  2.3m  eta=  0.4m
[run] meanflow  k=9/10 seq=7/12 (103/120)  t0=4776   rollout=  1.4s  avg= 1.4s/seq  elapsed=  2.3m  eta=  0.4m
[run] meanflow  k=9/10 seq=8/12 (104/120)  t0=5572   rollout=  1.4s  avg= 1.4s/seq  elapsed=  2.4m  eta=  0.4m
[run] meanflow  k=9/10 seq=9/12 (105/120)  t0=6368   rollout=  1.5s  avg= 1.4s/seq  elapsed=  2.4m  eta=  0.3m
[run] meanflow  k=9/10 seq=10/12 (106/120)  t0=7164   rollout=  1.4s  avg= 1.4s/seq  elapsed=  2.4m  eta=  0.3m
[run] meanflow  k=9/10 seq=11/12 (107/120)  t0=7960   rollout=  1.4s  avg= 1.4s/seq  elapsed=  2.4m  eta=  0.3m
[run] meanflow  k=9/10 seq=12/12 (108/120)  t0=8757   rollout=  1.4s  avg= 1.4s/seq  elapsed=  2.5m  eta=  0.3m
[run] meanflow  k=10/10 seq=1/12 (109/120)  t0=0      rollout=  1.4s  avg= 1.4s/seq  elapsed=  2.5m  eta=  0.3m
[run] meanflow  k=10/10 seq=2/12 (110/120)  t0=796    rollout=  1.4s  avg= 1.4s/seq  elapsed=  2.5m  eta=  0.2m
[run] meanflow  k=10/10 seq=3/12 (111/120)  t0=1592   rollout=  1.3s  avg= 1.4s/seq  elapsed=  2.5m  eta=  0.2m
[run] meanflow  k=10/10 seq=4/12 (112/120)  t0=2388   rollout=  1.4s  avg= 1.4s/seq  elapsed=  2.6m  eta=  0.2m
[run] meanflow  k=10/10 seq=5/12 (113/120)  t0=3184   rollout=  1.4s  avg= 1.4s/seq  elapsed=  2.6m  eta=  0.2m
[run] meanflow  k=10/10 seq=6/12 (114/120)  t0=3980   rollout=  1.4s  avg= 1.4s/seq  elapsed=  2.6m  eta=  0.1m
[run] meanflow  k=10/10 seq=7/12 (115/120)  t0=4776   rollout=  1.4s  avg= 1.4s/seq  elapsed=  2.6m  eta=  0.1m
[run] meanflow  k=10/10 seq=8/12 (116/120)  t0=5572   rollout=  1.3s  avg= 1.4s/seq  elapsed=  2.6m  eta=  0.1m
[run] meanflow  k=10/10 seq=9/12 (117/120)  t0=6368   rollout=  1.4s  avg= 1.4s/seq  elapsed=  2.7m  eta=  0.1m
[run] meanflow  k=10/10 seq=10/12 (118/120)  t0=7164   rollout=  1.3s  avg= 1.4s/seq  elapsed=  2.7m  eta=  0.0m
[run] meanflow  k=10/10 seq=11/12 (119/120)  t0=7960   rollout=  1.4s  avg= 1.4s/seq  elapsed=  2.7m  eta=  0.0m
[run] meanflow  k=10/10 seq=12/12 (120/120)  t0=8757   rollout=  1.4s  avg= 1.4s/seq  elapsed=  2.7m  eta=  0.0m
[run] meanflow ensemble finished in 2.7m
[2026-06-12 12:00:55] [nfe_sweep] NFE= 32  t/seq= 1.36s  CRPS-qpepre=0.1179  CSI-M=0.3066  RMSE-qpepre=0.5515  NFE-elapsed=2.7m
| method | Time/Seq.(s) | CRPS↓ | CSI-M↑ | CSI-P16↑ | FSS-P16-M↑ | HSS-M↑ | FAR-M↓ | RMSE_u10↓ | RMSE_v10↓ | RMSE_t2m↓ | RMSE_qpepre↓ |
|---|---|---|---|---|---|---|---|---|---|---|---|
| meanflow | 1.363 | 0.2842 | 0.3066 | 0.2424 | 0.4231 | 0.4125 | 0.2926 | 0.8335 | 0.8231 | 0.3923 | 0.5515 |

================================================================
[2026-06-12 12:00:55] NFE = 40   (14/15)
================================================================
[run] meanflow ensemble starting: K=10 x S=12 x T=1 = 120 sequence-rollouts
[run] meanflow  k=1/10 seq=1/12 (1/120)  t0=0      rollout=  1.7s  avg= 1.7s/seq  elapsed=  0.0m  eta=  3.3m
[run] meanflow  k=1/10 seq=2/12 (2/120)  t0=796    rollout=  1.7s  avg= 1.7s/seq  elapsed=  0.1m  eta=  3.3m
[run] meanflow  k=1/10 seq=3/12 (3/120)  t0=1592   rollout=  1.7s  avg= 1.7s/seq  elapsed=  0.1m  eta=  3.3m
[run] meanflow  k=1/10 seq=4/12 (4/120)  t0=2388   rollout=  1.7s  avg= 1.7s/seq  elapsed=  0.1m  eta=  3.3m
[run] meanflow  k=1/10 seq=5/12 (5/120)  t0=3184   rollout=  1.7s  avg= 1.7s/seq  elapsed=  0.1m  eta=  3.2m
[run] meanflow  k=1/10 seq=6/12 (6/120)  t0=3980   rollout=  1.7s  avg= 1.7s/seq  elapsed=  0.2m  eta=  3.2m
[run] meanflow  k=1/10 seq=7/12 (7/120)  t0=4776   rollout=  1.7s  avg= 1.7s/seq  elapsed=  0.2m  eta=  3.2m
[run] meanflow  k=1/10 seq=8/12 (8/120)  t0=5572   rollout=  1.7s  avg= 1.7s/seq  elapsed=  0.2m  eta=  3.1m
[run] meanflow  k=1/10 seq=9/12 (9/120)  t0=6368   rollout=  1.7s  avg= 1.7s/seq  elapsed=  0.3m  eta=  3.1m
[run] meanflow  k=1/10 seq=10/12 (10/120)  t0=7164   rollout=  1.7s  avg= 1.7s/seq  elapsed=  0.3m  eta=  3.1m
[run] meanflow  k=1/10 seq=11/12 (11/120)  t0=7960   rollout=  1.8s  avg= 1.7s/seq  elapsed=  0.3m  eta=  3.1m
[run] meanflow  k=1/10 seq=12/12 (12/120)  t0=8757   rollout=  1.7s  avg= 1.7s/seq  elapsed=  0.3m  eta=  3.0m
[run] meanflow  k=2/10 seq=1/12 (13/120)  t0=0      rollout=  1.7s  avg= 1.7s/seq  elapsed=  0.4m  eta=  3.0m
[run] meanflow  k=2/10 seq=2/12 (14/120)  t0=796    rollout=  1.7s  avg= 1.7s/seq  elapsed=  0.4m  eta=  3.0m
[run] meanflow  k=2/10 seq=3/12 (15/120)  t0=1592   rollout=  1.7s  avg= 1.7s/seq  elapsed=  0.4m  eta=  3.0m
[run] meanflow  k=2/10 seq=4/12 (16/120)  t0=2388   rollout=  1.7s  avg= 1.7s/seq  elapsed=  0.4m  eta=  2.9m
[run] meanflow  k=2/10 seq=5/12 (17/120)  t0=3184   rollout=  1.7s  avg= 1.7s/seq  elapsed=  0.5m  eta=  2.9m
[run] meanflow  k=2/10 seq=6/12 (18/120)  t0=3980   rollout=  1.7s  avg= 1.7s/seq  elapsed=  0.5m  eta=  2.9m
[run] meanflow  k=2/10 seq=7/12 (19/120)  t0=4776   rollout=  1.7s  avg= 1.7s/seq  elapsed=  0.5m  eta=  2.8m
[run] meanflow  k=2/10 seq=8/12 (20/120)  t0=5572   rollout=  1.7s  avg= 1.7s/seq  elapsed=  0.6m  eta=  2.8m
[run] meanflow  k=2/10 seq=9/12 (21/120)  t0=6368   rollout=  1.6s  avg= 1.7s/seq  elapsed=  0.6m  eta=  2.8m
[run] meanflow  k=2/10 seq=10/12 (22/120)  t0=7164   rollout=  1.7s  avg= 1.7s/seq  elapsed=  0.6m  eta=  2.7m
[run] meanflow  k=2/10 seq=11/12 (23/120)  t0=7960   rollout=  1.6s  avg= 1.7s/seq  elapsed=  0.6m  eta=  2.7m
[run] meanflow  k=2/10 seq=12/12 (24/120)  t0=8757   rollout=  1.7s  avg= 1.7s/seq  elapsed=  0.7m  eta=  2.7m
[run] meanflow  k=3/10 seq=1/12 (25/120)  t0=0      rollout=  1.7s  avg= 1.7s/seq  elapsed=  0.7m  eta=  2.7m
[run] meanflow  k=3/10 seq=2/12 (26/120)  t0=796    rollout=  1.7s  avg= 1.7s/seq  elapsed=  0.7m  eta=  2.6m
[run] meanflow  k=3/10 seq=3/12 (27/120)  t0=1592   rollout=  1.7s  avg= 1.7s/seq  elapsed=  0.8m  eta=  2.6m
[run] meanflow  k=3/10 seq=4/12 (28/120)  t0=2388   rollout=  1.7s  avg= 1.7s/seq  elapsed=  0.8m  eta=  2.6m
[run] meanflow  k=3/10 seq=5/12 (29/120)  t0=3184   rollout=  1.7s  avg= 1.7s/seq  elapsed=  0.8m  eta=  2.5m
[run] meanflow  k=3/10 seq=6/12 (30/120)  t0=3980   rollout=  1.7s  avg= 1.7s/seq  elapsed=  0.8m  eta=  2.5m
[run] meanflow  k=3/10 seq=7/12 (31/120)  t0=4776   rollout=  1.7s  avg= 1.7s/seq  elapsed=  0.9m  eta=  2.5m
[run] meanflow  k=3/10 seq=8/12 (32/120)  t0=5572   rollout=  1.7s  avg= 1.7s/seq  elapsed=  0.9m  eta=  2.5m
[run] meanflow  k=3/10 seq=9/12 (33/120)  t0=6368   rollout=  1.7s  avg= 1.7s/seq  elapsed=  0.9m  eta=  2.4m
[run] meanflow  k=3/10 seq=10/12 (34/120)  t0=7164   rollout=  1.7s  avg= 1.7s/seq  elapsed=  1.0m  eta=  2.4m
[run] meanflow  k=3/10 seq=11/12 (35/120)  t0=7960   rollout=  1.7s  avg= 1.7s/seq  elapsed=  1.0m  eta=  2.4m
[run] meanflow  k=3/10 seq=12/12 (36/120)  t0=8757   rollout=  1.7s  avg= 1.7s/seq  elapsed=  1.0m  eta=  2.4m
[run] meanflow  k=4/10 seq=1/12 (37/120)  t0=0      rollout=  1.7s  avg= 1.7s/seq  elapsed=  1.0m  eta=  2.3m
[run] meanflow  k=4/10 seq=2/12 (38/120)  t0=796    rollout=  1.7s  avg= 1.7s/seq  elapsed=  1.1m  eta=  2.3m
[run] meanflow  k=4/10 seq=3/12 (39/120)  t0=1592   rollout=  1.7s  avg= 1.7s/seq  elapsed=  1.1m  eta=  2.3m
[run] meanflow  k=4/10 seq=4/12 (40/120)  t0=2388   rollout=  1.7s  avg= 1.7s/seq  elapsed=  1.1m  eta=  2.2m
[run] meanflow  k=4/10 seq=5/12 (41/120)  t0=3184   rollout=  1.7s  avg= 1.7s/seq  elapsed=  1.2m  eta=  2.2m
[run] meanflow  k=4/10 seq=6/12 (42/120)  t0=3980   rollout=  1.7s  avg= 1.7s/seq  elapsed=  1.2m  eta=  2.2m
[run] meanflow  k=4/10 seq=7/12 (43/120)  t0=4776   rollout=  1.7s  avg= 1.7s/seq  elapsed=  1.2m  eta=  2.2m
[run] meanflow  k=4/10 seq=8/12 (44/120)  t0=5572   rollout=  1.7s  avg= 1.7s/seq  elapsed=  1.2m  eta=  2.1m
[run] meanflow  k=4/10 seq=9/12 (45/120)  t0=6368   rollout=  1.7s  avg= 1.7s/seq  elapsed=  1.3m  eta=  2.1m
[run] meanflow  k=4/10 seq=10/12 (46/120)  t0=7164   rollout=  1.7s  avg= 1.7s/seq  elapsed=  1.3m  eta=  2.1m
[run] meanflow  k=4/10 seq=11/12 (47/120)  t0=7960   rollout=  1.7s  avg= 1.7s/seq  elapsed=  1.3m  eta=  2.0m
[run] meanflow  k=4/10 seq=12/12 (48/120)  t0=8757   rollout=  1.7s  avg= 1.7s/seq  elapsed=  1.3m  eta=  2.0m
[run] meanflow  k=5/10 seq=1/12 (49/120)  t0=0      rollout=  1.7s  avg= 1.7s/seq  elapsed=  1.4m  eta=  2.0m
[run] meanflow  k=5/10 seq=2/12 (50/120)  t0=796    rollout=  1.7s  avg= 1.7s/seq  elapsed=  1.4m  eta=  2.0m
[run] meanflow  k=5/10 seq=3/12 (51/120)  t0=1592   rollout=  1.7s  avg= 1.7s/seq  elapsed=  1.4m  eta=  1.9m
[run] meanflow  k=5/10 seq=4/12 (52/120)  t0=2388   rollout=  1.7s  avg= 1.7s/seq  elapsed=  1.5m  eta=  1.9m
[run] meanflow  k=5/10 seq=5/12 (53/120)  t0=3184   rollout=  1.7s  avg= 1.7s/seq  elapsed=  1.5m  eta=  1.9m
[run] meanflow  k=5/10 seq=6/12 (54/120)  t0=3980   rollout=  1.6s  avg= 1.7s/seq  elapsed=  1.5m  eta=  1.8m
[run] meanflow  k=5/10 seq=7/12 (55/120)  t0=4776   rollout=  1.7s  avg= 1.7s/seq  elapsed=  1.5m  eta=  1.8m
[run] meanflow  k=5/10 seq=8/12 (56/120)  t0=5572   rollout=  1.7s  avg= 1.7s/seq  elapsed=  1.6m  eta=  1.8m
[run] meanflow  k=5/10 seq=9/12 (57/120)  t0=6368   rollout=  1.7s  avg= 1.7s/seq  elapsed=  1.6m  eta=  1.8m
[run] meanflow  k=5/10 seq=10/12 (58/120)  t0=7164   rollout=  1.7s  avg= 1.7s/seq  elapsed=  1.6m  eta=  1.7m
[run] meanflow  k=5/10 seq=11/12 (59/120)  t0=7960   rollout=  1.7s  avg= 1.7s/seq  elapsed=  1.7m  eta=  1.7m
[run] meanflow  k=5/10 seq=12/12 (60/120)  t0=8757   rollout=  1.8s  avg= 1.7s/seq  elapsed=  1.7m  eta=  1.7m
[run] meanflow  k=6/10 seq=1/12 (61/120)  t0=0      rollout=  1.7s  avg= 1.7s/seq  elapsed=  1.7m  eta=  1.7m
[run] meanflow  k=6/10 seq=2/12 (62/120)  t0=796    rollout=  1.7s  avg= 1.7s/seq  elapsed=  1.7m  eta=  1.6m
[run] meanflow  k=6/10 seq=3/12 (63/120)  t0=1592   rollout=  1.7s  avg= 1.7s/seq  elapsed=  1.8m  eta=  1.6m
[run] meanflow  k=6/10 seq=4/12 (64/120)  t0=2388   rollout=  1.7s  avg= 1.7s/seq  elapsed=  1.8m  eta=  1.6m
[run] meanflow  k=6/10 seq=5/12 (65/120)  t0=3184   rollout=  1.7s  avg= 1.7s/seq  elapsed=  1.8m  eta=  1.5m
[run] meanflow  k=6/10 seq=6/12 (66/120)  t0=3980   rollout=  1.7s  avg= 1.7s/seq  elapsed=  1.9m  eta=  1.5m
[run] meanflow  k=6/10 seq=7/12 (67/120)  t0=4776   rollout=  1.7s  avg= 1.7s/seq  elapsed=  1.9m  eta=  1.5m
[run] meanflow  k=6/10 seq=8/12 (68/120)  t0=5572   rollout=  1.7s  avg= 1.7s/seq  elapsed=  1.9m  eta=  1.5m
[run] meanflow  k=6/10 seq=9/12 (69/120)  t0=6368   rollout=  1.7s  avg= 1.7s/seq  elapsed=  1.9m  eta=  1.4m
[run] meanflow  k=6/10 seq=10/12 (70/120)  t0=7164   rollout=  1.7s  avg= 1.7s/seq  elapsed=  2.0m  eta=  1.4m
[run] meanflow  k=6/10 seq=11/12 (71/120)  t0=7960   rollout=  1.7s  avg= 1.7s/seq  elapsed=  2.0m  eta=  1.4m
[run] meanflow  k=6/10 seq=12/12 (72/120)  t0=8757   rollout=  1.7s  avg= 1.7s/seq  elapsed=  2.0m  eta=  1.4m
[run] meanflow  k=7/10 seq=1/12 (73/120)  t0=0      rollout=  1.7s  avg= 1.7s/seq  elapsed=  2.1m  eta=  1.3m
[run] meanflow  k=7/10 seq=2/12 (74/120)  t0=796    rollout=  1.7s  avg= 1.7s/seq  elapsed=  2.1m  eta=  1.3m
[run] meanflow  k=7/10 seq=3/12 (75/120)  t0=1592   rollout=  1.7s  avg= 1.7s/seq  elapsed=  2.1m  eta=  1.3m
[run] meanflow  k=7/10 seq=4/12 (76/120)  t0=2388   rollout=  1.7s  avg= 1.7s/seq  elapsed=  2.1m  eta=  1.2m
[run] meanflow  k=7/10 seq=5/12 (77/120)  t0=3184   rollout=  1.7s  avg= 1.7s/seq  elapsed=  2.2m  eta=  1.2m
[run] meanflow  k=7/10 seq=6/12 (78/120)  t0=3980   rollout=  1.7s  avg= 1.7s/seq  elapsed=  2.2m  eta=  1.2m
[run] meanflow  k=7/10 seq=7/12 (79/120)  t0=4776   rollout=  1.7s  avg= 1.7s/seq  elapsed=  2.2m  eta=  1.2m
[run] meanflow  k=7/10 seq=8/12 (80/120)  t0=5572   rollout=  1.7s  avg= 1.7s/seq  elapsed=  2.3m  eta=  1.1m
[run] meanflow  k=7/10 seq=9/12 (81/120)  t0=6368   rollout=  1.7s  avg= 1.7s/seq  elapsed=  2.3m  eta=  1.1m
[run] meanflow  k=7/10 seq=10/12 (82/120)  t0=7164   rollout=  1.7s  avg= 1.7s/seq  elapsed=  2.3m  eta=  1.1m
[run] meanflow  k=7/10 seq=11/12 (83/120)  t0=7960   rollout=  1.7s  avg= 1.7s/seq  elapsed=  2.3m  eta=  1.0m
[run] meanflow  k=7/10 seq=12/12 (84/120)  t0=8757   rollout=  1.8s  avg= 1.7s/seq  elapsed=  2.4m  eta=  1.0m
[run] meanflow  k=8/10 seq=1/12 (85/120)  t0=0      rollout=  1.7s  avg= 1.7s/seq  elapsed=  2.4m  eta=  1.0m
[run] meanflow  k=8/10 seq=2/12 (86/120)  t0=796    rollout=  1.7s  avg= 1.7s/seq  elapsed=  2.4m  eta=  1.0m
[run] meanflow  k=8/10 seq=3/12 (87/120)  t0=1592   rollout=  1.7s  avg= 1.7s/seq  elapsed=  2.5m  eta=  0.9m
[run] meanflow  k=8/10 seq=4/12 (88/120)  t0=2388   rollout=  1.8s  avg= 1.7s/seq  elapsed=  2.5m  eta=  0.9m
[run] meanflow  k=8/10 seq=5/12 (89/120)  t0=3184   rollout=  1.8s  avg= 1.7s/seq  elapsed=  2.5m  eta=  0.9m
[run] meanflow  k=8/10 seq=6/12 (90/120)  t0=3980   rollout=  1.7s  avg= 1.7s/seq  elapsed=  2.5m  eta=  0.8m
[run] meanflow  k=8/10 seq=7/12 (91/120)  t0=4776   rollout=  1.7s  avg= 1.7s/seq  elapsed=  2.6m  eta=  0.8m
[run] meanflow  k=8/10 seq=8/12 (92/120)  t0=5572   rollout=  1.7s  avg= 1.7s/seq  elapsed=  2.6m  eta=  0.8m
[run] meanflow  k=8/10 seq=9/12 (93/120)  t0=6368   rollout=  1.7s  avg= 1.7s/seq  elapsed=  2.6m  eta=  0.8m
[run] meanflow  k=8/10 seq=10/12 (94/120)  t0=7164   rollout=  1.7s  avg= 1.7s/seq  elapsed=  2.7m  eta=  0.7m
[run] meanflow  k=8/10 seq=11/12 (95/120)  t0=7960   rollout=  1.7s  avg= 1.7s/seq  elapsed=  2.7m  eta=  0.7m
[run] meanflow  k=8/10 seq=12/12 (96/120)  t0=8757   rollout=  1.7s  avg= 1.7s/seq  elapsed=  2.7m  eta=  0.7m
[run] meanflow  k=9/10 seq=1/12 (97/120)  t0=0      rollout=  1.7s  avg= 1.7s/seq  elapsed=  2.7m  eta=  0.6m
[run] meanflow  k=9/10 seq=2/12 (98/120)  t0=796    rollout=  1.7s  avg= 1.7s/seq  elapsed=  2.8m  eta=  0.6m
[run] meanflow  k=9/10 seq=3/12 (99/120)  t0=1592   rollout=  1.7s  avg= 1.7s/seq  elapsed=  2.8m  eta=  0.6m
[run] meanflow  k=9/10 seq=4/12 (100/120)  t0=2388   rollout=  1.7s  avg= 1.7s/seq  elapsed=  2.8m  eta=  0.6m
[run] meanflow  k=9/10 seq=5/12 (101/120)  t0=3184   rollout=  1.8s  avg= 1.7s/seq  elapsed=  2.9m  eta=  0.5m
[run] meanflow  k=9/10 seq=6/12 (102/120)  t0=3980   rollout=  1.7s  avg= 1.7s/seq  elapsed=  2.9m  eta=  0.5m
[run] meanflow  k=9/10 seq=7/12 (103/120)  t0=4776   rollout=  1.7s  avg= 1.7s/seq  elapsed=  2.9m  eta=  0.5m
[run] meanflow  k=9/10 seq=8/12 (104/120)  t0=5572   rollout=  1.7s  avg= 1.7s/seq  elapsed=  2.9m  eta=  0.5m
[run] meanflow  k=9/10 seq=9/12 (105/120)  t0=6368   rollout=  1.7s  avg= 1.7s/seq  elapsed=  3.0m  eta=  0.4m
[run] meanflow  k=9/10 seq=10/12 (106/120)  t0=7164   rollout=  1.7s  avg= 1.7s/seq  elapsed=  3.0m  eta=  0.4m
[run] meanflow  k=9/10 seq=11/12 (107/120)  t0=7960   rollout=  1.7s  avg= 1.7s/seq  elapsed=  3.0m  eta=  0.4m
[run] meanflow  k=9/10 seq=12/12 (108/120)  t0=8757   rollout=  1.7s  avg= 1.7s/seq  elapsed=  3.1m  eta=  0.3m
[run] meanflow  k=10/10 seq=1/12 (109/120)  t0=0      rollout=  1.7s  avg= 1.7s/seq  elapsed=  3.1m  eta=  0.3m
[run] meanflow  k=10/10 seq=2/12 (110/120)  t0=796    rollout=  1.7s  avg= 1.7s/seq  elapsed=  3.1m  eta=  0.3m
[run] meanflow  k=10/10 seq=3/12 (111/120)  t0=1592   rollout=  1.7s  avg= 1.7s/seq  elapsed=  3.1m  eta=  0.3m
[run] meanflow  k=10/10 seq=4/12 (112/120)  t0=2388   rollout=  1.7s  avg= 1.7s/seq  elapsed=  3.2m  eta=  0.2m
[run] meanflow  k=10/10 seq=5/12 (113/120)  t0=3184   rollout=  1.7s  avg= 1.7s/seq  elapsed=  3.2m  eta=  0.2m
[run] meanflow  k=10/10 seq=6/12 (114/120)  t0=3980   rollout=  1.7s  avg= 1.7s/seq  elapsed=  3.2m  eta=  0.2m
[run] meanflow  k=10/10 seq=7/12 (115/120)  t0=4776   rollout=  1.7s  avg= 1.7s/seq  elapsed=  3.2m  eta=  0.1m
[run] meanflow  k=10/10 seq=8/12 (116/120)  t0=5572   rollout=  1.7s  avg= 1.7s/seq  elapsed=  3.3m  eta=  0.1m
[run] meanflow  k=10/10 seq=9/12 (117/120)  t0=6368   rollout=  1.6s  avg= 1.7s/seq  elapsed=  3.3m  eta=  0.1m
[run] meanflow  k=10/10 seq=10/12 (118/120)  t0=7164   rollout=  1.7s  avg= 1.7s/seq  elapsed=  3.3m  eta=  0.1m
[run] meanflow  k=10/10 seq=11/12 (119/120)  t0=7960   rollout=  1.7s  avg= 1.7s/seq  elapsed=  3.4m  eta=  0.0m
[run] meanflow  k=10/10 seq=12/12 (120/120)  t0=8757   rollout=  1.7s  avg= 1.7s/seq  elapsed=  3.4m  eta=  0.0m
[run] meanflow ensemble finished in 3.4m
[2026-06-12 12:04:18] [nfe_sweep] NFE= 40  t/seq= 1.69s  CRPS-qpepre=0.1176  CSI-M=0.3021  RMSE-qpepre=0.5538  NFE-elapsed=3.4m
| method | Time/Seq.(s) | CRPS↓ | CSI-M↑ | CSI-P16↑ | FSS-P16-M↑ | HSS-M↑ | FAR-M↓ | RMSE_u10↓ | RMSE_v10↓ | RMSE_t2m↓ | RMSE_qpepre↓ |
|---|---|---|---|---|---|---|---|---|---|---|---|
| meanflow | 1.690 | 0.2836 | 0.3021 | 0.2344 | 0.3767 | 0.4066 | 0.2827 | 0.8356 | 0.8289 | 0.3933 | 0.5538 |

================================================================
[2026-06-12 12:04:18] NFE = 50   (15/15)
================================================================
[run] meanflow ensemble starting: K=10 x S=12 x T=1 = 120 sequence-rollouts
[run] meanflow  k=1/10 seq=1/12 (1/120)  t0=0      rollout=  2.1s  avg= 2.1s/seq  elapsed=  0.0m  eta=  4.1m
[run] meanflow  k=1/10 seq=2/12 (2/120)  t0=796    rollout=  2.0s  avg= 2.1s/seq  elapsed=  0.1m  eta=  4.0m
[run] meanflow  k=1/10 seq=3/12 (3/120)  t0=1592   rollout=  2.1s  avg= 2.1s/seq  elapsed=  0.1m  eta=  4.0m
[run] meanflow  k=1/10 seq=4/12 (4/120)  t0=2388   rollout=  2.1s  avg= 2.1s/seq  elapsed=  0.1m  eta=  4.0m
[run] meanflow  k=1/10 seq=5/12 (5/120)  t0=3184   rollout=  2.1s  avg= 2.1s/seq  elapsed=  0.2m  eta=  4.0m
[run] meanflow  k=1/10 seq=6/12 (6/120)  t0=3980   rollout=  2.1s  avg= 2.1s/seq  elapsed=  0.2m  eta=  3.9m
[run] meanflow  k=1/10 seq=7/12 (7/120)  t0=4776   rollout=  2.1s  avg= 2.1s/seq  elapsed=  0.2m  eta=  3.9m
[run] meanflow  k=1/10 seq=8/12 (8/120)  t0=5572   rollout=  2.1s  avg= 2.1s/seq  elapsed=  0.3m  eta=  3.9m
[run] meanflow  k=1/10 seq=9/12 (9/120)  t0=6368   rollout=  2.1s  avg= 2.1s/seq  elapsed=  0.3m  eta=  3.8m
[run] meanflow  k=1/10 seq=10/12 (10/120)  t0=7164   rollout=  2.1s  avg= 2.1s/seq  elapsed=  0.3m  eta=  3.8m
[run] meanflow  k=1/10 seq=11/12 (11/120)  t0=7960   rollout=  2.1s  avg= 2.1s/seq  elapsed=  0.4m  eta=  3.8m
[run] meanflow  k=1/10 seq=12/12 (12/120)  t0=8757   rollout=  2.2s  avg= 2.1s/seq  elapsed=  0.4m  eta=  3.8m
[run] meanflow  k=2/10 seq=1/12 (13/120)  t0=0      rollout=  2.1s  avg= 2.1s/seq  elapsed=  0.5m  eta=  3.7m
[run] meanflow  k=2/10 seq=2/12 (14/120)  t0=796    rollout=  2.2s  avg= 2.1s/seq  elapsed=  0.5m  eta=  3.7m
[run] meanflow  k=2/10 seq=3/12 (15/120)  t0=1592   rollout=  2.1s  avg= 2.1s/seq  elapsed=  0.5m  eta=  3.7m
[run] meanflow  k=2/10 seq=4/12 (16/120)  t0=2388   rollout=  2.1s  avg= 2.1s/seq  elapsed=  0.6m  eta=  3.6m
[run] meanflow  k=2/10 seq=5/12 (17/120)  t0=3184   rollout=  2.1s  avg= 2.1s/seq  elapsed=  0.6m  eta=  3.6m
[run] meanflow  k=2/10 seq=6/12 (18/120)  t0=3980   rollout=  2.1s  avg= 2.1s/seq  elapsed=  0.6m  eta=  3.6m
[run] meanflow  k=2/10 seq=7/12 (19/120)  t0=4776   rollout=  2.1s  avg= 2.1s/seq  elapsed=  0.7m  eta=  3.5m
[run] meanflow  k=2/10 seq=8/12 (20/120)  t0=5572   rollout=  2.1s  avg= 2.1s/seq  elapsed=  0.7m  eta=  3.5m
[run] meanflow  k=2/10 seq=9/12 (21/120)  t0=6368   rollout=  2.1s  avg= 2.1s/seq  elapsed=  0.7m  eta=  3.5m
[run] meanflow  k=2/10 seq=10/12 (22/120)  t0=7164   rollout=  2.1s  avg= 2.1s/seq  elapsed=  0.8m  eta=  3.4m
[run] meanflow  k=2/10 seq=11/12 (23/120)  t0=7960   rollout=  2.1s  avg= 2.1s/seq  elapsed=  0.8m  eta=  3.4m
[run] meanflow  k=2/10 seq=12/12 (24/120)  t0=8757   rollout=  2.1s  avg= 2.1s/seq  elapsed=  0.8m  eta=  3.4m
[run] meanflow  k=3/10 seq=1/12 (25/120)  t0=0      rollout=  2.1s  avg= 2.1s/seq  elapsed=  0.9m  eta=  3.3m
[run] meanflow  k=3/10 seq=2/12 (26/120)  t0=796    rollout=  2.1s  avg= 2.1s/seq  elapsed=  0.9m  eta=  3.3m
[run] meanflow  k=3/10 seq=3/12 (27/120)  t0=1592   rollout=  2.1s  avg= 2.1s/seq  elapsed=  0.9m  eta=  3.3m
[run] meanflow  k=3/10 seq=4/12 (28/120)  t0=2388   rollout=  2.1s  avg= 2.1s/seq  elapsed=  1.0m  eta=  3.2m
[run] meanflow  k=3/10 seq=5/12 (29/120)  t0=3184   rollout=  2.1s  avg= 2.1s/seq  elapsed=  1.0m  eta=  3.2m
[run] meanflow  k=3/10 seq=6/12 (30/120)  t0=3980   rollout=  2.1s  avg= 2.1s/seq  elapsed=  1.1m  eta=  3.2m
[run] meanflow  k=3/10 seq=7/12 (31/120)  t0=4776   rollout=  2.1s  avg= 2.1s/seq  elapsed=  1.1m  eta=  3.1m
[run] meanflow  k=3/10 seq=8/12 (32/120)  t0=5572   rollout=  2.1s  avg= 2.1s/seq  elapsed=  1.1m  eta=  3.1m
[run] meanflow  k=3/10 seq=9/12 (33/120)  t0=6368   rollout=  2.1s  avg= 2.1s/seq  elapsed=  1.2m  eta=  3.1m
[run] meanflow  k=3/10 seq=10/12 (34/120)  t0=7164   rollout=  2.1s  avg= 2.1s/seq  elapsed=  1.2m  eta=  3.0m
[run] meanflow  k=3/10 seq=11/12 (35/120)  t0=7960   rollout=  2.1s  avg= 2.1s/seq  elapsed=  1.2m  eta=  3.0m
[run] meanflow  k=3/10 seq=12/12 (36/120)  t0=8757   rollout=  2.2s  avg= 2.1s/seq  elapsed=  1.3m  eta=  3.0m
[run] meanflow  k=4/10 seq=1/12 (37/120)  t0=0      rollout=  2.2s  avg= 2.1s/seq  elapsed=  1.3m  eta=  2.9m
[run] meanflow  k=4/10 seq=2/12 (38/120)  t0=796    rollout=  2.1s  avg= 2.1s/seq  elapsed=  1.3m  eta=  2.9m
[run] meanflow  k=4/10 seq=3/12 (39/120)  t0=1592   rollout=  2.1s  avg= 2.1s/seq  elapsed=  1.4m  eta=  2.8m
[run] meanflow  k=4/10 seq=4/12 (40/120)  t0=2388   rollout=  2.2s  avg= 2.1s/seq  elapsed=  1.4m  eta=  2.8m
[run] meanflow  k=4/10 seq=5/12 (41/120)  t0=3184   rollout=  2.1s  avg= 2.1s/seq  elapsed=  1.4m  eta=  2.8m
[run] meanflow  k=4/10 seq=6/12 (42/120)  t0=3980   rollout=  2.1s  avg= 2.1s/seq  elapsed=  1.5m  eta=  2.7m
[run] meanflow  k=4/10 seq=7/12 (43/120)  t0=4776   rollout=  2.0s  avg= 2.1s/seq  elapsed=  1.5m  eta=  2.7m
[run] meanflow  k=4/10 seq=8/12 (44/120)  t0=5572   rollout=  2.1s  avg= 2.1s/seq  elapsed=  1.5m  eta=  2.7m
[run] meanflow  k=4/10 seq=9/12 (45/120)  t0=6368   rollout=  2.1s  avg= 2.1s/seq  elapsed=  1.6m  eta=  2.6m
[run] meanflow  k=4/10 seq=10/12 (46/120)  t0=7164   rollout=  2.0s  avg= 2.1s/seq  elapsed=  1.6m  eta=  2.6m
[run] meanflow  k=4/10 seq=11/12 (47/120)  t0=7960   rollout=  2.1s  avg= 2.1s/seq  elapsed=  1.6m  eta=  2.6m
[run] meanflow  k=4/10 seq=12/12 (48/120)  t0=8757   rollout=  2.0s  avg= 2.1s/seq  elapsed=  1.7m  eta=  2.5m
[run] meanflow  k=5/10 seq=1/12 (49/120)  t0=0      rollout=  2.1s  avg= 2.1s/seq  elapsed=  1.7m  eta=  2.5m
[run] meanflow  k=5/10 seq=2/12 (50/120)  t0=796    rollout=  2.0s  avg= 2.1s/seq  elapsed=  1.7m  eta=  2.4m
[run] meanflow  k=5/10 seq=3/12 (51/120)  t0=1592   rollout=  2.1s  avg= 2.1s/seq  elapsed=  1.8m  eta=  2.4m
[run] meanflow  k=5/10 seq=4/12 (52/120)  t0=2388   rollout=  2.1s  avg= 2.1s/seq  elapsed=  1.8m  eta=  2.4m
[run] meanflow  k=5/10 seq=5/12 (53/120)  t0=3184   rollout=  2.1s  avg= 2.1s/seq  elapsed=  1.9m  eta=  2.3m
[run] meanflow  k=5/10 seq=6/12 (54/120)  t0=3980   rollout=  2.1s  avg= 2.1s/seq  elapsed=  1.9m  eta=  2.3m
[run] meanflow  k=5/10 seq=7/12 (55/120)  t0=4776   rollout=  2.1s  avg= 2.1s/seq  elapsed=  1.9m  eta=  2.3m
[run] meanflow  k=5/10 seq=8/12 (56/120)  t0=5572   rollout=  2.1s  avg= 2.1s/seq  elapsed=  2.0m  eta=  2.2m
[run] meanflow  k=5/10 seq=9/12 (57/120)  t0=6368   rollout=  2.1s  avg= 2.1s/seq  elapsed=  2.0m  eta=  2.2m
[run] meanflow  k=5/10 seq=10/12 (58/120)  t0=7164   rollout=  2.1s  avg= 2.1s/seq  elapsed=  2.0m  eta=  2.2m
[run] meanflow  k=5/10 seq=11/12 (59/120)  t0=7960   rollout=  2.1s  avg= 2.1s/seq  elapsed=  2.1m  eta=  2.1m
[run] meanflow  k=5/10 seq=12/12 (60/120)  t0=8757   rollout=  2.1s  avg= 2.1s/seq  elapsed=  2.1m  eta=  2.1m
[run] meanflow  k=6/10 seq=1/12 (61/120)  t0=0      rollout=  2.1s  avg= 2.1s/seq  elapsed=  2.1m  eta=  2.1m
[run] meanflow  k=6/10 seq=2/12 (62/120)  t0=796    rollout=  2.1s  avg= 2.1s/seq  elapsed=  2.2m  eta=  2.0m
[run] meanflow  k=6/10 seq=3/12 (63/120)  t0=1592   rollout=  2.1s  avg= 2.1s/seq  elapsed=  2.2m  eta=  2.0m
[run] meanflow  k=6/10 seq=4/12 (64/120)  t0=2388   rollout=  2.1s  avg= 2.1s/seq  elapsed=  2.2m  eta=  2.0m
[run] meanflow  k=6/10 seq=5/12 (65/120)  t0=3184   rollout=  2.1s  avg= 2.1s/seq  elapsed=  2.3m  eta=  1.9m
[run] meanflow  k=6/10 seq=6/12 (66/120)  t0=3980   rollout=  2.1s  avg= 2.1s/seq  elapsed=  2.3m  eta=  1.9m
[run] meanflow  k=6/10 seq=7/12 (67/120)  t0=4776   rollout=  2.1s  avg= 2.1s/seq  elapsed=  2.3m  eta=  1.9m
[run] meanflow  k=6/10 seq=8/12 (68/120)  t0=5572   rollout=  2.1s  avg= 2.1s/seq  elapsed=  2.4m  eta=  1.8m
[run] meanflow  k=6/10 seq=9/12 (69/120)  t0=6368   rollout=  2.1s  avg= 2.1s/seq  elapsed=  2.4m  eta=  1.8m
[run] meanflow  k=6/10 seq=10/12 (70/120)  t0=7164   rollout=  2.1s  avg= 2.1s/seq  elapsed=  2.5m  eta=  1.8m
[run] meanflow  k=6/10 seq=11/12 (71/120)  t0=7960   rollout=  2.1s  avg= 2.1s/seq  elapsed=  2.5m  eta=  1.7m
[run] meanflow  k=6/10 seq=12/12 (72/120)  t0=8757   rollout=  2.1s  avg= 2.1s/seq  elapsed=  2.5m  eta=  1.7m
[run] meanflow  k=7/10 seq=1/12 (73/120)  t0=0      rollout=  2.1s  avg= 2.1s/seq  elapsed=  2.6m  eta=  1.6m
[run] meanflow  k=7/10 seq=2/12 (74/120)  t0=796    rollout=  2.1s  avg= 2.1s/seq  elapsed=  2.6m  eta=  1.6m
[run] meanflow  k=7/10 seq=3/12 (75/120)  t0=1592   rollout=  2.1s  avg= 2.1s/seq  elapsed=  2.6m  eta=  1.6m
[run] meanflow  k=7/10 seq=4/12 (76/120)  t0=2388   rollout=  2.1s  avg= 2.1s/seq  elapsed=  2.7m  eta=  1.5m
[run] meanflow  k=7/10 seq=5/12 (77/120)  t0=3184   rollout=  2.1s  avg= 2.1s/seq  elapsed=  2.7m  eta=  1.5m
[run] meanflow  k=7/10 seq=6/12 (78/120)  t0=3980   rollout=  2.1s  avg= 2.1s/seq  elapsed=  2.7m  eta=  1.5m
[run] meanflow  k=7/10 seq=7/12 (79/120)  t0=4776   rollout=  2.1s  avg= 2.1s/seq  elapsed=  2.8m  eta=  1.4m
[run] meanflow  k=7/10 seq=8/12 (80/120)  t0=5572   rollout=  2.1s  avg= 2.1s/seq  elapsed=  2.8m  eta=  1.4m
[run] meanflow  k=7/10 seq=9/12 (81/120)  t0=6368   rollout=  2.1s  avg= 2.1s/seq  elapsed=  2.8m  eta=  1.4m
[run] meanflow  k=7/10 seq=10/12 (82/120)  t0=7164   rollout=  2.1s  avg= 2.1s/seq  elapsed=  2.9m  eta=  1.3m
[run] meanflow  k=7/10 seq=11/12 (83/120)  t0=7960   rollout=  2.1s  avg= 2.1s/seq  elapsed=  2.9m  eta=  1.3m
[run] meanflow  k=7/10 seq=12/12 (84/120)  t0=8757   rollout=  2.1s  avg= 2.1s/seq  elapsed=  2.9m  eta=  1.3m
[run] meanflow  k=8/10 seq=1/12 (85/120)  t0=0      rollout=  2.1s  avg= 2.1s/seq  elapsed=  3.0m  eta=  1.2m
[run] meanflow  k=8/10 seq=2/12 (86/120)  t0=796    rollout=  2.1s  avg= 2.1s/seq  elapsed=  3.0m  eta=  1.2m
[run] meanflow  k=8/10 seq=3/12 (87/120)  t0=1592   rollout=  2.1s  avg= 2.1s/seq  elapsed=  3.0m  eta=  1.2m
[run] meanflow  k=8/10 seq=4/12 (88/120)  t0=2388   rollout=  2.1s  avg= 2.1s/seq  elapsed=  3.1m  eta=  1.1m
[run] meanflow  k=8/10 seq=5/12 (89/120)  t0=3184   rollout=  2.1s  avg= 2.1s/seq  elapsed=  3.1m  eta=  1.1m
[run] meanflow  k=8/10 seq=6/12 (90/120)  t0=3980   rollout=  2.1s  avg= 2.1s/seq  elapsed=  3.1m  eta=  1.0m
[run] meanflow  k=8/10 seq=7/12 (91/120)  t0=4776   rollout=  2.1s  avg= 2.1s/seq  elapsed=  3.2m  eta=  1.0m
[run] meanflow  k=8/10 seq=8/12 (92/120)  t0=5572   rollout=  2.1s  avg= 2.1s/seq  elapsed=  3.2m  eta=  1.0m
[run] meanflow  k=8/10 seq=9/12 (93/120)  t0=6368   rollout=  2.1s  avg= 2.1s/seq  elapsed=  3.3m  eta=  0.9m
[run] meanflow  k=8/10 seq=10/12 (94/120)  t0=7164   rollout=  2.1s  avg= 2.1s/seq  elapsed=  3.3m  eta=  0.9m
[run] meanflow  k=8/10 seq=11/12 (95/120)  t0=7960   rollout=  2.1s  avg= 2.1s/seq  elapsed=  3.3m  eta=  0.9m
[run] meanflow  k=8/10 seq=12/12 (96/120)  t0=8757   rollout=  2.1s  avg= 2.1s/seq  elapsed=  3.4m  eta=  0.8m
[run] meanflow  k=9/10 seq=1/12 (97/120)  t0=0      rollout=  2.1s  avg= 2.1s/seq  elapsed=  3.4m  eta=  0.8m
[run] meanflow  k=9/10 seq=2/12 (98/120)  t0=796    rollout=  2.1s  avg= 2.1s/seq  elapsed=  3.4m  eta=  0.8m
[run] meanflow  k=9/10 seq=3/12 (99/120)  t0=1592   rollout=  2.1s  avg= 2.1s/seq  elapsed=  3.5m  eta=  0.7m
[run] meanflow  k=9/10 seq=4/12 (100/120)  t0=2388   rollout=  2.1s  avg= 2.1s/seq  elapsed=  3.5m  eta=  0.7m
[run] meanflow  k=9/10 seq=5/12 (101/120)  t0=3184   rollout=  2.1s  avg= 2.1s/seq  elapsed=  3.5m  eta=  0.7m
[run] meanflow  k=9/10 seq=6/12 (102/120)  t0=3980   rollout=  2.1s  avg= 2.1s/seq  elapsed=  3.6m  eta=  0.6m
[run] meanflow  k=9/10 seq=7/12 (103/120)  t0=4776   rollout=  2.2s  avg= 2.1s/seq  elapsed=  3.6m  eta=  0.6m
[run] meanflow  k=9/10 seq=8/12 (104/120)  t0=5572   rollout=  2.1s  avg= 2.1s/seq  elapsed=  3.6m  eta=  0.6m
[run] meanflow  k=9/10 seq=9/12 (105/120)  t0=6368   rollout=  2.1s  avg= 2.1s/seq  elapsed=  3.7m  eta=  0.5m
[run] meanflow  k=9/10 seq=10/12 (106/120)  t0=7164   rollout=  2.1s  avg= 2.1s/seq  elapsed=  3.7m  eta=  0.5m
[run] meanflow  k=9/10 seq=11/12 (107/120)  t0=7960   rollout=  2.1s  avg= 2.1s/seq  elapsed=  3.7m  eta=  0.5m
[run] meanflow  k=9/10 seq=12/12 (108/120)  t0=8757   rollout=  2.1s  avg= 2.1s/seq  elapsed=  3.8m  eta=  0.4m
[run] meanflow  k=10/10 seq=1/12 (109/120)  t0=0      rollout=  2.1s  avg= 2.1s/seq  elapsed=  3.8m  eta=  0.4m
[run] meanflow  k=10/10 seq=2/12 (110/120)  t0=796    rollout=  2.1s  avg= 2.1s/seq  elapsed=  3.8m  eta=  0.3m
[run] meanflow  k=10/10 seq=3/12 (111/120)  t0=1592   rollout=  2.1s  avg= 2.1s/seq  elapsed=  3.9m  eta=  0.3m
[run] meanflow  k=10/10 seq=4/12 (112/120)  t0=2388   rollout=  2.1s  avg= 2.1s/seq  elapsed=  3.9m  eta=  0.3m
[run] meanflow  k=10/10 seq=5/12 (113/120)  t0=3184   rollout=  2.1s  avg= 2.1s/seq  elapsed=  4.0m  eta=  0.2m
[run] meanflow  k=10/10 seq=6/12 (114/120)  t0=3980   rollout=  2.1s  avg= 2.1s/seq  elapsed=  4.0m  eta=  0.2m
[run] meanflow  k=10/10 seq=7/12 (115/120)  t0=4776   rollout=  2.1s  avg= 2.1s/seq  elapsed=  4.0m  eta=  0.2m
[run] meanflow  k=10/10 seq=8/12 (116/120)  t0=5572   rollout=  2.1s  avg= 2.1s/seq  elapsed=  4.1m  eta=  0.1m
[run] meanflow  k=10/10 seq=9/12 (117/120)  t0=6368   rollout=  2.1s  avg= 2.1s/seq  elapsed=  4.1m  eta=  0.1m
[run] meanflow  k=10/10 seq=10/12 (118/120)  t0=7164   rollout=  2.1s  avg= 2.1s/seq  elapsed=  4.1m  eta=  0.1m
[run] meanflow  k=10/10 seq=11/12 (119/120)  t0=7960   rollout=  2.1s  avg= 2.1s/seq  elapsed=  4.2m  eta=  0.0m
[run] meanflow  k=10/10 seq=12/12 (120/120)  t0=8757   rollout=  2.1s  avg= 2.1s/seq  elapsed=  4.2m  eta=  0.0m
[run] meanflow ensemble finished in 4.2m
[2026-06-12 12:08:30] [nfe_sweep] NFE= 50  t/seq= 2.10s  CRPS-qpepre=0.1178  CSI-M=0.3161  RMSE-qpepre=0.5524  NFE-elapsed=4.2m
| method | Time/Seq.(s) | CRPS↓ | CSI-M↑ | CSI-P16↑ | FSS-P16-M↑ | HSS-M↑ | FAR-M↓ | RMSE_u10↓ | RMSE_v10↓ | RMSE_t2m↓ | RMSE_qpepre↓ |
|---|---|---|---|---|---|---|---|---|---|---|---|
| meanflow | 2.095 | 0.2845 | 0.3161 | 0.2879 | 0.4738 | 0.4248 | 0.2894 | 0.8359 | 0.8237 | 0.3914 | 0.5524 |

================================================================
[2026-06-12 12:08:30] sweep finished in 21.9 min
================================================================
[2026-06-12 12:08:30] [nfe_sweep] rendering plots ...
[2026-06-12 12:08:32] [nfe_sweep] done -- outputs under /home3/davidlcs/Econ-Rag/Local_LLM/test_meeting/Stormcast-Distilation/experiment_scripts/results/meanflow_nfe_sweep
[2026-06-12 12:08:32] [nfe_sweep]   table : nfe_sweep.{csv,md}
[2026-06-12 12:08:32] [nfe_sweep]   plots : plot_quality_vs_nfe.png  plot_time_vs_nfe.png  plot_pareto.png
[2026-06-12 12:08:32] [nfe_sweep]   detail: nfe_<NFE>/scoreboard.{md,csv} + per_threshold.csv + rmse_per_channel.csv
